experiment_id,timestamp,src_switch,dst_switch,loss_mean_30s,tx_dropped_max,control_plane_rtt_ms,rx_bytes_slope,tx_bytes_rate,current_sla_violated,sla_violated_in_horizon
exp_001,0,s1,s2,0.13167456935454494,0,1.8881198819530796,115.94510923446917,6559.945203362026,0,0
exp_001,1,s1,s2,0.005983876860868068,0,3.2790412922001377,150.5257642403263,12080.725777960455,0,0
exp_001,2,s1,s2,0.0020799307999138624,0,2.4191218659764853,73.74150964109262,6834.045098534338,0,0
exp_001,3,s1,s2,0.03627537294604771,0,0.3874509873063987,147.51848411984517,7912.291401980419,0,0
exp_001,4,s1,s2,0.09463708738997988,0,2.5719539358237657,62.87965814404138,8663.618432936917,0,0
exp_001,5,s1,s2,0.060893468785977505,0,2.370525039075749,129.8860233456304,10142.344384136117,0,0
exp_001,6,s1,s2,0.08975047213097606,0,3.1222191652226794,74.22821689537733,6705.241236872916,0,0
exp_001,7,s1,s2,0.006726393087930424,0,2.399746149894088,147.37199105233194,5976.721140063839,0,0
exp_001,8,s1,s2,0.11527507630986618,0,1.9784478053244021,91.91223068012395,9951.769101112703,0,0
exp_001,9,s1,s2,0.003499372144347909,0,2.7705495461680436,119.46744566280616,11625.22284353982,0,0
exp_001,10,s1,s2,0.03735465816576237,0,5.77831304155244,159.68198621411588,6848.54455525527,0,0
exp_001,11,s1,s2,0.34928071327362264,0,3.2186383160538625,144.08805194743053,14218.742350231169,0,0
exp_001,12,s1,s2,0.009265545895311563,0,1.9909146571348924,20.835289323155624,7713.490317738959,0,0
exp_001,13,s1,s2,0.1764557865240934,0,1.6533219026386539,55.97043669764467,10426.960831582484,0,0
exp_001,14,s1,s2,0.015189814782062886,0,3.5821227947130394,144.38742297966786,12290.071680409874,0,0
exp_001,15,s1,s2,0.14752145260435134,0,2.7928341098954257,68.826130250752,6158.690595251297,0,0
exp_001,16,s1,s2,0.1988529571658223,0,1.4918467104525173,154.98234878924103,5635.583502860236,0,0
exp_001,17,s1,s2,0.03724883504103537,0,4.179716344700701,55.089603027216086,11375.57471355213,0,0
exp_001,18,s1,s2,0.2182251912401515,0,1.962170123484518,96.20981274859074,12132.44787222995,0,0
exp_001,19,s1,s2,0.14303927530768643,0,4.495434252883474,116.90906259966599,9937.955963643908,0,0
exp_001,20,s1,s2,0.07396788387772671,0,2.601361609984799,96.95679562626269,6078.914269933044,0,0
exp_001,21,s1,s2,0.0031933681293053826,0,1.5812495414085972,152.12458086697106,10085.706911647028,0,0
exp_001,22,s1,s2,0.23812655298459756,0,2.465583546326495,25.2473064592832,12555.511385430487,0,0
exp_001,23,s1,s2,0.025980515691739405,0,2.7878385782883734,78.65656029801386,6612.212872540044,0,0
exp_001,24,s1,s2,0.26549500858806246,0,3.5014483315248053,157.9093326466014,13714.605901877178,0,0
exp_001,25,s1,s2,0.16279689407405565,0,4.371862133549777,108.77766469774163,13960.912999234932,0,0
exp_001,26,s1,s2,0.03827307164183185,0,2.7433698173074457,81.60871379336194,9271.077886262563,0,0
exp_001,27,s1,s2,0.17038297266389452,0,0.34482395243652997,117.27589719443831,7221.078104707302,0,0
exp_001,28,s1,s2,0.012768039154564682,0,3.4529363265335093,91.69695458244674,8232.029320207552,0,0
exp_001,29,s1,s2,0.0731452805760152,0,2.0569431915327376,170.19793693296467,14717.820827209607,0,0
exp_001,30,s1,s2,0.3282009864541398,0,2.9814491954883597,16.32476890048884,8008.783098167697,0,0
exp_001,31,s1,s2,0.03352496763810817,0,3.102347682549667,78.36953597259934,10026.790232288615,0,0
exp_001,32,s1,s2,0.005285108738039248,0,3.477754099433527,87.04856776305547,7395.618906669724,0,0
exp_001,33,s1,s2,0.015653086098546976,0,3.339820964186644,99.63099250277135,7420.5527151150045,0,0
exp_001,34,s1,s2,0.11151550102972935,0,2.224663894043056,138.65704279446246,12282.163486118596,0,0
exp_001,35,s1,s2,0.0458522799264304,0,4.405205305878188,169.61628767459516,10357.746840747584,0,0
exp_001,36,s1,s2,0.009462915881162097,0,2.5065675177966735,146.15813041709765,6865.185103998542,0,0
exp_001,37,s1,s2,0.004162975979434521,0,4.706604953678462,143.67947078176897,5165.878289278561,0,0
exp_001,38,s1,s2,0.07176305845494883,0,3.6490867326291063,38.85632316623466,6743.664290049915,0,0
exp_001,39,s1,s2,0.11742125275677191,0,3.620548215961735,91.95313115684684,6375.209441459932,0,0
exp_001,40,s1,s2,0.04171324339951718,0,2.6432549742318057,127.80608992669826,11599.840460341791,0,0
exp_001,41,s1,s2,0.16994840726392213,0,4.363886524417105,226.9581358134666,7418.522909004517,0,0
exp_001,42,s1,s2,0.009772614047494074,0,1.559958552316202,159.53636280568202,8492.095746126608,0,0
exp_001,43,s1,s2,0.12944654297271183,0,3.617640845511145,160.8535398490055,5841.399649950488,0,0
exp_001,44,s1,s2,0.01762942146834115,0,3.226288269498875,142.37007162883194,5091.970516166297,0,0
exp_001,45,s1,s2,0.010699690143594932,0,3.1748330119914714,39.157255382038045,11918.951976926932,0,0
exp_001,46,s1,s2,0.10554414821352487,0,3.7345010648800456,52.275136901928974,7372.490874968001,0,0
exp_001,47,s1,s2,0.03936349089180845,0,3.7699773599307935,163.4194761201951,13492.23410494178,0,0
exp_001,48,s1,s2,0.10718132881697624,0,2.1323589100206255,107.29309262141547,8677.158030594335,0,0
exp_001,49,s1,s2,0.030816014785883118,0,3.878673548190896,88.02027459030953,11311.386259972629,0,0
exp_001,50,s1,s2,0.15838252526884,0,5.734422159061742,104.68827150759734,9925.176938188639,0,0
exp_001,51,s1,s2,0.02172148953252385,0,2.0369843739338735,148.85900004065365,5243.1596643145385,0,0
exp_001,52,s1,s2,0.1036968786295274,0,2.8758676111183403,137.01704089738692,14666.548190436695,0,0
exp_001,53,s1,s2,0.33137354761302057,0,2.5475377676553306,138.8524897451804,8850.977286019253,0,0
exp_001,54,s1,s2,0.19047266524780798,0,2.073953380788522,74.35173411821891,10568.012624583502,0,0
exp_001,55,s1,s2,0.2751293470807042,0,3.6300749386010076,188.1468736151614,5971.764937707685,0,0
exp_001,56,s1,s2,0.09545307155177178,0,4.057423508862376,102.56804297398178,12407.686177542044,0,0
exp_001,57,s1,s2,0.11940744253016732,0,2.040991903573221,169.10023020859717,7935.918442644934,0,0
exp_001,58,s1,s2,0.16573745072597124,0,3.3044491198708528,112.86037454900534,14132.405525564713,0,0
exp_001,59,s1,s2,0.07160932369329037,0,4.437356328333527,100.3653186370316,11499.639307777652,0,0
exp_001,60,s1,s2,0.1210550648511517,0,3.232296158176405,108.80904610261607,8379.951568515358,0,0
exp_001,61,s1,s2,0.04709367887275564,0,3.1650227981093386,57.20355410853161,5359.422737967421,0,0
exp_001,62,s1,s2,0.06266069481821096,0,1.2115034950195034,117.8652270968317,10908.332605690108,0,0
exp_001,63,s1,s2,0.003097506210147455,0,2.106879726370777,83.25913763026331,10222.432600548043,0,0
exp_001,64,s1,s2,0.14696479404457352,0,3.5495763450626674,36.456409656198005,5853.47464993768,0,0
exp_001,65,s1,s2,0.00530650959103094,0,5.389035957392462,192.17068791602665,11374.299014982065,0,0
exp_001,66,s1,s2,0.12949605629166844,0,3.015143278259864,122.10370084333657,8229.56472941246,0,0
exp_001,67,s1,s2,0.15856539797326863,0,2.5555012557808174,16.54338204547342,5784.563813422659,0,0
exp_001,68,s1,s2,0.0025677609541474382,0,2.228180922243245,183.0650865304077,6732.943200708458,0,0
exp_001,69,s1,s2,0.017012074157285416,0,3.3177670324371187,19.38863464127383,12145.959227000623,0,0
exp_001,70,s1,s2,0.10793903496967985,0,3.377296265460409,182.5675493239745,11117.207462343522,0,0
exp_001,71,s1,s2,0.05440378655320514,0,2.2692585967703467,36.0040133368435,12578.461104643691,0,0
exp_001,72,s1,s2,0.0014498079720804277,0,2.762608038793331,193.60028402361522,5978.341606510015,0,0
exp_001,73,s1,s2,0.06765179657972333,0,1.7050575255201401,94.74407476267932,9338.516492379731,0,0
exp_001,74,s1,s2,0.05083366145832069,0,4.543067651859084,166.16319035756183,5453.040097720445,0,0
exp_001,75,s1,s2,0.04693840046550615,0,3.058508902306844,217.39984642251613,13564.898411883223,0,0
exp_001,76,s1,s2,0.10749747640549978,0,2.797542474168449,103.04483035585802,10857.755812734633,0,0
exp_001,77,s1,s2,0.2817255455387152,0,1.1026230175113423,164.02703808387318,11432.882184423532,0,0
exp_001,78,s1,s2,0.06129559740510913,0,3.686848512765971,103.5486207819873,8861.026378007742,0,0
exp_001,79,s1,s2,0.32490918615067543,0,2.5135672339476396,110.379913064286,8189.756302937613,0,0
exp_001,80,s1,s2,0.18635260400972772,0,2.377762835093721,82.22556795418201,11967.371653641507,0,0
exp_001,81,s1,s2,0.09913991764332203,0,3.3620139119424706,129.0657067017862,13034.809303848486,0,0
exp_001,82,s1,s2,0.033133386230673856,0,3.5517370104650743,64.4936021036258,13068.34739267264,0,0
exp_001,83,s1,s2,0.46570048901402306,0,1.212328388068218,38.97149478590728,12764.129607419969,0,0
exp_001,84,s1,s2,0.041673367093075314,0,4.552859775839326,78.02410622628614,12545.428740846823,0,0
exp_001,85,s1,s2,0.010883751880671803,0,3.0121465090732253,146.54670419870396,13264.574661077417,0,0
exp_002,0,s1,s2,0.34835752212560056,0,5.275761297567204,120.31133425249642,11957.486889846172,0,0
exp_002,1,s1,s2,0.06061277556769509,0,4.200411548413398,190.80438951219074,14011.58010490989,0,0
exp_002,2,s1,s2,0.004651146174348098,0,2.88906806437049,148.81545632405513,11201.325978015368,0,0
exp_002,3,s1,s2,0.032487341989513016,0,2.8422760417458965,32.24710222410339,8533.522280260528,0,0
exp_002,4,s1,s2,0.0876243706006643,0,1.087293482935781,118.1238229402651,13137.950197069487,0,0
exp_002,5,s1,s2,0.11543295836488157,0,3.741963016529465,173.83293127148144,9182.430362906189,0,0
exp_002,6,s1,s2,0.2699018361547118,0,2.9263888842080936,85.88894055063943,13105.533307818328,0,0
exp_002,7,s1,s2,0.4364275468220168,0,3.2954775244231835,45.13270657166708,8808.908566310216,0,0
exp_002,8,s1,s2,0.3503708554375963,0,3.2756351578874074,113.93615174853306,9686.931597949702,0,0
exp_002,9,s1,s2,0.0535834936327349,0,2.8913713359111446,97.22575208511631,13647.223762550531,0,0
exp_002,10,s1,s2,0.1676117439249923,0,4.516233322933896,115.62292405489737,14447.65729882428,0,0
exp_002,11,s1,s2,0.1894772014709246,0,2.6869762917835596,20.04382637312586,6291.59415151495,0,0
exp_002,12,s1,s2,0.3080223786441709,0,1.6314098844581428,126.77459049876023,11717.006844058567,0,0
exp_002,13,s1,s2,0.09626704347430717,0,2.172106921084287,84.80677822845364,11715.731955927997,0,0
exp_002,14,s1,s2,0.07346104241860378,0,3.1148614682138955,177.56314273664856,13521.815003185402,0,0
exp_002,15,s1,s2,0.08027541190214876,0,4.026579846552078,108.30440662540757,9034.828662123971,0,0
exp_002,16,s1,s2,0.014388795539029895,0,4.489045173884479,143.89125842400568,7129.641615089107,0,0
exp_002,17,s1,s2,0.014661255122827866,0,1.2691268962344326,172.21693959909055,9374.74922023729,0,0
exp_002,18,s1,s2,0.23450615229814417,0,3.2001344191734225,-8.543291406520503,12836.53012741143,0,0
exp_002,19,s1,s2,0.05050801312991798,0,3.9815473767300813,116.5350278531966,14495.206236576421,0,0
exp_002,20,s1,s2,0.0159081879314836,0,2.985281741365063,139.82027148481632,7582.4438829895835,0,0
exp_002,21,s1,s2,0.06145869673706975,0,2.9938008603261275,120.15596635427886,8287.516102875083,0,0
exp_002,22,s1,s2,0.10034862739576596,0,2.877088693448545,96.23481726224384,6288.797219106492,0,0
exp_002,23,s1,s2,0.013701842406700714,0,1.8987480951528881,124.38366374616469,8456.672833238632,0,0
exp_002,24,s1,s2,0.22709741251283577,0,5.0550926086214725,84.03199962331709,6723.1987120162985,0,0
exp_002,25,s1,s2,0.021355098099509508,0,2.1845009267115114,72.04872533830715,5887.025337570556,0,0
exp_002,26,s1,s2,0.012855621349335253,0,1.565911130767476,90.42335880433535,8642.698610480755,0,0
exp_002,27,s1,s2,0.07000051847143304,0,2.898050487520143,102.10670408709647,12994.103989090427,0,0
exp_002,28,s1,s2,0.09885936903672965,0,3.85135426460051,68.9818138732224,12482.596903836584,0,0
exp_002,29,s1,s2,0.02039796320618005,0,2.4527201636624785,38.597299043818786,9845.229851910213,0,0
exp_002,30,s1,s2,0.09630018340585521,0,2.3734758173114563,-9.606502812098938,12474.709381337565,0,0
exp_002,31,s1,s2,0.0037372952321478464,0,3.851402092378829,50.60320771017293,13952.068376871994,0,0
exp_002,32,s1,s2,0.0716779112208401,0,2.0277314522759284,103.97412259087693,9474.123668234546,0,0
exp_002,33,s1,s2,0.076060679905529,0,2.189494153020781,54.772905810646435,8772.841631046227,0,0
exp_002,34,s1,s2,0.0020275360750314515,0,1.9387373670534094,67.28133269434922,8274.973521779146,0,0
exp_002,35,s1,s2,0.012756310328478127,0,3.218222732531096,145.52820611855404,11791.023191444896,0,0
exp_002,36,s1,s2,0.15567090323777913,0,2.1260258805149035,99.83520398363231,10371.065418185477,0,0
exp_002,37,s1,s2,0.08839230578713736,0,2.559495441126475,179.101909148189,6275.803027955638,0,0
exp_002,38,s1,s2,0.03337621802617039,0,4.3957319359285645,34.517535499405085,10707.78304668912,0,0
exp_002,39,s1,s2,0.04402067596518062,0,3.027690931616213,106.3682739268578,7372.2679173599445,0,0
exp_002,40,s1,s2,0.010734300462488687,0,2.541890097168624,68.70035348727998,6606.813732595557,0,0
exp_002,41,s1,s2,0.020649174545458043,0,2.171416228981265,72.74154003340782,13967.654246264252,0,0
exp_002,42,s1,s2,0.008363571259200016,0,0.4972404783377846,134.23211007775842,14823.786169086065,0,0
exp_002,43,s1,s2,0.01188273456974049,0,3.390253268983142,95.75455837520839,13655.071258939803,0,0
exp_002,44,s1,s2,0.16986630340361797,0,2.275998203395701,73.37098488897978,11686.43219924431,0,0
exp_002,45,s1,s2,0.26503850949599556,0,5.043320489682306,180.98060777186558,7799.790936602842,0,0
exp_002,46,s1,s2,0.14674737584120887,0,2.435442996730425,49.89766381856329,9254.364386164169,0,0
exp_002,47,s1,s2,0.07084849626446986,0,2.541380723057001,84.66418003390915,11106.200424416325,0,0
exp_002,48,s1,s2,0.03405633684365418,0,1.8608582714101174,113.38713328516306,9811.401018548175,0,0
exp_002,49,s1,s2,0.07605472481290779,0,2.8514485949929504,79.62699311823674,6344.146769389742,0,0
exp_002,50,s1,s2,0.006547225877252489,0,2.3980313211036153,138.012554731768,11815.027222239292,0,0
exp_002,51,s1,s2,0.14280662228282087,0,2.276660917548766,221.69240392012082,9118.409141472684,0,0
exp_002,52,s1,s2,0.042904330170397485,0,3.1697292843903737,104.46969595728247,6812.3306616566015,0,0
exp_002,53,s1,s2,0.006881031747249688,0,3.4880440793787493,179.0067047537601,13418.28776758272,0,0
exp_002,54,s1,s2,0.01505582464141926,0,2.4054839472757505,129.4164259230321,6636.559428657045,0,0
exp_002,55,s1,s2,0.01794446565599507,0,3.543483152963778,151.74604635402994,10230.654247691193,0,0
exp_002,56,s1,s2,0.04444614016780682,0,2.729796681322462,147.38084688307046,13165.994394715772,0,0
exp_002,57,s1,s2,0.05782748811138804,0,2.3235869795159614,-11.516495381294444,8013.778741641421,0,0
exp_002,58,s1,s2,0.13767773129369396,0,1.419748063256473,100.80267093219655,13995.745732745685,0,0
exp_002,59,s1,s2,0.04843317423587113,0,3.892410819815211,104.78102229446962,11242.37995913992,0,0
exp_002,60,s1,s2,0.012431461585777976,0,3.165194380120577,128.4468337234821,8349.056146570862,0,0
exp_002,61,s1,s2,0.014997682061642582,0,3.509378116336106,162.36635276158623,10334.610919763216,0,0
exp_002,62,s1,s2,0.22433033305364455,0,2.5126049760788525,120.19102793396527,8117.220677955483,0,0
exp_002,63,s1,s2,0.028566961854883794,0,4.509771312459623,120.1017240023461,13767.656367617494,0,0
exp_002,64,s1,s2,0.04186745935450928,0,4.286974963849594,77.76812208771798,6499.174273487738,0,0
exp_002,65,s1,s2,0.026039302244475093,0,3.9638503187153615,148.6778723760062,11411.476328852974,0,0
exp_002,66,s1,s2,0.1184001709087617,0,1.3677819205714812,114.04821604590997,8456.959935039195,0,0
exp_002,67,s1,s2,0.020040127451653185,0,3.170594203580863,141.77826991749518,9008.514167636398,0,0
exp_002,68,s1,s2,0.061990750632116336,0,3.180530841805431,232.17857916992753,11114.542354346479,0,0
exp_002,69,s1,s2,0.0018276180406497236,0,4.782163618536079,129.5137309530894,14224.993811772956,0,0
exp_003,0,s1,s2,0.04673021874751386,0,3.8332238776207417,33.67304919451205,9087.341710980963,0,0
exp_003,1,s1,s2,0.002571414873264703,0,3.485315996560453,61.36664288632645,11589.239419101514,0,0
exp_003,2,s1,s2,0.00274698578844401,0,2.2955298965404705,63.58424250260571,11718.927435987283,0,0
exp_003,3,s1,s2,0.0019907381292139405,0,3.0987457776373346,93.48274270063959,6785.446620543336,0,0
exp_003,4,s1,s2,0.10576990889205769,0,2.6493184721212124,88.5391974223204,7431.7219099945405,0,0
exp_003,5,s1,s2,0.1281094813097032,0,3.234652005155086,112.63777537689433,8971.835296184548,0,0
exp_003,6,s1,s2,0.11028767784045951,0,2.342766681882506,53.13221588883395,13963.358185211198,0,0
exp_003,7,s1,s2,0.0013087188396285004,0,1.3302208279316,188.23434671313595,13926.717110769749,0,0
exp_003,8,s1,s2,0.17006959030194785,0,1.7584987690508773,59.18472954725772,8796.924081672669,0,0
exp_003,9,s1,s2,0.08923177501433054,0,3.7563515692873812,29.348782732911125,9094.116521912405,0,0
exp_003,10,s1,s2,0.08030673665148445,0,1.2465305837493372,72.75388825205457,14484.533069621566,0,0
exp_003,11,s1,s2,0.14422545037326362,0,3.9718226901727354,98.45208746817133,12998.552559473152,0,1
exp_003,12,s1,s2,0.055375661925860735,0,5.155239538433073,133.6128642206886,7578.876854332023,0,1
exp_003,13,s1,s2,0.015007441883071555,0,1.7115526202426752,105.0408711127026,7723.07326519369,0,1
exp_003,14,s1,s2,0.0018561887410766008,0,1.3704070140236728,127.59318276547504,10541.780025157934,0,1
exp_003,15,s1,s2,0.1053888633986027,0,2.530852279805065,126.34687063158952,5109.958286584805,0,1
exp_003,16,s1,s2,0.014720807068739053,0,4.6205334451658775,178.52473176305693,11650.366745462556,0,1
exp_003,17,s1,s2,0.01928220286385522,0,2.8418985099298015,140.32966239568432,8831.385282494975,0,1
exp_003,18,s1,s2,0.0731716932622681,0,2.651986913703161,109.92791814481458,11031.521094663882,0,1
exp_003,19,s1,s2,0.02815000336004408,0,1.4759847582729697,60.07804762914732,8556.727164649492,0,1
exp_003,20,s1,s2,0.12695639866386868,0,3.5739669592016754,12.321314104565651,9760.504021990997,0,1
exp_003,21,s1,s2,0.10896659230926785,0,3.095320806947719,108.95183982744825,7149.403785907568,0,1
exp_003,22,s1,s2,0.07919919706064461,3,6.55221386960865,149.3561100064355,12709.122037458219,0,1
exp_003,23,s1,s2,0.281797286911695,5,17.498688100560553,126.62975546852756,11946.964708544268,0,1
exp_003,24,s1,s2,0.7941340374700802,4,14.627832854499768,131.0336048775339,6851.329288386197,0,1
exp_003,25,s1,s2,1.9516746153793414,8,19.092423673192698,106.69238271229999,5339.459785857988,0,1
exp_003,26,s1,s2,2.9885261422322134,9,7.9742003881777,125.05166717586725,6205.668857772788,1,1
exp_003,27,s1,s2,0.20018835826095688,4,22.234889421768663,109.82773882557873,8187.525029320699,1,1
exp_003,28,s1,s2,2.4580227160054067,3,15.411419946377121,153.27401875326757,14390.676985128961,1,1
exp_003,29,s1,s2,4.008431307557813,10,10.636846863144946,139.68289709901768,6104.741131313946,1,1
exp_003,30,s1,s2,1.0947983289852912,3,5.331608494462198,39.63020841768128,11796.472826930698,0,1
exp_003,31,s1,s2,0.6155631398523334,7,20.83551457191818,181.05542788938575,10126.885110165085,1,1
exp_003,32,s1,s2,0.6555875701299065,3,12.520154768367647,91.59425521873531,14691.026301408114,0,1
exp_003,33,s1,s2,5.380802425065001,6,12.238884778595143,131.64659088777555,7238.176148226231,1,1
exp_003,34,s1,s2,1.9249324607270926,5,16.429326953624525,116.72283949935125,11552.419806390217,0,1
exp_003,35,s1,s2,2.001036953924747,3,14.834365135631014,189.7278931758894,5810.462159076479,1,1
exp_003,36,s1,s2,0.6217406529510412,5,12.55280278740889,152.2080438534536,11780.161525590636,0,1
exp_003,37,s1,s2,2.085233352587434,12,13.148383157013518,58.32205063603666,12435.082562916077,1,1
exp_003,38,s1,s2,0.43814608682390793,3,19.088763479380248,25.530347017534694,14811.861780274236,0,1
exp_003,39,s1,s2,2.4979143727226587,5,17.69011177398422,102.39770251415528,8418.72166038686,1,1
exp_003,40,s1,s2,2.5034092433625577,4,20.36815874929886,48.67423502944699,5673.506014687717,1,1
exp_003,41,s1,s2,2.1817043227374096,6,16.835511333940335,73.70973063435216,5245.869164588015,1,1
exp_003,42,s1,s2,0.05592986933618466,7,8.850653108795928,91.1129839256297,12948.095487499293,0,1
exp_003,43,s1,s2,2.9578305950914348,4,18.251005889793305,95.04120681103086,9197.273169261223,1,1
exp_003,44,s1,s2,2.543912544325257,6,15.371031069000777,88.52986986348239,8685.26343723761,1,1
exp_003,45,s1,s2,4.994345147066984,9,21.246008837437667,124.57022835097487,9815.2235151255,1,1
exp_003,46,s1,s2,0.31194791043502007,4,15.640522074553946,65.94741712625596,7689.934044350976,0,1
exp_003,47,s1,s2,3.9932682250799045,2,14.134825606515411,65.59201549498637,9799.388347171234,1,1
exp_003,48,s1,s2,2.2908552587297835,4,10.165119284353935,97.614432192901,7420.4501586252745,1,1
exp_003,49,s1,s2,10.792956638073584,5,16.04191403973776,-2.086743421214532,5878.664991448333,1,1
exp_003,50,s1,s2,1.0793697277092065,1,9.991899950525422,85.94498535570226,10675.408482615581,0,1
exp_003,51,s1,s2,2.923646407896085,3,21.99677718293001,146.23168414563844,5315.861448256421,1,1
exp_003,52,s1,s2,6.880485136122272,6,15.572666831077319,147.50727354994157,13172.977699624937,1,1
exp_003,53,s1,s2,1.505152429837616,4,11.742909981927758,75.80570829728393,13717.835665922017,0,1
exp_003,54,s1,s2,0.6186353954513848,7,15.190017390841001,106.00156633591307,6995.424509291452,0,1
exp_003,55,s1,s2,2.850369488188422,1,13.713117312883274,16.570796306120506,13682.725054083805,1,1
exp_003,56,s1,s2,3.2472574470447224,5,16.122259092799858,152.35491513060774,9386.154191895905,1,1
exp_003,57,s1,s2,3.229803918722176,7,22.38270174862948,169.0045677073726,12331.13022415281,1,1
exp_003,58,s1,s2,0.3526640742566511,5,14.872229645042774,158.63645096296824,7472.310744031771,0,1
exp_003,59,s1,s2,5.115015004362123,5,8.526592621395473,158.04133936892595,12734.731256866007,1,1
exp_003,60,s1,s2,0.3506669490253419,4,4.524212386600073,112.7086946123101,13288.833658826095,0,1
exp_003,61,s1,s2,1.409192976713981,4,13.391824743913087,203.83739917804203,13441.70448969197,0,1
exp_003,62,s1,s2,4.095495802923378,4,15.241925591429018,65.62282743302043,14366.056922949614,1,1
exp_004,0,s1,s2,0.029690291760724758,0,2.4529047026128987,108.17866677943273,6417.743935271019,0,0
exp_004,1,s1,s2,0.03209496926908416,0,4.672279236086849,146.1466091104704,9427.169667795271,0,0
exp_004,2,s1,s2,0.05902132529258687,0,4.042608835636487,74.0073304225623,11032.194102133722,0,0
exp_004,3,s1,s2,0.041132293083286205,0,3.1691240500990903,112.57855424161598,7648.954472367334,0,0
exp_004,4,s1,s2,0.10364542667128405,0,1.3684991786158358,179.04771474516008,8669.560792048007,0,0
exp_004,5,s1,s2,0.042092470642931035,0,1.9775646204542339,203.9972961845261,13318.63113251422,0,0
exp_004,6,s1,s2,0.11074591554476608,0,3.1961675455787284,69.90563943993833,7711.474365001848,0,0
exp_004,7,s1,s2,0.0898480263230101,0,1.9047165479035053,136.64875896307404,9568.586448803686,0,0
exp_004,8,s1,s2,0.02111221769725398,0,2.8564876556445884,73.56689983314189,8629.442718459919,0,0
exp_004,9,s1,s2,0.5399351853920099,0,1.048881525151143,68.55355544056538,10804.750067166746,0,0
exp_004,10,s1,s2,0.00929570840255589,0,3.1104905386994686,118.89807299684371,12548.378199408478,0,0
exp_004,11,s1,s2,0.018690557316995784,0,1.443993267226317,8.904763367382296,13218.064439010868,0,0
exp_004,12,s1,s2,0.00012374450788582255,0,0.664427275833372,75.03513802140013,6198.290020176463,0,0
exp_004,13,s1,s2,0.3656010742583989,0,2.2467017756614425,139.46578059273,11715.584436130373,0,0
exp_004,14,s1,s2,0.00975347110576254,0,3.813296576583077,65.6840462175442,13646.861920335403,0,0
exp_004,15,s1,s2,0.09377350583036828,0,1.7618372251944328,101.24261691223221,5631.090330791501,0,0
exp_004,16,s1,s2,0.012516537522653066,0,2.3179656168006857,41.27550587534308,8809.095255109873,0,0
exp_004,17,s1,s2,0.042514004949771186,0,3.0600290057520123,19.457777221912664,13252.86108232897,0,0
exp_004,18,s1,s2,0.03280923995957336,0,3.449010963418936,73.47461885309215,10745.873823177666,0,0
exp_004,19,s1,s2,0.08360373437139693,0,3.0261224315397257,-23.42714579421543,8971.78777429211,0,0
exp_004,20,s1,s2,0.07759476948018862,0,4.476146110720066,154.17924503711495,10324.811925594262,0,0
exp_004,21,s1,s2,0.12780574287015128,0,2.638614232818162,77.4949433154888,13187.350040742702,0,0
exp_004,22,s1,s2,0.038938702279523854,0,3.712271489505878,106.01128167171065,10751.633504966248,0,0
exp_004,23,s1,s2,0.06526857761091512,0,3.9123746139628697,20.114404011329555,6391.980246175299,0,0
exp_004,24,s1,s2,0.22853507343360935,0,2.483743984062873,146.58880487043527,14527.975276012943,0,0
exp_004,25,s1,s2,0.1744117206019585,0,2.200461078767316,117.57739794129444,9782.340230480722,0,0
exp_004,26,s1,s2,0.07054375078610126,0,2.8919623002107495,96.56045767825609,12767.236304716927,0,0
exp_004,27,s1,s2,0.013014860883688514,0,3.6575196074958747,107.10254721623046,13761.051925980426,0,0
exp_004,28,s1,s2,0.032538757238626224,0,3.049053409274357,88.4649793402261,8647.982191445295,0,0
exp_004,29,s1,s2,0.04885111882766816,0,1.6687702072859296,113.91645306101074,7117.553506654784,0,0
exp_004,30,s1,s2,0.06628150599670311,0,3.645917825793811,168.71547565895477,7973.550482368389,0,0
exp_004,31,s1,s2,0.0562710632671388,0,2.2908736150980875,142.72303133973472,6777.663878512482,0,0
exp_004,32,s1,s2,0.11764161849514586,0,4.521172137764742,167.41400329631995,7288.946048466136,0,0
exp_004,33,s1,s2,0.026480644429398494,0,2.4071720626205106,74.6333612305727,11557.236725616563,0,0
exp_004,34,s1,s2,0.18839792718169712,0,3.8770787693505877,133.678257159335,9047.984290851999,0,0
exp_004,35,s1,s2,0.10615355896907275,0,3.380358530383916,-8.691062811734863,9816.348465348623,0,0
exp_004,36,s1,s2,0.019466196151384667,0,3.418206612754536,94.90921289852152,7485.80257714942,0,0
exp_004,37,s1,s2,0.014364376362523901,0,4.369440976424104,80.79839110599298,10821.482297799723,0,0
exp_004,38,s1,s2,0.11424852678317823,0,3.4575373461482304,40.32015448395023,8235.003949114738,0,0
exp_004,39,s1,s2,0.17975966683031216,0,1.8055602419943002,125.64218065396886,5646.166798440861,0,0
exp_004,40,s1,s2,0.00435686895764864,0,1.6120539394334603,61.88792689352089,11460.90123462508,0,0
exp_004,41,s1,s2,0.0691815737281299,0,2.3130842442075124,77.08917403497122,6271.997626874496,0,0
exp_004,42,s1,s2,0.1999968045628817,0,3.732345054421645,38.08521558119771,13106.859279862663,0,0
exp_004,43,s1,s2,0.09521285824449474,0,2.6929051152888985,151.30771406984329,14562.221906489483,0,0
exp_004,44,s1,s2,0.014288356437609588,0,3.291449923211806,63.46590180981096,14428.311414132617,0,0
exp_004,45,s1,s2,0.16548718884995228,0,2.8021953141034937,81.0121330009879,14303.188848378237,0,0
exp_004,46,s1,s2,0.029176832020314417,0,3.588199934971857,125.43341247935678,9954.521034609817,0,0
exp_004,47,s1,s2,0.04883287694361898,0,1.4905780865932374,86.21363737663371,13893.909161288442,0,0
exp_004,48,s1,s2,0.059896428450081585,0,2.9698845328999006,112.960900917163,5478.308203941055,0,0
exp_004,49,s1,s2,0.003876353983988091,0,3.793056380657429,161.387612990965,13021.305581275876,0,0
exp_004,50,s1,s2,0.011134229750932999,0,3.010023302242254,72.87005177844618,8875.952314827695,0,0
exp_004,51,s1,s2,0.061979809296091204,0,1.9233390654756704,11.068458339509824,10496.160437189244,0,0
exp_004,52,s1,s2,0.17751056554507696,0,2.874061027053166,64.12574069594594,5826.176634592687,0,0
exp_004,53,s1,s2,0.07229006300854772,0,3.174018556620604,112.28669914606769,7278.4241754311,0,0
exp_004,54,s1,s2,0.3729320254580897,0,2.138616297643256,55.976901758879706,5692.543062858599,0,0
exp_004,55,s1,s2,0.3214548154654421,0,3.9621993545951173,97.35700228543499,8222.155034446283,0,0
exp_004,56,s1,s2,0.013379836589623204,0,1.9894059132933928,96.64082096690416,9860.155029775398,0,0
exp_004,57,s1,s2,0.25294503264262813,0,5.3636334436753845,121.06797840245008,6566.3843697380835,0,0
exp_004,58,s1,s2,0.004472086219485819,0,3.2299544478422124,54.584893451709696,5950.116989923046,0,0
exp_004,59,s1,s2,0.04715935163528028,0,0.8343547715958763,148.71311110644038,6636.838014653014,0,0
exp_004,60,s1,s2,0.031991785024994605,0,3.2105700339584646,125.62497761107585,9960.478386798866,0,0
exp_004,61,s1,s2,0.0012796416000686193,0,3.746187407314403,81.99032026950262,7584.316202918181,0,0
exp_004,62,s1,s2,0.07852988279856253,0,1.7586810015722514,130.2769889040202,14783.972788005958,0,0
exp_004,63,s1,s2,0.1379088013245935,0,1.7064413608327016,111.7068773556648,5538.582069980262,0,0
exp_004,64,s1,s2,0.03857504736846903,0,2.171537231032272,145.46700090526878,10395.562204955051,0,0
exp_004,65,s1,s2,0.1301759028345342,0,3.322490715672817,65.88346850712529,5918.708877100447,0,0
exp_005,0,s1,s2,0.03144651861262493,0,2.9929572010752645,165.6204310871316,5770.582791343311,0,0
exp_005,1,s1,s2,0.006033502607505761,0,4.115902053365361,67.53672109620378,12076.809347409158,0,0
exp_005,2,s1,s2,0.15540739964735978,0,0.22643713708655167,140.0468319814731,6474.52526706284,0,0
exp_005,3,s1,s2,0.03977838153323653,0,2.1567393957062575,93.23785521839842,7206.119527112112,0,0
exp_005,4,s1,s2,0.0911863780458761,0,3.189847836212464,128.8379033096536,9212.48053294072,0,0
exp_005,5,s1,s2,0.10110887957798545,0,2.650387813222196,113.08314863482396,9099.048896962882,0,0
exp_005,6,s1,s2,0.18313465118380307,0,4.198641371991052,3.1318841761770133,10877.693608621983,0,0
exp_005,7,s1,s2,0.020392473795035095,0,1.5891755019121248,41.276473661664156,5261.967085320648,0,0
exp_005,8,s1,s2,0.002448919127053032,0,2.4722231357540605,138.5719495957912,10180.787662388155,0,0
exp_005,9,s1,s2,0.0354855990079893,0,4.032963947152806,90.25273957855208,13419.335667918087,0,0
exp_005,10,s1,s2,0.020591951269056198,0,2.8078889472785598,169.52498906203735,9829.688720853552,0,0
exp_005,11,s1,s2,0.014327005689790265,0,3.2056863749606843,81.07729740767702,9964.611523552998,0,0
exp_005,12,s1,s2,0.057421050414113134,0,3.9001769869124665,138.90545930630088,6589.081676693536,0,0
exp_005,13,s1,s2,0.0942186012916847,0,3.3953094624584836,71.3281089228881,11569.551562671395,0,0
exp_005,14,s1,s2,0.3137632785960325,0,2.0236247287166282,55.377208032154826,7469.787990719999,0,0
exp_005,15,s1,s2,0.23671724742163094,0,2.159718569342871,53.858490513658346,12593.982624179636,0,0
exp_005,16,s1,s2,0.059736409886505706,0,2.473921967788041,99.29902308712056,5626.532034553546,0,0
exp_005,17,s1,s2,0.23691251181454842,0,3.1016442876895103,43.44868042540284,9110.956026007065,0,0
exp_005,18,s1,s2,0.04267040555945366,0,3.247077377806303,104.36655289577045,10601.681834618419,0,0
exp_005,19,s1,s2,0.27618064529191194,0,2.8904507085307967,69.79938625374365,7601.5779096205115,0,0
exp_005,20,s1,s2,0.13123785630731405,0,1.8896004827039792,128.35277586940515,10653.302545716098,0,0
exp_005,21,s1,s2,0.06234951681723219,0,3.0799933805591433,117.39530581624427,8495.063720868187,0,0
exp_005,22,s1,s2,0.012114644357562017,0,2.573242883117646,72.90825061656793,7509.66661340298,0,0
exp_005,23,s1,s2,0.19012354942631104,0,4.017501229084181,233.1591175059912,6147.688718692175,0,0
exp_005,24,s1,s2,0.19671111641550876,0,2.704458759853451,107.61577567883121,12078.350972297687,0,0
exp_005,25,s1,s2,0.0784250300617384,0,2.917352214961811,58.54915401708187,9846.96287130047,0,0
exp_005,26,s1,s2,0.018125157762181647,0,2.5516197809461176,200.50046446500008,9117.655415845085,0,0
exp_005,27,s1,s2,0.10526073343140585,0,2.2892398964508214,103.6885053943443,10125.026487703317,0,0
exp_005,28,s1,s2,0.16419797883681325,0,2.3527593620119536,97.05590950486376,12862.781993840332,0,0
exp_005,29,s1,s2,0.022484973368587402,0,2.290966288335295,74.47819737865166,8302.150648714976,0,0
exp_005,30,s1,s2,0.14136717478165162,0,1.5538719674398378,104.74968756781523,13778.30078152041,0,0
exp_005,31,s1,s2,0.21167850510798344,0,2.639526595795404,125.57077504649769,9512.393441809882,0,0
exp_005,32,s1,s2,0.4199015724929951,0,2.938956574530004,63.207077533858254,14092.202058615601,0,0
exp_005,33,s1,s2,0.07737105860039206,0,2.026553258600524,99.73013118192328,11567.80104724294,0,0
exp_005,34,s1,s2,0.17265514506301996,0,4.309472896350713,71.59288350828328,14644.766539008117,0,0
exp_005,35,s1,s2,0.02278627431134131,0,1.169231551605134,110.03259019778436,12928.544190338394,0,0
exp_005,36,s1,s2,0.0861786840939645,0,4.188145734706984,126.83718115062307,8959.704726624548,0,0
exp_005,37,s1,s2,0.24661642126129657,0,1.7808853886807834,105.88606086904551,11958.991181688025,0,0
exp_005,38,s1,s2,0.1576299845923955,0,3.833807339159365,78.6122156476624,14061.432547657663,0,0
exp_005,39,s1,s2,0.03242139595704644,0,2.4534926054912454,74.21414650334988,13939.897100078704,0,0
exp_005,40,s1,s2,0.10621623885347034,0,2.8004713266705914,41.84052694731805,11152.98025069802,0,0
exp_005,41,s1,s2,0.008715402533365736,0,3.191520963865965,112.0619068827674,10052.067735766383,0,0
exp_005,42,s1,s2,0.3415091923050088,0,3.2650560448403123,97.74865885855667,11679.199988036271,0,0
exp_005,43,s1,s2,0.1006957709493521,0,1.8109887176199655,87.23740289488732,5126.075199757591,0,0
exp_005,44,s1,s2,0.08204254417138757,0,4.792922591330873,111.19776390448673,13902.580530178022,0,0
exp_005,45,s1,s2,0.00827368001805495,0,2.194628172949656,129.82211697803356,13581.77053157164,0,0
exp_005,46,s1,s2,0.17096092146110045,0,4.80787615879919,117.53925878774047,8143.501131837484,0,0
exp_005,47,s1,s2,0.06370842867894616,0,2.834600981856488,165.29849586635945,8577.982653254418,0,0
exp_005,48,s1,s2,0.06816385540848643,0,2.5016376078075533,149.6344269456396,6737.615931357438,0,0
exp_005,49,s1,s2,0.12448434817352837,0,2.434715223600918,79.46456704487916,8479.414115821666,0,0
exp_005,50,s1,s2,0.05984753479202122,0,3.763591100619856,162.85299783445464,11209.285674784313,0,0
exp_005,51,s1,s2,0.0434443371406971,0,2.8969767986027843,161.2566174083937,14791.049380151546,0,0
exp_005,52,s1,s2,0.10055103770097727,0,3.372434646982213,60.49668374323609,8251.04015431699,0,0
exp_005,53,s1,s2,0.11594048640248865,0,2.5979332554833294,126.21323388215845,13370.411252429401,0,0
exp_005,54,s1,s2,0.032749913937874735,0,4.375866173183956,150.62730005269185,10126.54753145053,0,0
exp_005,55,s1,s2,0.03642905501889821,0,4.028682610696392,34.16255765889715,14383.048184484827,0,0
exp_005,56,s1,s2,0.20495292660963993,0,3.723610587228875,133.3730390819656,11649.849034759953,0,0
exp_005,57,s1,s2,0.03014928132972702,0,3.272697793529935,132.51908943606344,10604.406309804399,0,0
exp_005,58,s1,s2,0.011764619788426467,0,1.2951214458676763,-13.849560376652548,13645.6360952267,0,0
exp_005,59,s1,s2,0.07910868989857645,0,3.2529368142650803,96.8276968027927,6107.205933263157,0,0
exp_005,60,s1,s2,0.0549130698651335,0,2.778139096204694,121.08422341322222,13583.416767991208,0,0
exp_005,61,s1,s2,0.03456194679182994,0,3.195975033864603,115.84897088867035,13049.067768414387,0,0
exp_005,62,s1,s2,0.0018170646414164462,0,3.8886627535509604,73.66222836725048,7815.2119841492995,0,0
exp_005,63,s1,s2,0.20616317974144166,0,3.33951448381884,67.71143246817158,10406.984766449103,0,0
exp_006,0,s1,s2,0.003741256583819583,0,2.6907909229501366,62.39217972047084,13025.856795798129,0,0
exp_006,1,s1,s2,0.08487457425913128,0,1.1248275303542554,105.75130395737087,14317.537194328164,0,0
exp_006,2,s1,s2,0.05058630265746683,0,3.2131966282376894,62.40153341305905,6138.383934766014,0,0
exp_006,3,s1,s2,0.042346077742326564,0,4.076007138598598,101.06558243359711,9935.465803401186,0,0
exp_006,4,s1,s2,0.12115305120925102,0,2.291593233089537,24.31428036935864,9218.281785388313,0,0
exp_006,5,s1,s2,0.052936487740628285,0,3.2671266510114836,125.4362511614967,11079.052140907037,0,0
exp_006,6,s1,s2,0.03701549898293989,0,2.5169389483165605,107.33965059927746,7576.0722033372185,0,0
exp_006,7,s1,s2,0.006136989358196631,0,4.612220628255424,144.8419657932766,6144.876380659051,0,0
exp_006,8,s1,s2,0.048424679614936045,0,0.8481845986706951,64.042334037879,6210.2500048519305,0,0
exp_006,9,s1,s2,0.054291466418388085,0,2.8687430329076955,103.84259414793841,5801.800140819035,0,0
exp_006,10,s1,s2,0.04381504387364304,0,3.1686546719667277,122.09703247847045,11786.699566725649,0,0
exp_006,11,s1,s2,0.04492915972898057,0,2.9014118677157383,100.94248114724239,11360.960464095422,0,0
exp_006,12,s1,s2,0.24451508595398128,0,3.953136633913245,114.35620826009121,12239.730554660939,0,0
exp_006,13,s1,s2,0.012846813702599706,0,1.8562737926793382,105.42798528882615,5117.0661073090405,0,1
exp_006,14,s1,s2,0.05482406856437377,0,2.871462488561069,5.907547725118045,10771.998867345508,0,1
exp_006,15,s1,s2,0.0044724466255912565,0,3.1598563919974003,48.61624295370209,8431.673531726583,0,1
exp_006,16,s1,s2,0.13062768385614584,0,3.969457200526737,121.35971809358425,11924.928266692254,0,1
exp_006,17,s1,s2,0.05619980086040062,0,1.80636316824352,145.95770868050008,8063.134987782127,0,1
exp_006,18,s1,s2,0.15558268158503175,0,4.392465300064329,87.49767427005236,13224.223736682785,0,1
exp_006,19,s1,s2,0.19488508322579456,0,2.865691258529452,140.5404136579891,8188.668183211388,0,1
exp_006,20,s1,s2,0.08727494298500833,0,4.304340242878153,16.875400598216284,12055.858626438247,0,1
exp_006,21,s1,s2,0.11660510706740873,0,1.9090335697848018,79.45928560227075,9305.293384622075,0,1
exp_006,22,s1,s2,0.015384389498610053,0,2.6919657158142587,138.983026613467,6544.597472233238,0,1
exp_006,23,s1,s2,0.0025777154396676664,0,4.310308746119609,169.7841905394978,8406.041665812916,0,1
exp_006,24,s1,s2,0.007441312977627453,0,1.31656180777905,59.706496675190564,11771.206397350094,0,1
exp_006,25,s1,s2,0.09308442460058357,0,1.765651128120078,70.37678704235529,14880.359661555918,0,1
exp_006,26,s1,s2,0.060513927246529375,0,2.1903964800783537,121.20305222320448,9855.896996593978,0,1
exp_006,27,s1,s2,0.06980740605731328,4,9.509272609845766,81.90943303837163,5233.520963281859,0,1
exp_006,28,s1,s2,3.528657260357276,5,16.197882701816045,145.1961375368428,13267.073597414874,1,1
exp_006,29,s1,s2,10.339973990000706,6,23.66257499742546,211.56500730963162,12619.0181260487,1,1
exp_006,30,s1,s2,4.484152619271134,3,14.159280907076052,76.39547111514364,7702.4769213078325,1,1
exp_006,31,s1,s2,8.484366956074151,5,2.3485623862683513,85.69978890599445,14938.483888996981,1,1
exp_006,32,s1,s2,5.307225000616992,5,28.221716735085174,24.851483580242338,7277.497361032096,1,1
exp_006,33,s1,s2,8.31259492974944,6,11.672572926548924,143.65847153467328,13770.90581018189,1,1
exp_006,34,s1,s2,7.207888865875409,6,10.471338495686906,67.311683067559,12617.981913776972,1,1
exp_006,35,s1,s2,1.2216026070059398,10,20.829030096041926,89.77725101573877,13930.90205195415,1,1
exp_006,36,s1,s2,0.1612332217189585,5,24.785318202708208,87.9292794789897,12227.069576982285,1,1
exp_006,37,s1,s2,2.9484641642777696,4,19.765625226880434,125.65427100486465,7946.193963461932,1,1
exp_006,38,s1,s2,0.0360468243450288,10,10.898793352756492,98.7986070959698,9075.43031032431,0,1
exp_006,39,s1,s2,1.3068511826265778,2,5.5319266652310715,110.66468536864693,5768.620752761635,0,1
exp_006,40,s1,s2,1.735991241928484,3,6.9622006781551296,61.86376107168929,7323.843230560478,0,1
exp_006,41,s1,s2,0.824750446138779,7,15.299663151331641,113.8688468979096,8578.140841135488,0,1
exp_006,42,s1,s2,2.6090140461887095,6,9.473233412236041,139.109130397788,12139.526325065897,1,1
exp_006,43,s1,s2,4.322451784954298,6,11.526434344554708,79.5358780943448,11295.576968917365,1,1
exp_006,44,s1,s2,0.13965939931479093,2,11.869049838892167,100.76894906860528,7761.695578208994,0,1
exp_006,45,s1,s2,3.068756063983308,2,19.125491323338174,56.64348921445499,8162.701497293067,1,1
exp_006,46,s1,s2,0.2686634568594838,8,14.672261966094975,199.08459032000144,8876.48805455647,0,1
exp_006,47,s1,s2,2.504021668513319,1,17.61121840624005,59.17980069494791,11663.854135782065,1,1
exp_006,48,s1,s2,8.456982352601353,7,17.039625087571427,93.7512106820867,10004.011457102013,1,1
exp_006,49,s1,s2,1.4172959376813727,4,12.733757954884933,172.62337672353726,13221.798868164233,0,1
exp_006,50,s1,s2,4.748606719347143,6,11.2899693217118,79.10182480806776,11516.397604772766,1,1
exp_006,51,s1,s2,3.3542343844636773,6,12.279429989429037,91.86035469638529,6115.122123212764,1,1
exp_006,52,s1,s2,1.8134627199710152,2,7.373404548832721,43.309220245655844,5193.276309176011,0,1
exp_006,53,s1,s2,0.33202455826147176,5,17.690308600909045,97.91595988050533,10190.322801295488,0,1
exp_006,54,s1,s2,2.8294580330597414,6,18.3643061798341,129.5907066870689,6202.072291205763,1,1
exp_006,55,s1,s2,0.7716951608700872,1,15.509281476309933,177.45100757475936,8480.95593168288,0,1
exp_006,56,s1,s2,1.1620001578984134,0,19.943345846790013,32.42771175540143,14741.944438163571,0,1
exp_006,57,s1,s2,4.694287496561728,4,6.995480107617422,58.5751487609877,5656.948589543657,1,1
exp_006,58,s1,s2,0.6476891260825688,4,17.685454165305718,102.5813188355604,5756.050406167507,0,1
exp_006,59,s1,s2,1.138007249115692,2,21.408218975018844,127.88455303625622,10782.983994203607,1,1
exp_006,60,s1,s2,0.3973800391695629,7,19.93667258294551,96.20244881787386,12077.213502675275,0,1
exp_006,61,s1,s2,0.16055503118518188,1,10.824285491849885,204.47693608473867,6342.748509022756,0,1
exp_006,62,s1,s2,7.9212958582880555,4,19.207641710198796,69.11816953028766,9596.648704026613,1,1
exp_006,63,s1,s2,1.9773253190145088,2,7.880214237749275,86.66738353827927,5499.790286596787,0,1
exp_006,64,s1,s2,4.639140115968577,11,25.121548116434262,31.841299770359477,5730.81562027015,1,1
exp_006,65,s1,s2,2.4344240084873774,10,10.192558151722311,141.54261621396833,11406.151835488874,1,1
exp_006,66,s1,s2,2.746034363797407,4,8.747961330151412,130.22576631776835,8216.699896595486,1,1
exp_006,67,s1,s2,4.710379254385313,3,25.498608945832576,87.64871496270017,6185.026235981515,1,1
exp_006,68,s1,s2,0.8523025808175861,5,22.098015022568188,69.97882171306475,14184.264321454086,1,1
exp_006,69,s1,s2,7.536196966468015,6,11.449594404797812,70.11452431334538,14182.390866754371,1,1
exp_006,70,s1,s2,0.26841654675947946,2,12.964818435366098,134.31592284783503,14504.591705752957,0,1
exp_006,71,s1,s2,2.1784266229346594,9,14.362254398112329,175.55774651236737,9975.398521461022,1,1
exp_006,72,s1,s2,0.5725271667901127,4,15.055707815243787,135.48206452529035,9094.120718170183,0,1
exp_006,73,s1,s2,4.163415104154582,8,12.479100844961643,95.92386634491771,6278.668012224176,1,1
exp_006,74,s1,s2,3.626247683780351,0,18.451184001901364,-27.918419162855113,5546.344200009723,1,1
exp_006,75,s1,s2,9.037043840696938,3,21.08686784875815,141.02777095031865,13484.253790905248,1,1
exp_006,76,s1,s2,1.373176448468064,5,22.2986593751897,13.994872452609087,11610.142542473202,1,1
exp_006,77,s1,s2,0.2042613886370778,6,18.252250462680696,24.84598491200909,7965.599122059307,0,1
exp_006,78,s1,s2,3.1331191504718974,6,20.409710298704244,149.77662345415405,9617.16143813119,1,1
exp_006,79,s1,s2,6.345595189280094,6,17.19750615310113,138.9468251756057,12270.567616153901,1,1
exp_006,80,s1,s2,2.0642564492103275,6,14.69855504304194,122.73975848211902,7349.7340499595275,1,1
exp_006,81,s1,s2,3.0508569102994954,7,16.218185235137604,169.33790330655768,8965.536819899633,1,1
exp_006,82,s1,s2,0.3530882752862318,6,18.41784661600239,31.702214439973286,10717.459831437487,0,1
exp_007,0,s1,s2,0.20039137300733972,0,3.9993297112397537,88.14615045572108,11379.542626847388,0,0
exp_007,1,s1,s2,0.17936200038133754,0,6.260491080691423,97.35519972919978,6443.876321336672,0,0
exp_007,2,s1,s2,0.15324183484241516,0,3.0026853407547787,-35.091756707472044,12850.977140957077,0,0
exp_007,3,s1,s2,0.09134083900139617,0,3.3966300045993543,34.30692710113114,9076.328579796558,0,0
exp_007,4,s1,s2,0.06339834692009931,0,3.978924006865424,49.674335364520985,5114.924732981153,0,0
exp_007,5,s1,s2,0.052556244802610654,0,4.487727035658267,104.26406589828693,14425.313075201168,0,0
exp_007,6,s1,s2,0.1373483332042609,0,3.8088929201060098,127.32318820738313,9462.012209775437,0,0
exp_007,7,s1,s2,0.1639096062592326,0,4.869615330504517,0.7168921800342454,7548.8224891488235,0,0
exp_007,8,s1,s2,0.13568553052337576,0,2.5072504472200476,128.47071334505176,13093.243982852624,0,0
exp_007,9,s1,s2,0.1543452312545901,0,1.613842055894762,172.45151156396201,7714.987541818678,0,0
exp_007,10,s1,s2,0.02636838020505637,0,3.6378967381668286,85.66394126193796,5776.407759887813,0,0
exp_007,11,s1,s2,0.17653392352185096,0,3.308260840562492,-7.830034831639399,12944.856336484907,0,0
exp_007,12,s1,s2,0.21574164628971865,0,2.4901414622357168,-3.7037979882394767,9145.160648167923,0,0
exp_007,13,s1,s2,0.001333961182144738,0,2.632771009669505,8.191276778375112,9110.936088804398,0,0
exp_007,14,s1,s2,0.1279879620409069,0,2.777795337077099,-20.473716060914526,9296.085921323633,0,0
exp_007,15,s1,s2,0.13494848174792562,0,3.0984628170742026,156.03687224083257,12894.321941951912,0,0
exp_007,16,s1,s2,0.03520949936833603,0,0.9386745440588582,127.54933287856566,9142.009255718303,0,0
exp_007,17,s1,s2,0.13183137637768708,0,4.118881620298399,191.6961326096892,6184.150391759319,0,0
exp_007,18,s1,s2,0.023812309968839068,0,2.101706254167696,74.51349224074332,7437.294825243418,0,0
exp_007,19,s1,s2,0.031142955692747117,0,4.198835296711357,60.50369873558702,10719.122038506008,0,0
exp_007,20,s1,s2,0.42864744442584124,0,4.498094562571122,74.84218839724932,13714.684213765338,0,0
exp_007,21,s1,s2,0.11362471582150238,0,4.489749607320581,74.11233274773666,7036.671377726849,0,0
exp_007,22,s1,s2,0.03968307395558657,0,5.236299620848241,169.22362190901939,5221.414754726295,0,0
exp_007,23,s1,s2,0.2902500411156041,0,2.9577986056879566,196.57195755635283,14331.272344083083,0,0
exp_007,24,s1,s2,0.05782047360110087,0,3.0101719017227206,119.89027258752355,6142.857699979794,0,0
exp_007,25,s1,s2,0.14473231975719833,0,4.092498538085353,135.79762088419506,14514.420287256811,0,0
exp_007,26,s1,s2,0.14982960032149245,0,4.0276945935014785,116.0113592749673,11732.464393545315,0,0
exp_007,27,s1,s2,0.052444977382660775,0,2.737443766432574,118.20335142842073,12146.412749087242,0,0
exp_007,28,s1,s2,0.21333779465622293,0,3.915417021230274,153.6688961158249,12526.38294071836,0,0
exp_007,29,s1,s2,0.0625591805270294,0,2.7330964458387346,116.83745244403943,6273.8641600033925,0,0
exp_007,30,s1,s2,0.03361845701670913,0,4.044191088790865,256.09484487130226,13205.987576765867,0,0
exp_007,31,s1,s2,0.05184691888636753,0,2.6740886872998058,99.47575115719978,9097.39236442939,0,0
exp_007,32,s1,s2,0.10434829253188344,0,1.6618409313768772,95.64006756184254,12430.815396313801,0,0
exp_007,33,s1,s2,0.1883400421725826,0,3.360679175692996,101.7065990755789,9504.785714705953,0,0
exp_007,34,s1,s2,0.07202475203616292,0,2.2491946949122594,95.31937953582761,12292.34742913643,0,0
exp_007,35,s1,s2,0.09375371874830157,0,2.1149002918328597,172.85393127682838,8694.819340313803,0,0
exp_007,36,s1,s2,0.004637831791923509,0,3.5814325187976133,89.83819603466135,8792.26537180449,0,0
exp_007,37,s1,s2,0.17800347109610193,0,2.610465008719666,152.5989977104666,11319.88680396189,0,0
exp_007,38,s1,s2,0.010023102985215533,0,1.339517332306176,190.9819676030595,10480.3235666424,0,0
exp_007,39,s1,s2,0.07362074918022438,0,4.338363731446385,43.51748851997592,12585.018809163907,0,0
exp_007,40,s1,s2,0.0014736306853684366,0,3.668649860160592,54.099561888909776,8866.201726338342,0,0
exp_007,41,s1,s2,0.10861422051832559,0,1.8508451157602024,19.509427315165663,6586.7887368968495,0,0
exp_007,42,s1,s2,0.029871743155235293,0,1.7383508941607346,199.4904552121762,12743.026829445951,0,0
exp_007,43,s1,s2,0.19145032348178936,0,4.589164419247926,112.81288960214673,8069.0451319457,0,0
exp_007,44,s1,s2,0.053609422851646875,0,2.1949426076565963,175.27078002542314,10885.049351589889,0,0
exp_007,45,s1,s2,0.020502466802674032,0,4.033925143085558,114.26724202216259,13686.396398234256,0,0
exp_007,46,s1,s2,0.12886030414969402,0,3.3792808718226492,180.4537086236641,10846.680901658248,0,0
exp_007,47,s1,s2,0.01434669661290074,0,1.1817595660028524,-3.6873093593268624,14584.978356677402,0,0
exp_007,48,s1,s2,0.05640275148981934,0,4.630667777237565,220.98958665052317,11367.61717044327,0,0
exp_007,49,s1,s2,0.1379250552417418,0,3.1599648557738154,23.438596840831117,13259.177073160305,0,0
exp_007,50,s1,s2,0.06219708271023799,0,3.8982818560280403,35.68329266585258,13237.67395799123,0,0
exp_007,51,s1,s2,0.006522173359661152,0,3.6140256472584804,126.41964059338602,9615.229275886068,0,0
exp_007,52,s1,s2,0.4092685348586703,0,3.6655839669441934,134.86565194561993,12478.385744120718,0,0
exp_007,53,s1,s2,0.01632346010805108,0,2.8106048592527864,25.638306612687845,7640.043499594659,0,0
exp_007,54,s1,s2,0.05365554351317462,0,3.9800935350701048,117.79446887771596,12837.723890172492,0,0
exp_007,55,s1,s2,0.056033968060406794,0,3.0679909075811667,28.438862201656278,12362.288825285501,0,0
exp_007,56,s1,s2,0.05734452737453441,0,2.3305243749108566,113.7610644378915,12480.047363714035,0,0
exp_007,57,s1,s2,0.16751163891705612,0,5.449459798958101,41.18483715383656,8040.302724479996,0,0
exp_007,58,s1,s2,0.038287878081932514,0,2.704081578983115,154.96886940912256,5136.985504089145,0,0
exp_007,59,s1,s2,0.008362321035679512,0,1.9682654202034888,155.66802529719692,6326.445776009532,0,0
exp_007,60,s1,s2,0.07166936718831994,0,1.2486300434321431,23.62147530953368,8905.936075817823,0,0
exp_007,61,s1,s2,0.007184872812458657,0,4.346062976730451,139.95441060941195,11761.253975882903,0,0
exp_007,62,s1,s2,0.014900534866048101,0,4.65154626919224,193.69587105150177,13684.107879413821,0,0
exp_007,63,s1,s2,0.04766297872237799,0,4.389955366887824,24.646403841080645,11330.72653499513,0,0
exp_007,64,s1,s2,0.06335305533303005,0,2.698963889879096,-46.447568235054845,13610.452995033118,0,0
exp_007,65,s1,s2,0.061834940584627046,0,3.006510436800896,135.7681973400317,14492.006931808914,0,0
exp_007,66,s1,s2,0.1788755397188663,0,3.9382219976557318,82.2531274283859,6100.632842011152,0,0
exp_007,67,s1,s2,0.2590896367925724,0,2.480607013585624,107.67204879771359,11442.567236508115,0,0
exp_007,68,s1,s2,0.3659229554847332,0,3.095156522682464,62.5726932689631,12477.943497593724,0,0
exp_007,69,s1,s2,0.16620931164287844,0,1.663991633364542,80.54188414570164,5423.422787723838,0,0
exp_007,70,s1,s2,0.08668487732575127,0,3.6373719775877937,96.65587307714311,5606.049077149098,0,0
exp_007,71,s1,s2,0.1156438486960844,0,1.0067811765893853,-2.517416078122481,11857.00542933644,0,0
exp_007,72,s1,s2,0.2410315468639268,0,3.4386622063510845,106.72364210314565,13816.156398779976,0,0
exp_007,73,s1,s2,0.08782721725827607,0,3.4446193724014122,152.04546751530563,5785.578309237271,0,0
exp_007,74,s1,s2,0.13492480227435794,0,3.1942028621562457,58.19110592563516,12026.40205858229,0,0
exp_007,75,s1,s2,0.006884389138238326,0,3.1643183319010117,94.67905599985058,11163.144922328964,0,0
exp_007,76,s1,s2,0.02827423182324953,0,3.834228406599549,182.18452476261194,10015.756999179484,0,0
exp_007,77,s1,s2,0.37375225785937494,0,1.9869704903898502,174.6008934680528,13000.734320768679,0,0
exp_007,78,s1,s2,0.21592061600074264,0,2.7459438018211477,84.1015216782569,7162.270091277797,0,0
exp_007,79,s1,s2,0.11750997043948526,0,4.62543185915878,170.3763228769186,14407.732996895009,0,0
exp_007,80,s1,s2,0.14957143622719593,0,2.645938453132911,56.806771706347874,9353.936461757356,0,0
exp_007,81,s1,s2,0.050411748828065144,0,3.7299114928828745,115.76709294503269,8060.51463522788,0,0
exp_007,82,s1,s2,0.08026878351066977,0,2.604184379897336,168.36364031410412,6681.181283992959,0,0
exp_007,83,s1,s2,0.06442636212543525,0,2.8883976691570985,61.44912908173751,10298.812610885261,0,0
exp_007,84,s1,s2,0.42201685190008886,0,3.5432966640822907,39.10381866174436,7197.067903914004,0,0
exp_007,85,s1,s2,0.002073429218507464,0,2.5512834313349013,154.52171706995546,8536.966865807339,0,0
exp_007,86,s1,s2,0.03602227000295149,0,3.199297309992064,114.33649195418957,5764.799554993131,0,0
exp_007,87,s1,s2,0.432218172387582,0,2.51115015725723,86.0783558680575,13293.142341257595,0,0
exp_007,88,s1,s2,0.12264758890815874,0,1.9307783347102407,118.2159760313975,9784.961162559619,0,0
exp_007,89,s1,s2,0.1516658326825909,0,1.920160846211481,43.69540455863918,5031.409060481221,0,0
exp_007,90,s1,s2,0.019145522400187354,0,2.8392625586881364,151.7923652433809,14842.34499234434,0,0
exp_007,91,s1,s2,0.0503697693880826,0,2.003658317826196,149.15588164882737,8638.096411409335,0,0
exp_007,92,s1,s2,0.021161771419202155,0,3.629914862046294,-1.971574915996599,14917.728809792494,0,0
exp_007,93,s1,s2,0.10912446358162287,0,3.173961149685708,48.04632168041094,12651.603288167664,0,0
exp_007,94,s1,s2,0.28204220269977764,0,3.0165493989091132,82.39721961440317,9708.673562231768,0,0
exp_007,95,s1,s2,0.10672735820055115,0,4.842651372883342,129.34761455916873,11580.825847491904,0,0
exp_007,96,s1,s2,0.012444335690115639,0,2.6955902536621883,112.10787453706169,11985.306252091372,0,0
exp_007,97,s1,s2,0.053810324433175606,0,3.9253980907967243,101.58907840807954,13898.837264734866,0,0
exp_007,98,s1,s2,0.1702959374051728,0,4.729114768069534,103.71396220414243,10128.970555188094,0,0
exp_007,99,s1,s2,0.20371952753227102,0,3.3938875948105784,95.92806095286102,14323.227582288775,0,0
exp_007,100,s1,s2,0.13532566443223845,0,2.3302681675116066,79.94656665384561,13547.034500931975,0,0
exp_007,101,s1,s2,0.01806856390029973,0,2.969420980496533,158.65162669128534,9065.567838081042,0,0
exp_007,102,s1,s2,0.2335013029261643,0,4.381783897451939,193.65103117877285,10587.659446243977,0,0
exp_007,103,s1,s2,0.046389355942953424,0,2.307015802668501,140.03740106616496,14388.94960041275,0,0
exp_007,104,s1,s2,0.2244176619581086,0,4.238237940646432,56.1503702744724,10732.231944495914,0,0
exp_007,105,s1,s2,0.0411960108027759,0,3.1354024824836113,16.578062304868592,10219.53003478564,0,0
exp_007,106,s1,s2,0.08889992430597046,0,3.6701000401251522,168.29088762810244,11002.81460528037,0,0
exp_007,107,s1,s2,0.005499958886476594,0,1.680678086220237,69.60257763574077,7653.701116019754,0,0
exp_007,108,s1,s2,0.08081932823050354,0,2.363710454321919,53.60330200311397,7370.847085173401,0,0
exp_007,109,s1,s2,0.2966230622813421,0,3.142092245620345,128.73506308326742,14245.224687319,0,0
exp_007,110,s1,s2,0.15409041585112315,0,3.742152804376457,149.94083223890755,11152.53653282414,0,0
exp_007,111,s1,s2,0.1428885885678996,0,4.887335898894415,105.9751260632341,14351.720867264934,0,0
exp_007,112,s1,s2,0.04712924848171004,0,2.7835888250074112,192.62823643875248,11743.996518139815,0,0
exp_007,113,s1,s2,0.14392451781420088,0,3.1314193440413507,79.62614142925686,7267.411844069446,0,0
exp_007,114,s1,s2,0.11087612287997223,0,4.53436353344102,91.11816473073132,6234.008152055964,0,0
exp_007,115,s1,s2,0.09843617560434625,0,3.722986263119221,77.31291935808358,14283.835056363074,0,0
exp_007,116,s1,s2,0.562634756777202,0,3.649228790305098,137.86967344886943,7155.00758867551,0,0
exp_007,117,s1,s2,0.04094837605714127,0,4.531899916544544,90.38504829854591,14149.658650779686,0,0
exp_007,118,s1,s2,0.020965875625184805,0,3.2248488160456383,124.27322623233708,11107.707306850387,0,0
exp_007,119,s1,s2,0.022294516009747307,0,3.099126536154637,67.82346511478045,11515.156833288924,0,0
exp_007,120,s1,s2,0.023671199947724892,0,4.127712008194879,108.92952586964014,13350.6594545502,0,0
exp_007,121,s1,s2,0.26221732003356557,0,1.5655346581503131,47.13335914126348,12494.260059808086,0,0
exp_007,122,s1,s2,0.0564072412871969,0,2.7532493379011242,76.57155386009,9185.822855314891,0,0
exp_008,0,s1,s2,0.29937276490784315,0,3.415065094935984,67.79769921436043,11322.381508678609,0,0
exp_008,1,s1,s2,0.08761210388757258,0,1.3973238551414058,39.22010020228759,5452.491890188879,0,0
exp_008,2,s1,s2,0.024578380388485727,0,3.0430830080243854,87.1724509723563,6058.532358779088,0,0
exp_008,3,s1,s2,0.20637209130801387,0,4.896412405772782,110.98921617122306,9108.570918404965,0,0
exp_008,4,s1,s2,0.08222991687925187,0,3.814169483332352,64.22415903708395,5987.3720688266585,0,0
exp_008,5,s1,s2,0.007867650391782555,0,2.2684574303803426,87.5820986793938,10850.78442206203,0,0
exp_008,6,s1,s2,0.025653908985070518,0,3.190714966716795,113.30961240936352,11997.052060994762,0,0
exp_008,7,s1,s2,0.09595741578800687,0,2.6362889509124527,123.86753198682368,13731.088427642277,0,0
exp_008,8,s1,s2,0.15582330394698574,0,3.3925976644659834,179.52516722824194,7462.441609706001,0,0
exp_008,9,s1,s2,0.055086305806449534,0,2.3021262313841127,137.86334667677025,6443.092007216031,0,0
exp_008,10,s1,s2,0.01229603980498705,0,3.023329508647177,76.62003297525018,7182.5987269372945,0,0
exp_008,11,s1,s2,0.4549902548838858,0,1.9235027315903581,111.06430608652663,11887.625408113654,0,0
exp_008,12,s1,s2,0.22802715668182666,0,2.746669668845054,107.33206421487311,13958.841811926595,0,0
exp_008,13,s1,s2,0.15795363818430774,0,1.8156950489808799,109.8663175307439,13345.90952595272,0,0
exp_008,14,s1,s2,0.04436883832759544,0,3.132918641750274,141.7739610911446,6826.723842396681,0,0
exp_008,15,s1,s2,0.015035656517822455,0,4.494251246256332,121.81675942077541,12815.056477421822,0,0
exp_008,16,s1,s2,0.032262886598353205,0,2.4666952665721293,111.28490689057615,9207.612017659258,0,0
exp_008,17,s1,s2,0.09205050095267359,0,2.8242180782334634,120.41358204510152,7497.721624465198,0,0
exp_008,18,s1,s2,0.10617794847427378,0,1.4642097314249822,154.5374675995213,14281.018355097865,0,0
exp_008,19,s1,s2,0.18634423465434416,0,2.2795851431961625,61.885874600134244,10123.003468870806,0,0
exp_008,20,s1,s2,0.1485328714673733,0,3.076238227681574,91.01002774242339,11482.35897382097,0,0
exp_008,21,s1,s2,0.02632888164208462,0,3.4094505219256237,108.43456626697163,5467.858449717685,0,0
exp_008,22,s1,s2,0.03851509282832677,0,3.9124833895474147,92.93534683969526,14622.614466091567,0,0
exp_008,23,s1,s2,0.05871942840876829,0,3.207960930680386,182.11380287702193,10377.829347413764,0,0
exp_008,24,s1,s2,0.03258679820909618,0,2.294394219527831,52.89567326225353,10563.280072570793,0,0
exp_008,25,s1,s2,0.002958864428956556,0,3.09906907592341,24.134689216075344,12101.147663372793,0,0
exp_008,26,s1,s2,0.010062624529338822,0,2.1230695492163454,44.26080476417423,13364.984906180334,0,0
exp_008,27,s1,s2,0.005151903743449523,0,0.7438676925070555,66.84032758123206,8165.867599086511,0,0
exp_008,28,s1,s2,0.033645166849540865,0,2.7281796967203467,70.0085561728551,5430.524027156685,0,0
exp_008,29,s1,s2,0.1518518556587867,0,1.833762106140694,-5.792078261661349,13935.945864501316,0,0
exp_008,30,s1,s2,0.10731053263686961,0,2.6032550210056264,86.71121517728615,12681.281783808821,0,0
exp_008,31,s1,s2,0.06941022682444549,0,1.432292206174229,79.27551370637153,10474.714898623186,0,0
exp_008,32,s1,s2,0.03207351637615549,0,2.856041606211989,110.14960564680388,13843.551504557536,0,0
exp_008,33,s1,s2,0.08196301590958838,0,3.538132964568466,141.5253978830044,11966.951114367486,0,0
exp_008,34,s1,s2,0.03920738836701903,0,2.2776372605110007,66.75652286880097,13571.916570595886,0,0
exp_008,35,s1,s2,0.17171724675561215,0,1.9281431977675214,91.33603541130516,8822.522519774584,0,0
exp_008,36,s1,s2,0.09658577648374128,0,4.485219241012726,87.91507742917551,14976.228222513855,0,0
exp_008,37,s1,s2,0.021211964898589224,0,0.6622451665648468,31.663413325854684,8044.925327489508,0,0
exp_008,38,s1,s2,0.022076577636334554,0,2.895286741374662,-35.174006488078625,14169.420482009158,0,0
exp_008,39,s1,s2,0.14974068432916818,0,3.1868043924776535,47.24547458375579,9422.522765195592,0,0
exp_008,40,s1,s2,0.15955896072702716,0,3.9428461717327297,155.51744899571466,8405.44835479897,0,0
exp_008,41,s1,s2,0.1634569739761324,0,2.4207998422786763,88.75133503558425,7349.942775346916,0,0
exp_008,42,s1,s2,0.17728453718395576,0,2.880737526409752,113.6796908169725,7645.1580398883825,0,0
exp_008,43,s1,s2,0.03283549839832722,0,2.8417361185960095,98.70894074758208,13579.550909150572,0,0
exp_008,44,s1,s2,0.13136289941390855,0,1.9009371794283514,59.39575340282177,11977.16307553293,0,0
exp_008,45,s1,s2,0.045273405056382124,0,2.8797294097974646,100.80646476225105,5618.857016804753,0,0
exp_008,46,s1,s2,0.0766509457973591,0,4.5642695189460305,120.5513327409364,6319.6531962396175,0,0
exp_008,47,s1,s2,0.0719867168589165,0,1.8380675083437552,84.55462341971159,7217.819781923186,0,0
exp_008,48,s1,s2,0.038207272562559805,0,2.6290419804284446,89.17859858620554,5899.162448597023,0,0
exp_008,49,s1,s2,0.02147407232088884,0,3.1417854204602698,74.80402643128686,7873.26716508902,0,0
exp_008,50,s1,s2,0.032815130665631624,0,4.212972729226188,37.41211568191288,13706.338814834906,0,0
exp_008,51,s1,s2,0.14233191265636466,0,2.878724524164331,188.39145292025893,11938.055569674118,0,0
exp_008,52,s1,s2,0.08046652104884366,0,2.3489359980851274,68.30272950532907,7963.920068752835,0,0
exp_008,53,s1,s2,0.24169041834522642,0,4.685665424892018,117.08501918154687,8465.587598165475,0,0
exp_008,54,s1,s2,0.052376864219792596,0,2.9217614076567355,95.54384352333832,13273.565548261455,0,0
exp_008,55,s1,s2,0.0879087995025951,0,4.079113303993927,71.05494838317836,7465.19905637983,0,0
exp_008,56,s1,s2,0.37310648192768814,0,1.7061805981955787,38.29394324954648,8119.119055367052,0,0
exp_008,57,s1,s2,0.013023570471692822,0,3.305062138965167,59.95162015520101,13751.18044558047,0,0
exp_008,58,s1,s2,0.15631294454706735,0,3.1433438825958895,43.56885014936525,6055.9154597664,0,0
exp_008,59,s1,s2,0.0046352513449296005,0,3.467826725235958,204.06348143833614,5820.236852114708,0,0
exp_008,60,s1,s2,0.003556422253262573,0,3.2458968269129045,-47.65375503256346,6172.8014780044505,0,0
exp_008,61,s1,s2,0.018519982917627405,0,4.240879572046903,64.86261116503067,10070.824240602667,0,0
exp_008,62,s1,s2,0.10158400391169589,0,1.3152993060141744,-3.234874497937623,11187.72077041005,0,0
exp_008,63,s1,s2,0.10947155162141914,0,5.22601888576669,100.54622427867777,5235.324944140988,0,0
exp_008,64,s1,s2,0.0561457494656059,0,2.3417097587407794,80.37852227710921,5995.4651280877515,0,0
exp_008,65,s1,s2,0.09243031598516793,0,1.3307106531260164,107.99383170070888,9709.500587725144,0,0
exp_008,66,s1,s2,0.06777312493544943,0,3.552567390657011,44.59704809414858,12809.193563860905,0,0
exp_008,67,s1,s2,0.15676413891909424,0,3.2835900115228327,224.8408920178248,5610.071430053949,0,0
exp_008,68,s1,s2,0.03394404558208058,0,3.683672421416917,97.22763189431036,8238.195749024315,0,0
exp_008,69,s1,s2,0.1082170238345595,0,1.74782555253566,138.29047456631088,11504.252488238642,0,0
exp_008,70,s1,s2,0.023868110420073044,0,3.3700028462103657,65.27558569861684,6134.408171039167,0,0
exp_008,71,s1,s2,0.57793313363384,0,3.367170160233434,38.270377710788026,9113.745714125893,0,0
exp_009,0,s1,s2,0.1770327971154374,0,2.9344854909412676,116.3930570375388,5876.498361946533,0,0
exp_009,1,s1,s2,0.006807732004344333,0,2.9096259688815587,148.86592580321647,8200.27316562392,0,0
exp_009,2,s1,s2,0.06471442709674657,0,2.878903311534206,-0.33893438832406364,13595.563969179368,0,0
exp_009,3,s1,s2,0.08972270320816315,0,2.013775513717481,170.92783431959253,12385.058785105188,0,0
exp_009,4,s1,s2,0.10984635543677211,0,3.189563856434631,50.36174121240897,7567.43496309758,0,0
exp_009,5,s1,s2,0.16301288492917412,0,3.1178845061033553,91.43245035981907,11737.017335421564,0,0
exp_009,6,s1,s2,0.1458860024249979,0,2.919434201687629,2.4196403229923558,12965.085197237084,0,0
exp_009,7,s1,s2,0.02646706532456003,0,3.2801102610465844,24.838903279356927,10235.635795298558,0,0
exp_009,8,s1,s2,0.03316513344445883,0,1.942942832284224,51.96017695812115,12715.120619984877,0,0
exp_009,9,s1,s2,0.10552679707017641,0,2.2492979729637015,97.76198461939133,5480.923104120355,0,0
exp_009,10,s1,s2,0.03505012394901757,0,3.0405984761562985,137.8249463920078,7717.8651608012915,0,0
exp_009,11,s1,s2,0.05094379112695612,0,4.69000993360376,154.4710962245025,6539.195097829051,0,0
exp_009,12,s1,s2,0.37736392534157925,0,1.896362128750602,106.78160043879767,13936.352533461337,0,0
exp_009,13,s1,s2,0.007757073252593981,0,4.01070216458611,137.45219722630196,8373.028364674863,0,0
exp_009,14,s1,s2,0.28400431103811047,0,4.727303925061958,111.042943622973,14241.077159112794,0,0
exp_009,15,s1,s2,0.3696104531257245,0,2.4850407406793096,143.55378644227977,14665.475165520824,0,0
exp_009,16,s1,s2,0.09891827968907346,0,3.2031492015912075,124.83877868834549,8072.389618477205,0,1
exp_009,17,s1,s2,0.046207438756506125,0,4.434132723233584,112.47922808945846,8179.825513403349,0,1
exp_009,18,s1,s2,0.0866860691836083,0,4.066683108714503,73.92571773221162,9667.280937679505,0,1
exp_009,19,s1,s2,0.007982579362504875,0,2.022019789457475,99.91341508871965,6141.399693096321,0,1
exp_009,20,s1,s2,0.28310361365459125,0,2.8636616529855137,153.01979526169413,14858.053208502059,0,1
exp_009,21,s1,s2,1.865455692059186e-05,0,4.51334450213947,174.07578964207917,9574.430558698881,0,1
exp_009,22,s1,s2,0.0505751805602582,0,0.7251132361776378,40.32288627824846,12304.924774822994,0,1
exp_009,23,s1,s2,0.014543676397943683,0,2.4800667655074595,75.3964964525677,7624.705851212645,0,1
exp_009,24,s1,s2,0.07449846625308786,0,2.1614068470361363,74.82216870913138,11756.213095982434,0,1
exp_009,25,s1,s2,0.003883054190327601,0,4.500649789733042,145.41680805405474,7149.165313867192,0,1
exp_009,26,s1,s2,0.004287000008984599,0,2.2306899755080654,86.93354702742661,6164.778496733371,0,1
exp_009,27,s1,s2,0.0293379916303929,0,3.2725158258209097,7.01102235145461,11783.918855030131,0,1
exp_009,28,s1,s2,0.08983794530066613,0,2.730159459328183,85.53177874410856,13787.692497929145,0,1
exp_009,29,s1,s2,0.08172428076571371,0,2.6757062831827576,146.69725830508682,11144.000074313239,0,1
exp_009,30,s1,s2,1.8540764137640457,4,8.040268796484218,49.44791176950945,6951.971645718825,0,1
exp_009,31,s1,s2,2.836825666191749,7,17.64258942197463,164.06962744914185,8418.47285498092,1,1
exp_009,32,s1,s2,5.176203619126236,1,5.343115696034808,143.51244969556552,11103.774953183276,1,1
exp_009,33,s1,s2,0.06101400506431952,2,23.091906644239177,86.94769040599238,14055.388379289012,1,1
exp_009,34,s1,s2,4.510175292403355,3,11.173888169976536,100.31422624459366,7181.7432959327325,1,1
exp_009,35,s1,s2,6.848007162654333,2,17.811720196170835,80.60999455668637,6646.284282586687,1,1
exp_009,36,s1,s2,1.340892566035552,2,17.17071110131108,121.35668643438304,12877.421883023699,0,1
exp_009,37,s1,s2,0.8329683356825514,4,17.155604820487046,68.23541976569551,7441.61608716153,0,1
exp_009,38,s1,s2,2.2783146763564304,7,15.241401401997035,78.5196278020938,10204.494041652859,1,1
exp_009,39,s1,s2,13.045066278899347,2,1.7545022836647028,167.57514517280606,8303.914736656165,1,1
exp_009,40,s1,s2,2.224210942240323,8,20.528158457620354,146.08517425501768,5469.729910981398,1,1
exp_009,41,s1,s2,6.5795204289285785,3,14.205321323356094,79.07644847414021,12659.715748551791,1,1
exp_009,42,s1,s2,1.334718275765141,4,15.261592739112416,124.54142503090478,14631.590270650666,0,1
exp_009,43,s1,s2,0.30472313496020975,2,8.692905041242996,125.36705109464373,10876.970182875459,0,1
exp_009,44,s1,s2,0.29798518223491255,9,26.535104584768053,91.06124581085471,12396.828977631081,1,1
exp_009,45,s1,s2,2.368652320940194,1,11.976689662523922,141.28631814735894,12315.621195611338,1,1
exp_009,46,s1,s2,1.1635163909556314,2,12.246907366989351,203.88385664597217,11757.612928952238,0,1
exp_009,47,s1,s2,2.4098339083828,5,17.542829386791595,181.52909851650315,9340.521760809566,1,1
exp_009,48,s1,s2,0.3411826436208163,7,18.716560647714598,38.92524684667173,6988.14060937403,0,1
exp_009,49,s1,s2,0.9458794494786481,3,12.024016345288542,98.24233865340915,11993.39466252643,0,1
exp_009,50,s1,s2,1.0032880855444117,4,5.70032569086697,69.73272983113593,14119.595841996332,0,1
exp_009,51,s1,s2,0.15715973486041535,5,13.64397403369637,69.43386103904461,6046.759705355334,0,1
exp_009,52,s1,s2,0.34412533167606196,2,10.553240034603961,168.9142046811337,6253.753492338733,0,1
exp_009,53,s1,s2,0.7312768488400979,4,20.097959065153976,26.152634517732555,13083.94882304023,1,1
exp_009,54,s1,s2,2.364597660249352,3,17.58710899594733,71.62475330564382,8847.325765074449,1,1
exp_009,55,s1,s2,1.4317312060824336,4,19.579926779728975,137.46829711350205,12148.995340913138,0,1
exp_009,56,s1,s2,2.1626733765959703,1,7.0552635854194525,174.00543959773077,13634.798949128131,1,1
exp_009,57,s1,s2,0.9233233834520838,6,15.306138042350863,103.73776616828155,5189.454033743546,0,1
exp_009,58,s1,s2,3.3287386052962518,3,5.933833569984773,47.06947047354004,14117.258769127757,1,1
exp_009,59,s1,s2,0.10280756241380368,6,19.329763419583227,85.87119506067711,6513.711712632749,0,1
exp_009,60,s1,s2,0.41185105365816793,2,14.625220174952997,124.2774647651068,11320.192084224363,0,1
exp_009,61,s1,s2,3.2375832776486346,3,8.779124436610838,183.21561938622702,5068.146979001282,1,1
exp_009,62,s1,s2,1.8527319752693585,9,15.772419978595305,105.51605529235952,7674.152784721076,0,1
exp_009,63,s1,s2,4.183484497489091,7,12.852674282494208,144.15230638505147,5537.7231166198335,1,1
exp_009,64,s1,s2,2.7667899696125526,3,10.840593782880628,94.53837849067277,11826.52605044199,1,1
exp_009,65,s1,s2,0.6717349033702911,8,22.370233000730504,166.57940162438496,8071.456481042115,1,1
exp_009,66,s1,s2,4.909566983523696,3,17.695720589750753,148.9184968884886,11360.473423391266,1,1
exp_009,67,s1,s2,1.2845466423502714,11,11.095224040670274,78.81122721960038,11120.085299594553,0,1
exp_009,68,s1,s2,0.9142928141262372,4,19.816483024297494,172.52403924479427,13634.846083691153,0,1
exp_009,69,s1,s2,0.3547383907095302,5,15.94423178565457,16.290715059304816,6715.9636706518995,0,1
exp_009,70,s1,s2,0.4581842584081328,2,11.64462286546728,93.5377371023741,8967.550564555293,0,1
exp_009,71,s1,s2,1.6061649469122408,9,16.011634074420705,127.10449624001868,12463.628843132416,0,1
exp_009,72,s1,s2,0.9333604079159598,2,20.568471188418393,2.7465633568144243,9787.048579655226,1,1
exp_009,73,s1,s2,4.9526337597517776,5,17.973892979122933,118.40808475267288,12227.846006215212,1,1
exp_009,74,s1,s2,0.6593972894270259,3,19.32963309152551,150.07343127670694,7344.994776740938,0,1
exp_009,75,s1,s2,3.459533769698211,4,11.482535591734067,110.46952333464084,9522.024791035386,1,1
exp_009,76,s1,s2,3.3589630221385565,6,18.23633743220244,7.063631445316421,7794.453073189026,1,1
exp_009,77,s1,s2,3.813892730677651,8,8.30419132231759,107.98716835253724,9281.551730301198,1,1
exp_010,0,s1,s2,0.08756804053982442,0,5.258827121908189,66.0846633742402,9802.942587913558,0,0
exp_010,1,s1,s2,0.10838335703347082,0,2.659083293908065,87.63361334610887,10964.3395462566,0,0
exp_010,2,s1,s2,0.06629856802420546,0,2.9236368006793656,84.88517837306551,6061.255854909955,0,0
exp_010,3,s1,s2,0.07579136354115151,0,4.597120534290251,26.445958215343435,13056.022187702383,0,0
exp_010,4,s1,s2,0.035620174711614,0,3.042352130767432,127.46075912500233,11182.90798754788,0,0
exp_010,5,s1,s2,0.11415376600657945,0,3.1374763451411454,204.4671324925899,9287.642911146835,0,0
exp_010,6,s1,s2,0.005528225464502281,0,2.9695596684972334,94.87891169915096,8336.608906336927,0,0
exp_010,7,s1,s2,0.04905250074787552,0,3.4172015743791935,68.32631072246714,13569.64414776239,0,0
exp_010,8,s1,s2,0.27922142145295437,0,4.90780878898128,96.37288383823802,13555.511234358724,0,0
exp_010,9,s1,s2,0.054178514727016694,0,3.4021926374477216,91.22412861064755,10156.76551077073,0,0
exp_010,10,s1,s2,0.06876699810223662,0,3.3617857622617384,154.2214788692198,8258.245840194488,0,0
exp_010,11,s1,s2,0.021286681011278823,0,5.112345888290289,169.84654696778176,7069.936012450582,0,0
exp_010,12,s1,s2,0.1906535827739137,0,2.765964228043424,66.19446323719353,11803.844137625221,0,0
exp_010,13,s1,s2,0.03203710682866599,0,3.5388312227920586,136.80394081711364,12890.228445481342,0,0
exp_010,14,s1,s2,0.012681858643837366,0,2.5679562350258656,63.63459686148468,10180.77165197561,0,0
exp_010,15,s1,s2,0.13783899899319924,0,3.50745433828654,141.78770069287506,14285.968815306383,0,0
exp_010,16,s1,s2,0.13422526324363263,0,1.9133748230462928,55.194248578170736,11961.9245030109,0,0
exp_010,17,s1,s2,0.021427123781004986,0,3.070890652822065,55.19842181172061,13216.415697789553,0,0
exp_010,18,s1,s2,0.01068948504475114,0,3.580098841635207,127.17282304770531,9822.740000815435,0,0
exp_010,19,s1,s2,0.0059018117322225975,0,3.5471416750604767,57.08223229402883,12117.779449909494,0,0
exp_010,20,s1,s2,0.22862716356569066,0,2.0008002944989736,110.9898367499051,6214.149055049721,0,0
exp_010,21,s1,s2,0.12770180088520397,0,2.452716350133791,49.57900345344051,9872.12006921914,0,0
exp_010,22,s1,s2,0.0025076685852620188,0,2.4554778413056795,25.755605087805645,7796.363184932063,0,0
exp_010,23,s1,s2,0.014661122181591175,0,3.816838709632252,129.73824573884653,7574.789761437249,0,0
exp_010,24,s1,s2,0.14890781753539706,0,3.1415507790793433,-21.152324950076682,13560.010748931529,0,0
exp_010,25,s1,s2,0.1386109105490406,0,2.6483748321390763,114.77149058608907,5697.194258337295,0,0
exp_010,26,s1,s2,0.22387161311611647,0,1.4850757246299473,59.9466504800088,12246.962542618245,0,0
exp_010,27,s1,s2,0.18104261929757343,0,2.5881454889552327,140.56811587023552,13522.123912016741,0,0
exp_010,28,s1,s2,0.004179532677772546,0,3.138298116799911,74.78895180389202,5631.063691155462,0,0
exp_010,29,s1,s2,0.0392463746056422,0,1.816224049181472,162.83429029510506,6795.997814400959,0,0
exp_010,30,s1,s2,0.033038169229361494,0,1.470651679486641,-31.798393379456336,12830.00231347202,0,0
exp_010,31,s1,s2,0.13869074667567968,0,4.193038584594708,92.54803419149088,6142.371385913958,0,0
exp_010,32,s1,s2,0.029484546872558172,0,2.583442370161797,155.98951753700936,14811.815587938421,0,0
exp_010,33,s1,s2,0.06278338625197205,0,2.557993168039596,166.04239531103536,9249.535190624303,0,0
exp_010,34,s1,s2,0.04826968844901495,0,3.379710524234558,187.5305375615468,14437.781113683692,0,0
exp_010,35,s1,s2,0.028886986631182988,0,2.7748998002412297,57.88145971363282,11167.12707646776,0,0
exp_010,36,s1,s2,0.19718358940096514,0,4.290213811994244,35.48244576278291,8501.98681023219,0,0
exp_010,37,s1,s2,0.09602937779597152,0,2.711827853845133,120.6391376411963,9042.416421070391,0,0
exp_010,38,s1,s2,0.5000466635060579,0,3.186013378199094,153.02961679911834,10166.275918542753,0,0
exp_010,39,s1,s2,0.033491398655026296,0,4.199642032783947,102.96471135360483,11851.745132777805,0,0
exp_010,40,s1,s2,0.034255232238786064,0,2.3516897298563046,58.78384939685609,6697.592013928265,0,0
exp_010,41,s1,s2,0.010052853740556629,0,2.049864247116493,90.06574435255187,6719.125577271044,0,0
exp_010,42,s1,s2,0.07925801529530609,0,1.9363541232700558,65.2758562068891,10153.051879943767,0,0
exp_010,43,s1,s2,0.01079940744127989,0,3.3612215964008807,111.19369051332964,12434.351739561944,0,0
exp_010,44,s1,s2,0.07610557202929641,0,3.423683599627155,139.19821239446236,5105.511224501898,0,0
exp_010,45,s1,s2,0.05010240709343492,0,2.585384250223027,147.20030713307455,5352.151735255235,0,0
exp_010,46,s1,s2,0.13711285005694265,0,2.5376474762066783,120.57241637942951,10373.404968431812,0,0
exp_010,47,s1,s2,0.02131380722239685,0,2.0246197648306627,146.80178272419536,8162.151225633301,0,0
exp_010,48,s1,s2,0.18641421387087853,0,5.04957492862454,85.70608519032625,9023.730507224676,0,0
exp_010,49,s1,s2,0.035383164308630664,0,1.955858977642149,118.98010508931273,8729.99835566863,0,0
exp_010,50,s1,s2,0.023450413580747852,0,3.31455217053677,106.93229473559013,14955.109680158663,0,0
exp_010,51,s1,s2,0.059834041916138836,0,2.6294999024923458,19.812397216683475,13472.694099627239,0,0
exp_010,52,s1,s2,0.023067896958934138,0,2.8630650113905958,119.57441865652504,14858.03659450305,0,0
exp_010,53,s1,s2,0.1823924589928621,0,2.413216970490515,149.71680399389643,5087.772119479295,0,0
exp_010,54,s1,s2,0.0481481907478995,0,0.4436821325286662,107.07202564616773,11345.564677415248,0,0
exp_010,55,s1,s2,0.09707108100699449,0,2.7681738307575245,33.69009221785579,9881.175434337349,0,0
exp_010,56,s1,s2,0.16769825325049434,0,2.8410304607301193,55.35726795611347,11285.021702362039,0,0
exp_010,57,s1,s2,0.02422698249597662,0,3.6698714547586606,110.07720008997107,14975.18131172675,0,0
exp_010,58,s1,s2,0.003298928873202426,0,2.2359542184061567,46.750058744542514,8991.261004449661,0,0
exp_010,59,s1,s2,0.027741120892818667,0,1.994146435251036,14.534515235447731,7390.145346659434,0,0
exp_010,60,s1,s2,0.09912106793280116,0,3.983922681430734,119.70358550567317,12408.692683852178,0,0
exp_010,61,s1,s2,0.07821386846335901,0,1.7141973659354752,143.6885998024398,10930.561899673576,0,0
exp_010,62,s1,s2,0.06718305132361663,0,2.6192055688607905,72.8845831937191,7916.93450721586,0,0
exp_010,63,s1,s2,0.25811035076689376,0,2.2415370377001307,51.48616080320813,8693.541300894323,0,0
exp_010,64,s1,s2,0.10898787531331251,0,3.2230875603805,152.80920698130475,11740.378674249567,0,0
exp_010,65,s1,s2,0.0016800817906618003,0,4.104494985442633,69.917379890928,5774.829737923859,0,0
exp_010,66,s1,s2,0.0331722900488781,0,1.464981237334125,126.87586915100576,14339.779741445192,0,0
exp_010,67,s1,s2,0.014047962527286517,0,3.0385036456348087,172.02925403009394,12503.30775819956,0,0
exp_010,68,s1,s2,0.03721009268417012,0,4.159234150284204,102.35358434039436,9668.780991231044,0,0
exp_010,69,s1,s2,0.044584948263281576,0,4.7858711243041165,114.85278857459548,9435.633454985027,0,0
exp_010,70,s1,s2,0.27948666448752024,0,2.7765570901368717,6.632771565024687,12569.276593414415,0,0
exp_010,71,s1,s2,0.11683518011298691,0,2.0491377145333116,91.05724392458463,5304.15880807968,0,0
exp_010,72,s1,s2,0.12978326921580882,0,2.686258722645709,121.0076646993143,6584.48037189906,0,0
exp_010,73,s1,s2,0.0064224001564774985,0,2.455636418490905,146.56704615915012,9016.968927597765,0,0
exp_010,74,s1,s2,0.06986627465867166,0,3.4427202751926433,149.81754937953923,11150.646298578113,0,0
exp_010,75,s1,s2,0.019318689128186316,0,4.82995966975421,105.60331875891194,14732.608830304918,0,0
exp_010,76,s1,s2,0.022490298472651327,0,4.14162886432949,77.89225148817398,5071.42081768245,0,0
exp_010,77,s1,s2,0.06101499363895149,0,2.6128795736524433,92.61389774584619,9502.362866726173,0,0
exp_010,78,s1,s2,0.029403381188902157,0,4.337806455426785,51.81549715740834,10215.50983910967,0,0
exp_010,79,s1,s2,0.013312853548842905,0,3.1111831433572443,118.8732359526993,12658.684256625316,0,0
exp_010,80,s1,s2,0.008252670274547829,0,2.6491152263710007,36.210192235001806,14358.261334028228,0,0
exp_010,81,s1,s2,0.06107558348187177,0,3.515054626352334,12.787893653035631,6119.345781347893,0,0
exp_010,82,s1,s2,0.09403423956164014,0,4.392164005221382,116.31348914641902,14866.87611617024,0,0
exp_010,83,s1,s2,0.028884738011390878,0,3.8962839601306065,101.05840722074299,12851.898844228414,0,0
exp_010,84,s1,s2,0.06682717614617653,0,3.972774396625016,105.8929326123774,7627.209435613028,0,0
exp_010,85,s1,s2,0.06391297480041443,0,3.3245675348741397,93.69480153401426,13236.455947530909,0,0
exp_010,86,s1,s2,0.1234437205385573,0,4.232921095047247,116.84964554472022,8922.67041523547,0,0
exp_010,87,s1,s2,0.05933957053905096,0,2.1753001396432086,166.6744249752534,5639.009420483738,0,0
exp_010,88,s1,s2,0.0077242458327188976,0,4.823491469299441,88.10496241154122,8929.093356048932,0,0
exp_010,89,s1,s2,0.029936464528988016,0,4.137805822697871,70.44934132364466,11252.161250314382,0,0
exp_010,90,s1,s2,0.27748277062212057,0,3.710003259037054,190.90054994735186,11101.960089858345,0,0
exp_010,91,s1,s2,0.2853736991607348,0,4.928373565808919,117.47760508125306,12486.98478439155,0,0
exp_010,92,s1,s2,0.023970763049826913,0,3.4474555421329707,84.60488288647001,5969.787625160954,0,0
exp_010,93,s1,s2,0.005731860608618335,0,2.4824139475337264,85.0870256342546,7954.22036313765,0,0
exp_010,94,s1,s2,0.009492566809943887,0,2.1572033977581384,119.30773440799078,13518.459258388879,0,0
exp_010,95,s1,s2,0.16993136645227933,0,2.9376306605633458,91.1168371987469,10138.665257132716,0,0
exp_010,96,s1,s2,0.15928014146636724,0,4.263766846055477,50.17920084168432,6875.044571189804,0,0
exp_010,97,s1,s2,0.13886910578809528,0,2.4438480717066655,79.40470800362242,6854.088503740543,0,0
exp_010,98,s1,s2,0.02009701200297031,0,4.217275089890565,102.270558655882,5796.050769925057,0,0
exp_010,99,s1,s2,0.12274335974367356,0,3.856939303718109,117.75281391194598,7441.475605069072,0,0
exp_010,100,s1,s2,0.05980367637706133,0,3.2162964584018705,128.78397612677293,8887.684128615969,0,0
exp_010,101,s1,s2,0.014088681509087327,0,3.537160501460956,21.45359714391163,12181.679475605137,0,0
exp_010,102,s1,s2,0.013287091005047389,0,4.1050184388516096,209.28899061355835,10139.55446690708,0,0
exp_010,103,s1,s2,0.11715802142023371,0,2.5157731185180476,146.1561133885443,13890.121901109595,0,0
exp_010,104,s1,s2,0.017510797250908712,0,2.4564070762763426,61.895235752717426,6195.308695470778,0,0
exp_010,105,s1,s2,0.026177942760565332,0,3.4126306230658754,69.87991889328194,5479.138679133337,0,0
exp_010,106,s1,s2,0.2966568258238612,0,3.0851220572978146,179.74767257026602,12793.651703351197,0,0
exp_010,107,s1,s2,0.07391844361320359,0,4.202056601065949,129.60201183503165,9051.080545878567,0,0
exp_010,108,s1,s2,0.0002711823492245165,0,2.6458472100614796,152.0253988674552,9960.42726016583,0,0
exp_010,109,s1,s2,0.0007796959597654691,0,3.330198674165594,99.73162638032592,7782.676608187697,0,0
exp_010,110,s1,s2,0.05032184158204304,0,3.9591329303254787,128.51710634031804,9173.916240061004,0,0
exp_010,111,s1,s2,0.03705838985358939,0,3.1790654292733844,122.12861767802839,6190.213044931411,0,0
exp_010,112,s1,s2,0.007141853761059099,0,1.4815463410329084,95.53806667287891,7539.847533762535,0,0
exp_010,113,s1,s2,0.21012142876211637,0,3.2558296484343936,75.62240589777616,7711.42253380588,0,0
exp_011,0,s1,s2,0.03462368928147022,0,1.9078787996514328,106.76691739461455,11916.434019733182,0,0
exp_011,1,s1,s2,0.15848015791272338,0,0.6283406391411077,202.103482646394,6067.118191023543,0,0
exp_011,2,s1,s2,0.10485543763081409,0,3.1571279189909407,108.8094911251346,11260.547089808013,0,0
exp_011,3,s1,s2,0.007826290217339419,0,2.392527712379693,79.78190036549886,7600.480402524339,0,0
exp_011,4,s1,s2,0.04862274151745636,0,3.145836470215384,129.2649718258169,13349.737856829623,0,0
exp_011,5,s1,s2,0.12390871625761168,0,3.324340210014868,73.36372508915483,7750.988815591244,0,0
exp_011,6,s1,s2,0.10191761104201652,0,2.0993286174875196,51.78999642883777,14306.722555623983,0,0
exp_011,7,s1,s2,0.002495316128246499,0,4.08005605913931,147.13942570700377,13363.785774103993,0,0
exp_011,8,s1,s2,0.3666699679510805,0,3.487305237044995,153.59649326058985,11473.421343730912,0,0
exp_011,9,s1,s2,0.013736722760166388,0,2.8748255716168356,142.34410519424569,5399.479732860944,0,0
exp_011,10,s1,s2,0.04498771171513196,0,3.54090851856099,143.80845835956166,9593.436555939565,0,0
exp_011,11,s1,s2,0.005667780187349985,0,1.9415593663583472,-24.903050874646972,14285.55532894136,0,0
exp_011,12,s1,s2,0.10246727621079946,0,3.2620668090867255,2.5219141122816424,5660.553078221601,0,0
exp_011,13,s1,s2,0.35960536541812793,0,2.6491505699235254,-10.917388002554063,8552.839742369226,0,0
exp_011,14,s1,s2,0.11473144065797576,0,4.255403609459896,147.29348218420728,7681.432296119208,0,0
exp_011,15,s1,s2,0.037931280211665884,0,3.3503702163863385,57.78379814084643,5397.971273356526,0,0
exp_011,16,s1,s2,0.091051329227412,0,1.2188415855343666,-11.52340095622295,5769.6918300801735,0,0
exp_011,17,s1,s2,0.1110983574762367,0,2.4469101830858677,134.79319195468926,9213.008816333646,0,0
exp_011,18,s1,s2,0.18253535032869073,0,2.6594012930901383,125.0071516556942,10505.706345413642,0,0
exp_011,19,s1,s2,0.021380374173656472,0,3.551885971822154,134.01151042088145,5487.663188131404,0,0
exp_011,20,s1,s2,0.18561622729213031,0,1.063247297497535,61.932236509552965,10464.763610253764,0,0
exp_011,21,s1,s2,0.009579886618797856,0,3.480744579767984,174.83552037229907,6865.900968731675,0,0
exp_011,22,s1,s2,0.020854094002161032,0,4.149672018878747,114.82884692651525,5174.982139873886,0,0
exp_011,23,s1,s2,0.005024610075075022,0,4.267651511187974,114.43640015049182,8267.388905686335,0,0
exp_011,24,s1,s2,0.04301898593818507,0,1.4484877509410707,133.10259173792366,5266.0836607768415,0,0
exp_011,25,s1,s2,0.13288881574772896,0,4.188596823087008,192.46810706931905,12416.841289918231,0,0
exp_011,26,s1,s2,0.11246406184348823,0,2.4199836673463153,42.17920916280716,6261.10141678625,0,0
exp_011,27,s1,s2,0.013909772844464242,0,3.850079332417553,120.88403761197003,14627.32583861139,0,0
exp_011,28,s1,s2,0.09897949720207694,0,3.323185482458206,164.19084299267806,11182.850210137198,0,0
exp_011,29,s1,s2,0.15207957726536278,0,3.845802872562928,125.70312762123879,5562.139054598785,0,0
exp_011,30,s1,s2,0.13764257632959037,0,2.538830267965381,137.828233745657,11404.47273993253,0,0
exp_011,31,s1,s2,0.03771139238267266,0,1.805477060233965,114.29016433973665,12122.202051771586,0,0
exp_011,32,s1,s2,0.01934516067455543,0,2.966074774072091,20.26220209183336,14148.349499968781,0,0
exp_011,33,s1,s2,0.023789478290788646,0,3.4206996310184787,71.10396115836447,10006.19532333931,0,0
exp_011,34,s1,s2,0.24279795363560047,0,3.3954209853880384,52.121552249239386,7328.791461518151,0,0
exp_011,35,s1,s2,0.017050417232899472,0,3.856702480242556,183.86885439027446,12548.274583623312,0,0
exp_011,36,s1,s2,0.037028510984065725,0,0.8303225822742979,40.290529945385536,14840.894639665143,0,0
exp_011,37,s1,s2,0.034566288093877774,0,2.0412215438132253,32.374565527963895,10645.940812903214,0,0
exp_011,38,s1,s2,0.029078387040876792,0,2.7859323022721387,118.97026988025549,13958.157315601948,0,0
exp_011,39,s1,s2,0.010922917109409775,0,3.690472686121513,113.28084965862668,6687.494383982295,0,0
exp_011,40,s1,s2,0.34522894362762613,0,3.6577631761503735,96.52338568788653,11768.20043630047,0,0
exp_011,41,s1,s2,0.03589444743378659,0,2.410887867218873,53.2201850618787,5930.17409262675,0,0
exp_011,42,s1,s2,0.015533066980890384,0,2.822082124195602,54.35945403517435,12955.783762575864,0,0
exp_011,43,s1,s2,0.015243296918962812,0,3.348341739246127,55.10849667871852,6971.829819680663,0,0
exp_011,44,s1,s2,0.010270852209120489,0,2.512294627051255,153.7166502385122,11558.207673273928,0,0
exp_011,45,s1,s2,0.07706238097116966,0,4.180128173741528,157.21465342799695,11287.34015059993,0,0
exp_011,46,s1,s2,0.03093843641791573,0,2.9468931983030893,72.45090982308753,13909.738846907037,0,0
exp_011,47,s1,s2,0.08428015870012388,0,3.5008315910042116,56.07630993289702,11742.935737000247,0,0
exp_011,48,s1,s2,0.390979785083581,0,3.7424589135926203,68.12062289620181,6070.291342110381,0,0
exp_011,49,s1,s2,0.1517311450611339,0,2.781133748264374,138.31214875202548,11306.352949830805,0,0
exp_011,50,s1,s2,0.05623693566980703,0,1.1789139307055037,70.11661583725714,12621.296204503245,0,0
exp_011,51,s1,s2,0.27516348232681753,0,3.370211889941741,129.21570832176548,7528.374006902893,0,0
exp_011,52,s1,s2,0.006965517603524845,0,3.4105500853276167,88.44652612711599,11331.786748957722,0,0
exp_011,53,s1,s2,0.12767394335517257,0,3.872824351005635,51.69216383147914,5281.215062779238,0,0
exp_011,54,s1,s2,0.04705179147046567,0,1.9943986243105343,118.00820919728835,13230.035744469347,0,0
exp_011,55,s1,s2,0.026792035947221265,0,1.9298084371056683,185.95203064209105,10960.435954776472,0,0
exp_011,56,s1,s2,0.011367336364613479,0,3.791859310388068,71.46797848999437,14993.503004722003,0,0
exp_011,57,s1,s2,0.023753569565479,0,3.8524686434329505,38.540820109979194,14654.486346006213,0,0
exp_011,58,s1,s2,0.24747307783204617,0,4.45211769918256,100.70746324828791,6357.458530999011,0,0
exp_011,59,s1,s2,0.3791496368180414,0,2.40358859203112,85.04091137862827,7717.175988981797,0,0
exp_011,60,s1,s2,0.16925792753171912,0,2.2506423105772226,88.9231701208131,8422.255247789046,0,0
exp_011,61,s1,s2,0.39836980909056796,0,1.823037887230032,191.02719539709076,6665.3851349727,0,0
exp_011,62,s1,s2,0.4281406742462024,0,2.4336054087852768,141.58083930902018,5700.686957211895,0,0
exp_011,63,s1,s2,0.005829199921078439,0,3.2094700836477728,50.77329747590159,14287.634212054923,0,0
exp_011,64,s1,s2,0.06866551554436495,0,2.8117386649136935,159.6556472925514,12085.835457678253,0,0
exp_011,65,s1,s2,0.13162935503107584,0,2.540343227727003,46.007877610925654,11373.021565380239,0,0
exp_011,66,s1,s2,0.007332001456471235,0,3.5457867135323555,-8.578570238022376,14962.244930446386,0,0
exp_011,67,s1,s2,0.06434689586827806,0,2.7224557436844483,164.56369195079395,12963.907226197089,0,0
exp_011,68,s1,s2,0.09048929382595186,0,2.784039479649768,146.87387462534625,11043.04419821479,0,0
exp_011,69,s1,s2,0.09943027627774298,0,1.907858406571267,87.31619612288095,5935.594069123355,0,0
exp_011,70,s1,s2,0.0016812085040206677,0,2.654835294550203,124.4627267538164,7115.06749281768,0,0
exp_012,0,s1,s2,0.2697143013879824,0,2.7052075492274703,53.16532600947342,5282.287596507063,0,0
exp_012,1,s1,s2,0.1932162497357942,0,4.32857947142146,28.44018887106865,12148.984380772887,0,0
exp_012,2,s1,s2,0.05618464460549008,0,3.4682432980715348,98.9911674149365,5048.684076555032,0,0
exp_012,3,s1,s2,0.0532182480495793,0,3.0216920555262843,52.68110063210913,5246.699545404871,0,0
exp_012,4,s1,s2,0.0522389615377217,0,3.179628599455004,24.68793071868457,14959.936491006996,0,0
exp_012,5,s1,s2,0.16121220371096634,0,3.3978520077693193,150.83148374431545,5415.598482722586,0,0
exp_012,6,s1,s2,0.023167695249225576,0,2.7961768748794267,132.35491966529037,6036.3672648079555,0,0
exp_012,7,s1,s2,0.12120230066501395,0,1.9414743135428851,54.080575563967066,14979.774555582604,0,0
exp_012,8,s1,s2,0.1952907045531101,0,3.292892569154715,97.19274340073977,11501.132234192137,0,0
exp_012,9,s1,s2,0.13548827206369907,0,3.788784983127301,113.15404008561111,11237.437260875957,0,0
exp_012,10,s1,s2,0.014389911715966583,0,3.0638531650282226,43.08093057221261,5371.133199623023,0,0
exp_012,11,s1,s2,0.008410988209947219,0,4.209949258558712,155.1144687464576,8414.694066084423,0,0
exp_012,12,s1,s2,0.02428486340528966,0,2.4500497805595236,130.49257718998075,10420.270696663796,0,0
exp_012,13,s1,s2,0.34485670424059933,0,3.2738572803991253,35.61839017772333,8770.077119587446,0,0
exp_012,14,s1,s2,0.3350369338289114,0,2.3209568174414104,23.374686303484047,14828.601178554205,0,0
exp_012,15,s1,s2,0.07688850150855091,0,1.2975181982934125,100.9243035328215,12013.635603104414,0,0
exp_012,16,s1,s2,0.001447724317215784,0,3.1222397518484954,72.28852284261697,8416.745738184542,0,0
exp_012,17,s1,s2,0.3064361758237366,0,3.2831710053363636,126.7123466437528,13181.455811278014,0,0
exp_012,18,s1,s2,0.11006098314319746,0,3.33832518878458,76.14796296115897,7101.919687188464,0,0
exp_012,19,s1,s2,0.039073836354219696,0,3.151179643112906,166.06558573262618,13599.407141834092,0,0
exp_012,20,s1,s2,0.023957191066111133,0,2.2477199954848395,109.74024575803172,11430.609935400296,0,0
exp_012,21,s1,s2,0.14377309827279167,0,1.4291879668608432,128.53474080177722,5313.426688588667,0,0
exp_012,22,s1,s2,0.01272072993115874,0,3.616225778793552,108.67434866135444,7065.344039720064,0,0
exp_012,23,s1,s2,0.1328124133732996,0,3.063263154804086,155.5086970469051,11692.657958436577,0,0
exp_012,24,s1,s2,0.16874822501753728,0,2.117004776499117,47.97681146903607,5006.275166284562,0,0
exp_012,25,s1,s2,0.32993846863233484,0,3.1145436744433543,109.03871193629202,5790.760209766481,0,0
exp_012,26,s1,s2,0.05933070758292609,0,3.4369610753903936,105.50826743472707,14028.6802343215,0,0
exp_012,27,s1,s2,0.1193213609059478,0,2.726350212321987,75.56208113102817,8200.56726885291,0,0
exp_012,28,s1,s2,0.1440328493418871,0,2.5308258005379924,161.71239077137366,9178.839966176096,0,0
exp_012,29,s1,s2,0.004552997560419399,0,2.5880301308869718,10.838925935810128,6169.830463852576,0,0
exp_012,30,s1,s2,0.06037955554725147,0,3.254580432643561,155.2819255020556,5789.298550384123,0,0
exp_012,31,s1,s2,0.021278651954917235,0,0.7858262668263452,79.65415079998598,8587.270195460987,0,0
exp_012,32,s1,s2,0.07534651766959684,0,4.336265360422232,118.99460184017417,8409.665634624847,0,0
exp_012,33,s1,s2,0.1637149778970936,0,2.5566792297238092,91.95318226004653,10541.876510047912,0,0
exp_012,34,s1,s2,0.08864948822325429,0,3.132347699508747,112.72008858253919,14177.726524944395,0,0
exp_012,35,s1,s2,0.23897478659126561,0,3.634903811584933,219.57774104957295,10574.409671636,0,0
exp_012,36,s1,s2,0.3831863735805808,0,2.6614016033850123,111.74576237597205,12784.284067813998,0,0
exp_012,37,s1,s2,0.01869780400820754,0,1.5674033702084589,86.97497052968336,11895.830655332298,0,0
exp_012,38,s1,s2,0.20980922799901083,0,2.5373753799483483,88.39877447916808,7984.930980749633,0,0
exp_012,39,s1,s2,0.11158455050021215,0,1.7954063520886698,53.51830239112515,6844.351905842649,0,0
exp_012,40,s1,s2,0.06881923298806258,0,3.9530015927659816,53.78537705720673,5766.224019922027,0,0
exp_012,41,s1,s2,0.10907424366832584,0,2.934502919160274,19.832704517062826,7860.899220312606,0,0
exp_012,42,s1,s2,0.12829030166465105,0,1.9337832789562974,218.95045067010463,13183.005094393819,0,0
exp_012,43,s1,s2,0.11498835705434003,0,3.458891396361899,77.37597200067992,9288.843893947102,0,0
exp_012,44,s1,s2,0.02094695431132755,0,2.0218406554744375,54.09424137827405,10192.069746034602,0,0
exp_012,45,s1,s2,0.02670563730937671,0,4.573412147525846,127.90683615132245,8215.330088383407,0,0
exp_012,46,s1,s2,0.0035265284392462406,0,-0.04777731239359673,78.80822890503117,5380.491783100909,0,0
exp_013,0,s1,s2,0.1177419690262897,0,2.5331093830592004,68.68542889061908,13421.937308731145,0,0
exp_013,1,s1,s2,0.023484433405544215,0,3.2010149807086536,78.86427701536451,9025.263554901421,0,0
exp_013,2,s1,s2,0.2526229426502525,0,2.306689254410832,112.71707546492604,14478.565672536608,0,0
exp_013,3,s1,s2,0.029915734714319592,0,1.9869704883771622,15.638812503214938,5512.242964043133,0,0
exp_013,4,s1,s2,0.06862021973434834,0,2.7458456473301505,51.663354092777496,8507.097879920842,0,0
exp_013,5,s1,s2,0.14821010312317479,0,2.56800062182919,118.89416337916171,8665.511873792262,0,0
exp_013,6,s1,s2,0.04673721522712178,0,3.380952835693413,77.75261847689153,12072.283283354232,0,0
exp_013,7,s1,s2,0.02111924835392398,0,2.188078340892007,86.27438502255377,11282.06597093044,0,0
exp_013,8,s1,s2,0.01293935931918604,0,4.332076192716774,6.9480035333942425,14113.418162164087,0,0
exp_013,9,s1,s2,0.0807658953525891,0,2.578522252694227,43.44788128520574,13431.448650297454,0,0
exp_013,10,s1,s2,0.10334230867400068,0,3.890522177645469,118.29546689574137,13939.730574625046,0,0
exp_013,11,s1,s2,0.2523139147194711,0,3.097913737608642,55.04937223078494,12405.095212183185,0,0
exp_013,12,s1,s2,0.14143928320876784,0,1.861941681344733,118.22398639232456,12974.205539416644,0,0
exp_013,13,s1,s2,0.12733633745807946,0,2.9250103808727794,57.1216212926928,6739.773995218035,0,0
exp_013,14,s1,s2,0.04117000737415674,0,2.9489393348850177,87.65573017156548,10498.769211562105,0,0
exp_013,15,s1,s2,0.09664861891767074,0,3.969548066889097,123.56762454138644,7154.6290727573005,0,0
exp_013,16,s1,s2,0.01283810469549652,0,2.816130700183379,109.41166363505671,14747.600813361953,0,0
exp_013,17,s1,s2,0.18485725765198077,0,3.389169810223448,100.0354313840261,5973.767291080042,0,0
exp_013,18,s1,s2,0.036106422156098716,0,1.6073512422167464,164.16895825233257,14283.725519807918,0,0
exp_013,19,s1,s2,0.00678785870087861,0,5.205529568265414,159.96683904641256,11527.28123777224,0,0
exp_013,20,s1,s2,0.02952657201969404,0,4.023776301620816,79.8281150689321,6949.427689701598,0,1
exp_013,21,s1,s2,0.17537000869278752,0,4.52892899481374,118.2685461107657,12136.073662634715,0,1
exp_013,22,s1,s2,0.023257727855341602,0,4.058780673490247,109.90658255679378,9321.162368019293,0,1
exp_013,23,s1,s2,0.33989230765552597,0,1.8657195468537664,92.41331207897461,8894.346800776731,0,1
exp_013,24,s1,s2,0.3030373541315007,0,3.800765426739591,80.39092194012079,13812.506816818897,0,1
exp_013,25,s1,s2,0.043106991778420936,0,3.221852516803045,79.41392094222041,8115.12299013986,0,1
exp_013,26,s1,s2,0.15275059793523485,0,2.273051040982651,-41.4724405532037,12779.094067485368,0,1
exp_013,27,s1,s2,0.048185490875305124,0,0.9277073138275611,52.40399298853913,8673.405152772799,0,1
exp_013,28,s1,s2,0.07464352566790664,0,2.4893013864902356,157.0431607805373,10242.547205377366,0,1
exp_013,29,s1,s2,0.11108690734334095,0,2.073532981758883,51.993563067585875,14334.131270234548,0,1
exp_013,30,s1,s2,0.12856695050099073,0,4.857928760058249,148.54024262686013,5292.994431034183,0,1
exp_013,31,s1,s2,0.09626042500641285,0,6.01471170930221,131.32973999979478,8594.23826830817,0,1
exp_013,32,s1,s2,0.008498495634527712,0,2.1225452599968997,-20.227476292519487,5527.09789853439,0,1
exp_013,33,s1,s2,0.003829002510353262,0,3.3126509912073225,189.12271082786572,10087.059842162667,0,1
exp_013,34,s1,s2,0.6963913606475268,4,18.664145409108723,36.28839404616024,11509.717452185445,0,1
exp_013,35,s1,s2,4.350533761559772,4,12.222776035674993,101.09328710911113,10692.302120914479,1,1
exp_013,36,s1,s2,6.338527469321788,6,14.070377595256147,20.03026189028444,9554.655720063618,1,1
exp_013,37,s1,s2,2.1815508117277957,5,18.65500313392741,126.92174786082262,14678.645659513553,1,1
exp_013,38,s1,s2,5.514471729235824,3,25.92547447518056,65.66423284983523,10572.518333184107,1,1
exp_013,39,s1,s2,3.3931595341225833,3,19.140294074466546,153.55402502014024,14906.42737172179,1,1
exp_013,40,s1,s2,0.8139483910673244,7,8.917095979321452,43.923492628748626,10120.88576698664,0,1
exp_013,41,s1,s2,7.062451295639783,3,13.323779590659866,32.94676433492156,8855.525014916693,1,1
exp_013,42,s1,s2,6.175031343520827,5,9.105382543508373,89.016527382452,14475.65126324043,1,1
exp_013,43,s1,s2,3.640171320966293,9,15.422333931949737,46.53727531224602,7688.615449790066,1,1
exp_013,44,s1,s2,0.05315332799318167,5,15.422592379076637,64.32076650464121,13410.961706161013,0,1
exp_013,45,s1,s2,14.400314099280237,5,14.424451530383804,82.70403354764146,7652.285225026746,1,1
exp_013,46,s1,s2,2.896631586004818,4,18.530642745546633,159.53730580126236,13238.963816246644,1,1
exp_013,47,s1,s2,2.606902039881416,6,12.596760292558793,226.96908113914307,11225.753978327817,1,1
exp_013,48,s1,s2,0.02524448147623894,6,11.325981463948208,17.165374022020487,7176.997988572324,0,1
exp_013,49,s1,s2,8.455065261285077,2,18.445822285371676,65.81828588568061,7011.752322888795,1,1
exp_013,50,s1,s2,0.20862631776551827,1,15.74798978759394,104.89135873539614,13545.154359107495,0,1
exp_013,51,s1,s2,2.8735187144469125,5,17.397537740008044,136.4470597285225,14807.611743888516,1,1
exp_013,52,s1,s2,0.42309657507525145,4,12.875504553985968,152.90111940579064,13416.154597578152,0,1
exp_013,53,s1,s2,2.0220713288217476,3,18.99029936676171,41.16640854649683,13882.72196511506,1,1
exp_013,54,s1,s2,1.5401966189937442,6,15.68676239703518,245.9086777530046,6444.364841550776,0,1
exp_013,55,s1,s2,1.458787462858964,3,18.97300191472606,148.68111247139234,8662.863862065222,0,1
exp_013,56,s1,s2,0.1359713455241911,5,12.926865497140684,50.241302005038115,11970.13013934263,0,1
exp_013,57,s1,s2,2.053110461415856,3,16.09329653378649,77.68397423828277,14200.381641090526,1,1
exp_014,0,s1,s2,0.019586866038432838,0,2.8547606592722037,148.5696551071548,6428.459075919237,0,0
exp_014,1,s1,s2,0.144499013615282,0,3.5750963631286745,159.85954789794678,13534.655532025532,0,0
exp_014,2,s1,s2,0.1337020397926449,0,2.8282291493965968,149.65199414402514,12475.971280994425,0,0
exp_014,3,s1,s2,0.8300322992672262,0,2.4193095850703563,116.92715128702582,10183.187224291829,0,0
exp_014,4,s1,s2,0.08851501503418184,0,2.5792887694081315,78.83538791543002,14151.67137974555,0,0
exp_014,5,s1,s2,0.0625872592971382,0,3.1457775091673823,67.57360933808016,11018.26348633048,0,0
exp_014,6,s1,s2,0.006667494426411187,0,3.042394986738791,122.74880845595104,10597.957221797642,0,0
exp_014,7,s1,s2,0.07342096508721747,0,1.5379664832323996,134.34310636432207,7872.413479748408,0,0
exp_014,8,s1,s2,0.07160864652105497,0,4.249530723651727,121.05866132909738,6569.172720372271,0,0
exp_014,9,s1,s2,0.0015136523331377885,0,3.7998062928201564,15.029052745115868,6382.831734047477,0,0
exp_014,10,s1,s2,0.05553390952382923,0,5.163100942680612,157.22751728721906,7744.117210003751,0,0
exp_014,11,s1,s2,0.05108750182963661,0,3.194055066383755,154.62110011471802,9102.928029439465,0,0
exp_014,12,s1,s2,0.040490018926199474,0,1.8944152909860412,143.34730829552936,7546.616864324468,0,0
exp_014,13,s1,s2,0.6317224869251477,0,2.6301709114554876,83.60317388112473,5986.852277599206,0,0
exp_014,14,s1,s2,0.08670372111823582,0,1.5563132632724352,168.48425811801425,10354.133355114678,0,0
exp_014,15,s1,s2,0.15530553622939872,0,3.25215550566762,163.0506988290004,6796.569658368459,0,0
exp_014,16,s1,s2,0.010509783649750951,0,3.15665355660374,79.04610470281771,13075.36255397993,0,0
exp_014,17,s1,s2,0.07106676733027821,0,3.0533216684288056,66.53087326732238,14357.492615245505,0,0
exp_014,18,s1,s2,0.09103414413811724,0,3.5362534949056985,127.64119740358048,14321.290997806529,0,0
exp_014,19,s1,s2,0.14706710982951618,0,2.17332232086657,138.50517832792283,5599.251553210815,0,0
exp_014,20,s1,s2,0.07289805246431753,0,3.7621517136520333,77.31805755416181,8876.246252024594,0,0
exp_014,21,s1,s2,0.03903709746526001,0,2.818363066952917,128.91511410556396,8902.879086631365,0,0
exp_014,22,s1,s2,0.011215217083810826,0,1.783392768336942,149.10164581199055,10856.041678395071,0,0
exp_014,23,s1,s2,0.08949004049863814,0,3.9649795504861376,143.12549785601308,10144.524344015394,0,0
exp_014,24,s1,s2,0.040195918245908624,0,2.503907376340092,144.02331805224506,10075.090944693315,0,0
exp_014,25,s1,s2,0.05129154445940483,0,2.7855562161675973,155.9214966465702,8860.991888374843,0,0
exp_014,26,s1,s2,0.11706144105817634,0,2.116289564103185,111.52483106058568,10081.688063439633,0,0
exp_014,27,s1,s2,0.13298323233968964,0,1.7208385846456695,69.70657769183536,13728.302341533203,0,0
exp_014,28,s1,s2,0.16850520065237407,0,2.2959123644076262,68.7104653110189,12151.367768111755,0,0
exp_014,29,s1,s2,0.03782664605682286,0,2.1652248207066105,76.7602898040858,7639.7551970982995,0,0
exp_014,30,s1,s2,0.05577557446760726,0,2.1365846951821843,161.40687996432692,8286.043394798427,0,0
exp_014,31,s1,s2,0.033535141854593595,0,1.6674542262207408,95.46942198843696,9856.307340321255,0,0
exp_014,32,s1,s2,0.12179890958609703,0,3.0667621253543897,60.22763820665057,13544.550831854034,0,0
exp_014,33,s1,s2,0.0004896434011806528,0,2.9383819552077277,161.45251531738077,11593.57387278844,0,0
exp_014,34,s1,s2,0.0714744705994715,0,4.259479712305691,95.68418272775335,12558.863795678164,0,0
exp_014,35,s1,s2,0.06604907276425911,0,3.137325575855229,170.44607801358615,9815.891402193625,0,0
exp_014,36,s1,s2,0.11412072331880274,0,3.351955365935016,149.00020922831897,12628.47902346479,0,0
exp_014,37,s1,s2,0.14493215943941598,0,1.6665261728222651,57.579163591910046,13011.640671751586,0,0
exp_015,0,s1,s2,0.07106839359717464,0,2.118310524388132,166.1744244845664,8257.022115777023,0,0
exp_015,1,s1,s2,0.06397502212112666,0,2.494273997069662,158.83484965838454,13546.190257884777,0,0
exp_015,2,s1,s2,0.16205140714150684,0,4.32850400884438,48.18318555321361,6596.327567734401,0,0
exp_015,3,s1,s2,0.2266075283365686,0,1.9482495699077498,-13.186430464821196,12057.59051036985,0,0
exp_015,4,s1,s2,0.17194773388364254,0,3.723966519591114,40.849438797160964,8919.980438891485,0,0
exp_015,5,s1,s2,0.045997872533789806,0,2.077427727641296,177.69794544564272,8461.085001644076,0,0
exp_015,6,s1,s2,0.18072086442964685,0,3.299251993259985,66.08188769261307,7487.253937906246,0,0
exp_015,7,s1,s2,0.0015619595049996158,0,3.364279760781657,43.09521311290009,12091.271914859373,0,0
exp_015,8,s1,s2,0.0021282661233718325,0,3.750251445973931,57.51483512078035,8097.332489460121,0,0
exp_015,9,s1,s2,0.1957238249654406,0,2.209924046401726,180.64983586248283,5763.024541740795,0,0
exp_015,10,s1,s2,0.13193843437193073,0,3.758178308351264,33.000446521255746,9542.144197652475,0,0
exp_015,11,s1,s2,0.19909180816238536,0,3.6007877156684374,22.60632694884569,10057.72833869211,0,0
exp_015,12,s1,s2,0.0018151884725540652,0,4.0302992136185285,134.02055319687412,12952.878490476842,0,0
exp_015,13,s1,s2,0.014559763371561103,0,4.256569101726981,90.00057582887199,8026.792103787547,0,0
exp_015,14,s1,s2,0.06306394864839111,0,2.72092766465719,13.018648065773931,13878.3792259288,0,0
exp_015,15,s1,s2,0.06071974571518429,0,0.8803605249531845,161.7104412310395,9601.171832033255,0,0
exp_015,16,s1,s2,0.0015290505273954352,0,2.497580219861458,14.338155872567038,11337.96975992729,0,0
exp_015,17,s1,s2,0.05979314244022876,0,1.9039545037465484,20.572881913722483,7422.933292004665,0,0
exp_015,18,s1,s2,0.2583546900747158,0,2.676670209204352,100.72239716761281,5194.462584195466,0,0
exp_015,19,s1,s2,0.36104984938381285,0,3.6442026106961567,70.64182001073429,5582.753015605745,0,0
exp_015,20,s1,s2,0.2540369509306043,0,3.194410208282617,151.1937331065002,5089.986572832558,0,0
exp_015,21,s1,s2,0.029815118153186784,0,2.004711333245205,-16.10906719693146,7976.787585623721,0,0
exp_015,22,s1,s2,0.003350287417073731,0,3.670808492095916,225.14812878014865,7830.006354290777,0,0
exp_015,23,s1,s2,0.003871584689209319,0,2.9926453463511846,110.09661005329781,12560.042417740771,0,0
exp_015,24,s1,s2,0.06020532129568684,0,2.9222430670551334,90.67179199925327,8201.101410059011,0,0
exp_015,25,s1,s2,0.1822339740013924,0,1.7153062989241457,144.1150189772847,14677.399546590861,0,0
exp_015,26,s1,s2,0.03879324558420646,0,2.4084527923278545,51.22699861619935,9860.441984846542,0,0
exp_015,27,s1,s2,0.10909437804245077,0,3.494226082297333,101.47641205038883,12239.891642356915,0,0
exp_015,28,s1,s2,0.023831410620463164,0,3.3145789837867246,67.03100841800338,6584.52440180763,0,0
exp_015,29,s1,s2,0.15496458268951518,0,1.89550463989147,39.71663728239384,5107.98392389512,0,0
exp_015,30,s1,s2,0.12073493888935667,0,3.270058620962979,80.86345350357779,9918.678219172069,0,0
exp_015,31,s1,s2,0.15337731507097013,0,2.214796706546418,107.8908819321956,12656.52336705183,0,0
exp_015,32,s1,s2,0.00723551084347682,0,1.7057326784253937,95.79343797376488,12523.35177977885,0,0
exp_015,33,s1,s2,0.2425784081299435,0,4.302799930519758,229.87585629222252,12639.631963256179,0,0
exp_015,34,s1,s2,0.0005091753981575803,0,3.6713973713412846,158.939816389276,9716.631827851603,0,0
exp_015,35,s1,s2,0.0847762586198237,0,3.1306274087750086,76.10017339566707,11260.981019870467,0,0
exp_015,36,s1,s2,0.22182512736479013,0,2.181567680096066,100.54739081735222,8061.959204820812,0,0
exp_015,37,s1,s2,0.10660369111042332,0,2.202655444361021,52.63624574790956,13204.690163608535,0,0
exp_015,38,s1,s2,0.08778389002025476,0,0.9902655346939886,104.71992817392918,12309.280359330334,0,0
exp_015,39,s1,s2,0.0339281988565817,0,2.763031724428746,106.53369695386988,13645.413415820836,0,0
exp_015,40,s1,s2,0.06922804830026678,0,5.048631530797783,43.266733505927945,11241.920728962705,0,0
exp_015,41,s1,s2,0.014160409151396505,0,2.183597651698081,146.6791885200137,14049.61880169914,0,0
exp_015,42,s1,s2,0.17029283976688797,0,4.094117459084337,72.6711843876771,8563.904992999041,0,0
exp_015,43,s1,s2,0.010641405002591831,0,3.1040182139630184,115.74185949475958,9560.995266625916,0,0
exp_015,44,s1,s2,0.050712141205546735,0,2.595900651129416,60.15053341265565,9854.976402826635,0,0
exp_015,45,s1,s2,0.06500868195564134,0,1.694641474415633,94.23578995733907,6449.3252710950055,0,0
exp_015,46,s1,s2,0.029405914459386364,0,3.7965149607928406,139.8066832461881,13097.704038972623,0,0
exp_015,47,s1,s2,0.2176970484225088,0,2.1433394490665885,63.1503834671736,9655.056665274797,0,0
exp_015,48,s1,s2,0.0308006105158909,0,3.7857412897111966,167.716494838728,13749.876880526515,0,0
exp_015,49,s1,s2,0.008636246411049186,0,2.7552201420945366,124.58344160048453,9906.94345926984,0,0
exp_015,50,s1,s2,0.057734198565663954,0,2.5436376198667365,174.55841571126916,14435.531456494095,0,0
exp_015,51,s1,s2,0.2328250475617203,0,3.392933460921418,124.71277114403036,6035.12947006131,0,0
exp_015,52,s1,s2,0.011363277602646826,0,3.4423283109989926,102.27213661661106,9386.847028997936,0,0
exp_015,53,s1,s2,0.0778176890104385,0,3.146210408715418,156.49014258197815,10694.765146630107,0,0
exp_015,54,s1,s2,0.04203359183584651,0,2.238836758734683,105.49079644210205,12646.435726141122,0,0
exp_015,55,s1,s2,0.033503613447169615,0,2.711638118776434,142.2898428178606,6428.241104868826,0,0
exp_015,56,s1,s2,0.11903380954355276,0,3.501859190395525,66.82154709936339,14681.122364061166,0,0
exp_015,57,s1,s2,0.15120973806230908,0,3.0641280938399738,84.67028192551001,11954.106709697244,0,0
exp_015,58,s1,s2,0.1745591745201107,0,2.9692784513952577,65.71441114221696,10353.708726383944,0,0
exp_015,59,s1,s2,0.018527575130574018,0,2.367709106848241,6.100192121308723,13332.096879578015,0,0
exp_015,60,s1,s2,0.2650832308359098,0,1.6699714590037495,181.29376527708584,7540.31017798986,0,0
exp_015,61,s1,s2,0.40249221114419725,0,2.340023615010555,154.10813887552007,13170.004834976307,0,0
exp_015,62,s1,s2,0.05255890983068885,0,4.167164017474378,58.71522865496713,5796.539276204229,0,0
exp_015,63,s1,s2,0.0049781514855629224,0,1.012024333192395,4.833976148483988,13956.441530638349,0,0
exp_015,64,s1,s2,0.013485008604756321,0,2.191338496044293,194.48172127787709,12636.030670880136,0,0
exp_015,65,s1,s2,0.490596702651098,0,2.5894379250774606,107.26219750367272,6045.628647543415,0,0
exp_015,66,s1,s2,0.21286661126337797,0,4.30333686620339,105.5160681555844,13566.12336224926,0,0
exp_015,67,s1,s2,0.26265790886933577,0,3.075891038520775,131.13315969725733,8410.20172256034,0,0
exp_015,68,s1,s2,0.3266619488445406,0,2.2785506568025578,103.92444454327281,11427.76550059865,0,0
exp_015,69,s1,s2,0.08859670532809731,0,3.29227664156891,137.75805675479864,8490.524244615513,0,0
exp_015,70,s1,s2,0.3388055881845482,0,3.5142570786126845,159.4666417156242,7929.2520340312285,0,0
exp_015,71,s1,s2,0.04676708264501246,0,2.466991750363534,110.58309716498519,7566.805916502634,0,1
exp_015,72,s1,s2,0.12514171414151343,0,0.5114234773751889,74.52756716644919,6514.576224004145,0,1
exp_015,73,s1,s2,0.05831258056612646,0,2.243909071182688,143.3641705043499,5053.985421836775,0,1
exp_015,74,s1,s2,0.11041422542346946,0,3.0781200695960993,117.28110593046588,6199.218589271301,0,1
exp_015,75,s1,s2,0.03867411393324327,0,2.637101770575856,124.9440097089846,11076.95903497608,0,1
exp_015,76,s1,s2,0.05152875772480658,0,3.574858495682403,73.20599478546424,12428.312764656903,0,1
exp_015,77,s1,s2,0.10835002507689706,0,2.669661950397561,89.17076051174692,10761.593298259662,0,1
exp_015,78,s1,s2,0.08067142414044703,0,3.0294356575681074,42.089282645551286,13296.95684417064,0,1
exp_015,79,s1,s2,0.043048043032524005,0,1.9697847039862055,89.58584001204906,6229.218799989728,0,1
exp_015,80,s1,s2,0.09664484207233491,0,4.096434561876077,134.69837576021874,10566.820526817535,0,1
exp_015,81,s1,s2,0.10377786315565266,0,2.039110364433962,126.51845304545957,12167.185857676419,0,1
exp_015,82,s1,s2,0.12241428691898093,0,2.2231578521092636,55.183114882226256,11547.707136020883,0,1
exp_015,83,s1,s2,0.049443737894354724,0,3.622878823842038,58.939068789564466,6541.475243363341,0,1
exp_015,84,s1,s2,0.1935470481525706,0,2.027418531034317,101.80919719783016,11940.723335309844,0,1
exp_015,85,s1,s2,1.8305675648764999,4,8.419828700365711,63.73616959450252,11834.344870539171,0,1
exp_015,86,s1,s2,2.8790577045972703,7,21.511723616978276,55.5519836981188,5800.8950967116125,1,1
exp_015,87,s1,s2,0.5058092639136259,5,9.401119754353708,153.4601964520462,11259.839139179536,0,1
exp_015,88,s1,s2,0.4078995666660227,6,14.316008800073186,57.602347171548224,8557.93127820993,0,1
exp_015,89,s1,s2,1.81487233278681,5,9.939612786351145,204.7824108735225,6880.157171962889,0,1
exp_015,90,s1,s2,2.647061551899475,4,16.69033456069825,132.29860814097685,7161.259983487622,1,1
exp_015,91,s1,s2,0.5065311249271062,5,13.656864140567052,175.02102188440742,12536.101314779871,0,1
exp_015,92,s1,s2,7.788512455738621,7,14.841144136016224,201.89287751183485,5939.90929416602,1,1
exp_015,93,s1,s2,0.8587704036498245,6,15.648035194856057,145.29948446800026,13684.761512027695,0,1
exp_015,94,s1,s2,4.495889743337334,5,23.477398146919057,135.20377189640791,13538.659935252035,1,1
exp_015,95,s1,s2,0.3775381815937783,1,13.037191533350866,110.5640362220776,12164.5298155879,0,1
exp_015,96,s1,s2,0.717954508719866,9,15.438109617208756,225.3665949807826,13670.799971584236,0,1
exp_015,97,s1,s2,7.626678752506911,6,17.553244955325667,83.60633517665215,10614.779437366768,1,1
exp_015,98,s1,s2,0.5142834850875385,7,11.658483816427779,154.09347578439284,12211.592682138773,0,1
exp_015,99,s1,s2,2.680817825809823,8,13.787169089844276,111.59565912812236,9561.587411198225,1,1
exp_015,100,s1,s2,1.6949450137880315,2,12.357312871911505,142.1087782574434,13748.972345979262,0,1
exp_015,101,s1,s2,3.69364520320705,7,15.110982486295502,238.86497057845617,13555.888940755634,1,1
exp_015,102,s1,s2,1.891257016057296,6,7.765493545958217,162.93547290991336,7926.714457594242,0,1
exp_015,103,s1,s2,1.2463688980987229,4,15.67614605588341,124.9524417741487,12067.185770445602,0,1
exp_015,104,s1,s2,0.884694762876405,7,20.95185240035605,150.93283649566504,9892.29900204613,1,1
exp_015,105,s1,s2,1.2069619321361822,5,15.555200754854534,106.92027170770305,8743.059934063247,0,1
exp_015,106,s1,s2,0.6576823811712569,7,17.101336052397993,114.9825961698373,13057.468921781201,0,1
exp_015,107,s1,s2,2.3064723322644105,4,12.63413538932333,107.29357825758379,14262.799618484072,1,1
exp_015,108,s1,s2,8.151280313657606,4,9.8109082312146,173.90338627597106,6455.675098332357,1,1
exp_015,109,s1,s2,1.3026528228087877,2,20.04036013912077,103.56398028421373,13378.732701193627,1,1
exp_015,110,s1,s2,5.35929316874307,4,9.057495839627325,70.14817297869973,12559.65848931248,1,1
exp_015,111,s1,s2,2.555474790754835,4,15.841042031152494,147.40109241773928,13119.091149599048,1,1
exp_015,112,s1,s2,4.12484299671999,3,17.317772149993214,135.85822638469014,13418.253643652626,1,1
exp_015,113,s1,s2,0.8881636999973308,2,18.804883870459133,125.66519552809444,9151.63586604104,0,1
exp_015,114,s1,s2,3.6191357026943742,7,16.329850839085353,92.78265286260782,6724.463889738591,1,1
exp_015,115,s1,s2,2.166564627153975,5,17.668151395067188,184.04628115043326,12383.512771211948,1,1
exp_015,116,s1,s2,0.3814832400937065,6,12.202468672274026,114.77502415567503,5335.458714121578,0,1
exp_015,117,s1,s2,2.0547191915251464,3,13.23164707856687,99.25193675299633,5919.845106708,1,1
exp_015,118,s1,s2,0.9888699489650298,3,17.20349400764123,59.890766509855744,6421.408535979177,0,1
exp_015,119,s1,s2,2.552567505828515,2,15.81692852479094,52.42637420321392,14283.357720056218,1,1
exp_015,120,s1,s2,0.14086257690592255,7,15.880396444656899,151.6387876279212,10164.443419028215,0,1
exp_015,121,s1,s2,3.245506515549046,6,12.020296513412132,96.37073947988571,5137.331880825783,1,1
exp_016,0,s1,s2,0.10436612520169056,0,2.147237834766355,128.1211865065589,5795.881473720425,0,0
exp_016,1,s1,s2,0.28200499401347606,0,3.6589541347810366,77.68339606164075,13634.914504628183,0,0
exp_016,2,s1,s2,0.14807043499728903,0,3.393114656058034,79.7722541220802,12692.505592415868,0,0
exp_016,3,s1,s2,0.09081315837021631,0,1.7745115207811735,57.996998222909696,6218.89212080359,0,0
exp_016,4,s1,s2,0.07128542289017165,0,1.1965962657727394,154.65614879409782,9753.590676808686,0,0
exp_016,5,s1,s2,0.045179357509851796,0,3.7589443197586707,113.33498947510361,6639.202620469448,0,0
exp_016,6,s1,s2,0.04803106605123802,0,3.343867813147937,50.580278076656356,12288.705094885958,0,0
exp_016,7,s1,s2,0.26869650524332134,0,3.151032909055136,67.98406204102922,5571.3271934333,0,0
exp_016,8,s1,s2,0.2242188146617884,0,5.035009109334789,117.91033169351874,13315.739259104525,0,0
exp_016,9,s1,s2,0.016288443450302573,0,2.22553835607569,80.68477507610469,9684.612370870866,0,0
exp_016,10,s1,s2,0.09120648626902553,0,2.922227299735584,77.1947575125117,13951.000290662443,0,0
exp_016,11,s1,s2,0.4054301773233226,0,1.9603660571752204,121.0542495109903,14058.493899993058,0,0
exp_016,12,s1,s2,0.07261825348034336,0,3.810577920330005,145.0353859520998,12091.807037944047,0,0
exp_016,13,s1,s2,0.02235684179278015,0,3.6652715062900945,48.946850089657204,7197.227501103969,0,0
exp_016,14,s1,s2,0.05774493339386873,0,3.669622632380284,133.25112347219869,9532.617725258597,0,0
exp_016,15,s1,s2,0.15711307812546077,0,3.451469586563796,149.38675505126542,7284.258523084201,0,0
exp_016,16,s1,s2,0.032022149071536485,0,2.277114798923835,82.53522658973894,7731.5962036994515,0,0
exp_016,17,s1,s2,0.02351139418092652,0,3.880915169033245,95.18266842528537,6044.8031675395805,0,0
exp_016,18,s1,s2,0.12739230051471193,0,2.3836345708176596,114.27779447701985,14225.724049058,0,0
exp_016,19,s1,s2,0.08404233491125812,0,4.301592998003993,65.42938978617975,7573.654584016341,0,0
exp_016,20,s1,s2,0.11825696188886854,0,5.073778682803283,60.68479734308356,7212.378198066836,0,0
exp_016,21,s1,s2,0.11303311943687849,0,2.8479091138532016,177.2866571076758,11177.269240617943,0,0
exp_016,22,s1,s2,0.0609405336346626,0,2.994724402890954,148.7856268991333,13418.087090288189,0,0
exp_016,23,s1,s2,0.16162211580651578,0,1.5738862828568954,76.3573603510977,9060.82132559771,0,0
exp_016,24,s1,s2,0.17499500468404636,0,3.1388320827178133,22.628893581542442,13060.967479607474,0,0
exp_016,25,s1,s2,0.04361472401217595,0,1.7173705680730602,135.8539518498082,6092.794453681599,0,0
exp_016,26,s1,s2,0.1581746022142371,0,2.720075457677993,75.44851509610064,13551.0942199744,0,0
exp_016,27,s1,s2,0.042536574943792343,0,2.5679561857552256,190.37951610961537,6007.528439595763,0,0
exp_016,28,s1,s2,0.12293686289535916,0,3.9733659524856146,131.19479715382883,8976.34985732753,0,0
exp_016,29,s1,s2,0.04099442156074044,0,2.8845796987975874,20.81960327899013,10518.287335341685,0,0
exp_016,30,s1,s2,0.09990606900095816,0,2.986667152963538,82.86467231933685,8333.678381165628,0,0
exp_016,31,s1,s2,0.05962444766414683,0,1.2671263483543707,195.05603656338036,9148.468503015949,0,0
exp_016,32,s1,s2,0.1319471259424838,0,3.9079991561824574,125.32103874985155,7499.5898123949555,0,0
exp_016,33,s1,s2,0.09404003207007039,0,1.19182207746984,159.12971795349446,9860.575419026809,0,0
exp_016,34,s1,s2,0.0376560126316551,0,2.632297673782213,76.99245191617958,6055.136464012011,0,0
exp_016,35,s1,s2,0.11490730092891661,0,3.3957354624650478,107.05777073455975,12296.784136472414,0,0
exp_016,36,s1,s2,0.005344913101444707,0,5.098732354050425,30.72953040909353,14760.78332472519,0,0
exp_016,37,s1,s2,0.07599375447367723,0,2.743597444467704,33.14624460560809,10847.568083373048,0,0
exp_016,38,s1,s2,0.1694058614072841,0,1.733103287073406,121.933398127913,9948.2845662142,0,0
exp_016,39,s1,s2,0.13559989197149652,0,2.997787330529438,178.40025155216597,8052.145301288591,0,0
exp_016,40,s1,s2,0.3639806740855487,0,2.029616018248747,186.37760213103408,7804.632242046524,0,0
exp_016,41,s1,s2,0.13134268091253473,0,2.3317310001558846,73.75935831588552,10298.338889620703,0,0
exp_016,42,s1,s2,0.034247255226518995,0,2.1210529967521468,114.82756607156527,11549.411045673216,0,0
exp_016,43,s1,s2,0.0333093091564951,0,3.737625930130502,64.70604929698925,11085.715931739742,0,0
exp_016,44,s1,s2,0.35371790234065953,0,4.482299486152912,48.376051605256386,5635.357224239186,0,0
exp_016,45,s1,s2,0.050459067951802244,0,3.044818197100168,126.66368013917968,7878.795033348446,0,0
exp_016,46,s1,s2,0.012814133157086122,0,3.966040798057363,167.86623309632213,8739.387136037747,0,0
exp_016,47,s1,s2,0.3014738795888855,0,2.7669030789628506,127.40631643636452,7522.528338551704,0,0
exp_016,48,s1,s2,0.07640427394331648,0,3.572385232307903,56.971510528871896,8849.587226375572,0,0
exp_016,49,s1,s2,0.05146574191867484,0,2.7838956288166807,49.17378189086988,9809.416080843035,0,0
exp_016,50,s1,s2,0.047210474216634074,0,2.5094291651141343,92.504944267081,11855.386205626233,0,0
exp_016,51,s1,s2,0.057308127196651126,0,3.5173372946836405,75.01933381892613,13025.60748151628,0,0
exp_016,52,s1,s2,0.06662942262892634,0,3.956622811735491,30.18940928124838,7881.521357774031,0,0
exp_016,53,s1,s2,0.026919786987434788,0,2.560300049064191,70.22883985619788,14361.255715401347,0,0
exp_016,54,s1,s2,0.07343030287706336,0,3.9026602893824855,83.66013285503547,8949.902705490325,0,0
exp_016,55,s1,s2,0.04079811255637528,0,2.48022521036997,37.74827703743212,8166.84356016926,0,0
exp_016,56,s1,s2,0.1131044449284091,0,3.617063044735203,15.905982248873096,5658.921650319727,0,0
exp_016,57,s1,s2,0.021231385065630833,0,3.657201101296054,93.0365646666207,8772.519857156954,0,0
exp_016,58,s1,s2,0.10908647421634593,0,2.435885199388405,81.47836992947802,5585.366000800501,0,0
exp_016,59,s1,s2,0.036443857240944434,0,2.673321434091013,82.84687283071685,12607.5930838695,0,0
exp_016,60,s1,s2,0.0015964833420840077,0,0.9288201174195336,149.6667250803884,10065.499999085472,0,0
exp_016,61,s1,s2,0.08274336861295935,0,1.8642491521417062,48.273068457585644,12334.018493349056,0,0
exp_016,62,s1,s2,0.20500923778859026,0,2.7157098894466616,137.67021854395927,10513.17390662814,0,0
exp_016,63,s1,s2,0.044557352060114984,0,3.2377611645948927,50.20260046083838,10251.408517696296,0,0
exp_016,64,s1,s2,0.022689251890863744,0,4.407238136767764,88.5953384001483,10904.261031078913,0,0
exp_016,65,s1,s2,0.010194117612026534,0,4.820871810123474,121.56499065318582,12927.034057807514,0,0
exp_016,66,s1,s2,0.0991870190148079,0,3.4725573993838226,60.95151464199229,11773.418460815165,0,0
exp_016,67,s1,s2,0.0024730168309727756,0,1.2554350481019638,53.91734401108688,11694.120642536434,0,0
exp_016,68,s1,s2,0.024351950362619598,0,3.798348051349108,108.7786030857744,12978.023722086078,0,0
exp_016,69,s1,s2,0.25441184069287165,0,1.731308023156827,189.3298511963348,13598.544903351218,0,0
exp_016,70,s1,s2,0.029010460709960648,0,3.0493248366995593,110.43317416249576,12935.37402228831,0,0
exp_016,71,s1,s2,0.008948667746268846,0,3.5681840033403978,65.1989919199524,5219.865220393236,0,0
exp_016,72,s1,s2,0.1697602604565759,0,4.305402426265166,21.024729145636357,11960.314069891137,0,0
exp_016,73,s1,s2,0.0419272826189959,0,3.5900047611044714,227.01955488407168,12422.010091211325,0,0
exp_016,74,s1,s2,0.07128102580016907,0,1.1425212173365966,29.32425134014026,5264.469025976675,0,0
exp_016,75,s1,s2,0.04088064868466333,0,3.895525537416974,12.981608719275739,13472.96745535494,0,0
exp_016,76,s1,s2,0.05820966897077567,0,3.501171264488668,100.55476101597897,11932.095422188677,0,0
exp_016,77,s1,s2,0.007355633050057403,0,3.57724837237553,66.95528315069085,13414.397599562448,0,0
exp_016,78,s1,s2,0.09615354772201923,0,2.7775218667001416,103.40614250703258,13285.302595815085,0,0
exp_016,79,s1,s2,0.15524679993882282,0,3.8784535729984397,49.2812522009025,7148.546064249981,0,0
exp_016,80,s1,s2,0.00411659714355243,0,2.4710774976146896,75.40606539751731,8377.479967348472,0,0
exp_016,81,s1,s2,0.05420574615692421,0,-0.254478941297708,159.772635587649,7706.746059652894,0,0
exp_016,82,s1,s2,0.0029604591921172482,0,1.4461069955524573,178.3254563352954,7986.721573875497,0,0
exp_016,83,s1,s2,0.20169629619944052,0,3.616422104814734,121.25666233568607,9949.82794712461,0,0
exp_016,84,s1,s2,0.014033304536922711,0,2.020161227458508,132.70640010855462,9412.296690917168,0,0
exp_016,85,s1,s2,0.006720959348940872,0,2.860201080989251,106.07895002696908,14030.975070493098,0,0
exp_016,86,s1,s2,0.19967974372754707,0,4.662555081114022,87.95197085720409,11194.450738181533,0,0
exp_016,87,s1,s2,0.16249355952375757,0,4.418402546036583,83.07821075925904,9624.568170651479,0,0
exp_016,88,s1,s2,0.28296381360630724,0,0.010606978836786407,45.50782074897622,12850.718615635127,0,0
exp_016,89,s1,s2,0.17236020204702066,0,1.7050226113650766,111.01837744190018,9677.582309575795,0,0
exp_016,90,s1,s2,0.34442876627277863,0,3.728818637659636,129.62776539643843,5328.2549881924015,0,0
exp_016,91,s1,s2,0.06308476565458075,0,4.042541592092509,123.15810489394106,5492.736535827715,0,0
exp_016,92,s1,s2,0.19135128543837843,0,1.618567347469702,111.04488280406937,8172.552164497,0,0
exp_016,93,s1,s2,0.03311875974094449,0,2.348089964614363,102.2436617829851,6585.361584999236,0,0
exp_016,94,s1,s2,0.16750065286082788,0,2.6348173837062654,74.83781723491595,9533.706056041574,0,0
exp_016,95,s1,s2,0.07279889426052441,0,2.691322590325217,177.2492397691183,12898.646210355388,0,0
exp_016,96,s1,s2,0.09632416444984972,0,0.9657511404890768,37.88753842654386,12435.442696372946,0,0
exp_016,97,s1,s2,0.08692572044436053,0,1.8587637831552721,80.61191086467387,7268.371023254951,0,0
exp_016,98,s1,s2,0.08568456724540113,0,3.521691259580983,-33.78423245181183,6706.774353022337,0,0
exp_016,99,s1,s2,0.10873942043616683,0,2.5524028094835867,132.5941973968484,9915.142258318267,0,0
exp_016,100,s1,s2,0.37101982542723116,0,3.9690405516353495,14.991199369058815,5901.957002002444,0,0
exp_016,101,s1,s2,0.09314424477681571,0,3.9180314686799864,134.35335348180598,12041.043607716369,0,0
exp_016,102,s1,s2,0.0890937449955458,0,4.126347532434978,92.12893331132945,14568.35667543063,0,0
exp_016,103,s1,s2,0.06912213819092711,0,3.1361746747478296,135.2586660954859,10383.841868964331,0,0
exp_016,104,s1,s2,0.06060208205992647,0,3.061028583556321,18.876733455371998,8799.599522597526,0,0
exp_016,105,s1,s2,0.05950866555206111,0,1.9097649198142492,92.88757856801071,5479.577324369877,0,0
exp_016,106,s1,s2,0.14934765999637728,0,4.514714612494403,120.53372927099004,6498.627988865516,0,0
exp_016,107,s1,s2,0.08482320960757755,0,2.1755146943464885,62.65361533139025,5115.260140529853,0,0
exp_016,108,s1,s2,0.013965378032931637,0,2.2938713878138945,82.42315618756976,14858.584404109375,0,0
exp_016,109,s1,s2,0.036908397350042886,0,2.723988938283519,83.04608131865758,10877.032283414765,0,0
exp_016,110,s1,s2,0.006618630344124009,0,2.685585216633225,20.221637688888617,5221.344510294971,0,0
exp_016,111,s1,s2,0.10236260426213856,0,1.4203725474448243,70.4349276651731,7068.371106166085,0,0
exp_016,112,s1,s2,0.10613832045845761,0,1.7578209302715064,83.75581890041306,11891.090814868241,0,0
exp_016,113,s1,s2,0.08325754296013133,0,3.658935354853684,154.2413870078054,6150.109368280978,0,0
exp_016,114,s1,s2,0.11868559041320002,0,3.6517110765969125,95.71959755359396,6416.113506178993,0,0
exp_016,115,s1,s2,0.10295529136766318,0,3.466445800839806,93.97459016170518,8299.748952902764,0,0
exp_016,116,s1,s2,0.3275073481048929,0,2.722796884658317,124.23453898092042,13035.417768264277,0,0
exp_016,117,s1,s2,0.5427106149660531,0,2.5939088711084364,20.565593481120516,10201.807365667597,0,0
exp_016,118,s1,s2,0.034945980122939,0,2.552782185271144,13.545041128397472,6711.024784134019,0,0
exp_016,119,s1,s2,0.2065573009422475,0,2.5003864067772676,112.34046590904263,11500.924511399315,0,0
exp_016,120,s1,s2,0.10603241537084772,0,3.143764643108585,95.76447835685732,14321.33915398283,0,0
exp_016,121,s1,s2,0.12750622269362244,0,2.731701822941945,108.72715299765511,10138.758347782335,0,0
exp_016,122,s1,s2,0.02634227131023665,0,3.4768135950246046,75.5079028996797,6350.3813668054745,0,0
exp_016,123,s1,s2,0.06323374219932192,0,1.7496864170406865,110.54075389795955,8161.048879408956,0,0
exp_016,124,s1,s2,0.05525035968170129,0,1.888221700865558,51.68104531039655,14722.297092163575,0,0
exp_016,125,s1,s2,0.016648540606465003,0,3.7745804977317414,108.95570056842337,7879.34094093219,0,0
exp_016,126,s1,s2,0.0205212742495491,0,4.312084416107226,146.80512175984754,11880.305189519813,0,0
exp_017,0,s1,s2,0.031467463159516394,0,3.412665023181822,114.38488035058587,7215.27151902367,0,0
exp_017,1,s1,s2,0.062277789005573084,0,4.070579467578278,95.74778304809884,12627.990528758053,0,0
exp_017,2,s1,s2,0.07196497277487082,0,3.90822212659595,122.32245994083652,5095.389540255449,0,0
exp_017,3,s1,s2,0.051565397995651664,0,3.240114497721862,120.34533629283159,10428.413743340747,0,0
exp_017,4,s1,s2,0.0754266544690837,0,3.290260805403549,-7.66380360218164,11553.831994634533,0,0
exp_017,5,s1,s2,0.0541908803249804,0,3.7186526282557466,121.3023243622498,6546.848481848611,0,0
exp_017,6,s1,s2,0.06006537327822012,0,4.677789754745502,58.839487426295555,7498.674652579293,0,0
exp_017,7,s1,s2,0.10223484765181756,0,2.7846513151717236,149.6478565226482,14110.1569997922,0,0
exp_017,8,s1,s2,0.4985514324504591,0,2.7503058275332064,81.57750623169862,14503.797514820932,0,0
exp_017,9,s1,s2,0.31779183150838364,0,3.0106362683486814,33.19985537825361,13484.17726430511,0,0
exp_017,10,s1,s2,0.0020612598135984843,0,1.4758530929539848,135.7118241346964,13623.349164397316,0,0
exp_017,11,s1,s2,0.033332281024474324,0,4.118183017150708,159.93213044977318,7214.9354885964,0,0
exp_017,12,s1,s2,0.003541911625144456,0,1.378991715423661,65.1085355873051,13089.777496137087,0,0
exp_017,13,s1,s2,0.16112605146416126,0,5.24943758419629,54.61932333834592,11042.595159869252,0,0
exp_017,14,s1,s2,0.17553782553376418,0,1.35976413333653,72.60923816367026,7650.349181405475,0,0
exp_017,15,s1,s2,0.076828520764597,0,0.9260939950283538,11.937871068167826,5911.373390897073,0,0
exp_017,16,s1,s2,0.1267991427532334,0,2.380044302686382,70.7189082417136,9127.583202773934,0,0
exp_017,17,s1,s2,0.025848364791233383,0,1.1796019519281644,159.38205696794532,9489.117225927901,0,0
exp_017,18,s1,s2,0.07703939971907031,0,2.5308703406759117,79.7994284682601,13804.219028736048,0,0
exp_017,19,s1,s2,0.05686731623474265,0,2.5337892178060692,95.58742686343564,9979.763025873932,0,0
exp_017,20,s1,s2,0.08078169411151506,0,4.766239860299406,125.09938286944165,6774.818349910118,0,0
exp_017,21,s1,s2,0.029065065330522555,0,2.9927274050002937,43.67634376267212,7141.762527395868,0,0
exp_017,22,s1,s2,0.006195324542318763,0,2.1361340336043,78.84696994871102,12099.330734342462,0,0
exp_017,23,s1,s2,0.07629805773424296,0,2.515045573201737,123.07590231890566,11062.16642220766,0,0
exp_017,24,s1,s2,0.041086251756679015,0,1.278317425073044,139.91932360507172,5869.395606922541,0,0
exp_017,25,s1,s2,0.02522505916336474,0,2.699735282081169,34.937368780395104,11582.837834261574,0,0
exp_017,26,s1,s2,0.030626170983213914,0,3.011936780181388,84.62216324093691,11057.594893589721,0,0
exp_017,27,s1,s2,0.32933433155358355,0,2.20706845006012,223.04981129212905,10734.016258977039,0,0
exp_017,28,s1,s2,0.26297099706798366,0,2.4863886977860603,147.63798445970951,7372.543636571372,0,0
exp_017,29,s1,s2,0.030467037649123438,0,4.693325635740383,101.53375880353545,10032.19207182962,0,0
exp_017,30,s1,s2,0.007020402874343211,0,3.850186553848376,131.06272269775963,7894.978651197196,0,0
exp_017,31,s1,s2,0.10910184131158202,0,3.9491491616748444,91.04706119744267,13452.255581607398,0,0
exp_017,32,s1,s2,0.07453503588919362,0,3.7027256732712894,117.55262404773394,9957.170100782756,0,1
exp_017,33,s1,s2,0.0375786032258259,0,2.2153246124294994,135.55226521986816,8885.31148006042,0,1
exp_017,34,s1,s2,0.20078820039646203,0,2.332958524211313,177.81503977579663,7147.445024083574,0,1
exp_017,35,s1,s2,0.04400074715236539,0,2.1673288469810563,72.25003059428948,12433.329135656566,0,1
exp_017,36,s1,s2,0.029044573699054166,0,0.8020865544259892,55.871979427723545,14820.773786356309,0,1
exp_017,37,s1,s2,0.049608849096838895,0,4.691834837524583,177.2618856381843,9187.58990482655,0,1
exp_017,38,s1,s2,0.05653587085271991,0,3.024971262370999,66.3407381768456,10047.394753803517,0,1
exp_017,39,s1,s2,0.016198885654884868,0,3.2306973183344345,58.05157801779112,6964.826524029187,0,1
exp_017,40,s1,s2,0.02895907624254021,0,2.58850875877872,127.07220496948685,8275.66293922126,0,1
exp_017,41,s1,s2,0.023558670006780025,0,2.600717856914498,99.662379742243,11713.680088967958,0,1
exp_017,42,s1,s2,0.07405703940493547,0,3.5721257176083903,129.79656735195832,6271.811892168869,0,1
exp_017,43,s1,s2,0.05084272091699737,0,2.4717859851502175,64.48337548925542,7632.4617483054435,0,1
exp_017,44,s1,s2,0.08124632773121898,0,3.5925337195872444,94.13802052819874,6263.701419470051,0,1
exp_017,45,s1,s2,0.36378873293809677,0,3.733348232689038,63.80459054228633,8389.699261728214,0,1
exp_017,46,s1,s2,0.015441234204469688,0,2.569350747246174,140.3174205537465,11588.554042268423,0,1
exp_017,47,s1,s2,2.0893339591770657,6,17.1617635710017,64.14090496387642,9372.816482446176,1,1
exp_017,48,s1,s2,1.2918938773293651,3,11.088230387490032,142.65826532065958,9807.861681797272,0,1
exp_017,49,s1,s2,12.07577976729664,5,12.851825107362457,34.94453668043273,13457.448783257632,1,1
exp_017,50,s1,s2,1.0626370394471751,6,20.049777483535404,33.41909418942821,8290.057296622328,1,1
exp_017,51,s1,s2,1.2417080466767583,6,28.334526111600045,104.85778935431239,14201.96986074274,1,1
exp_017,52,s1,s2,0.12601980459125317,4,16.150278057727505,106.173615725427,11571.976616400621,0,1
exp_017,53,s1,s2,1.4452162578139052,3,14.064831855626396,197.7355598630644,6243.453174424108,0,1
exp_017,54,s1,s2,0.6028608993299864,6,22.801277647654654,2.419854355855666,11490.806020188844,1,1
exp_017,55,s1,s2,1.0778675110155442,3,13.615553221155983,66.41396053709613,8735.662860390807,0,1
exp_017,56,s1,s2,0.6029508271233477,3,17.940383375839158,148.11725846332845,12248.708535798805,0,1
exp_017,57,s1,s2,2.994288756036984,5,18.92592541155188,11.115951881489938,5750.93645805314,1,1
exp_017,58,s1,s2,7.177480346162184,13,14.824517666077028,57.3033545769972,10140.806956192731,1,1
exp_017,59,s1,s2,4.4178883213768145,3,20.68690548814457,119.97346863010925,6575.005480758038,1,1
exp_017,60,s1,s2,2.2555488300200817,4,11.94199210398568,74.63922261972274,11676.017135832351,1,1
exp_017,61,s1,s2,2.3504680896106427,4,3.57111377752525,60.870431872593336,13635.77003139146,1,1
exp_017,62,s1,s2,6.621894702410296,7,15.060848411414526,95.35627493034737,8392.034312719179,1,1
exp_017,63,s1,s2,0.9740422933891932,7,24.76553599136287,134.34783160493387,10919.1440441907,1,1
exp_017,64,s1,s2,3.3321674023347922,2,7.233583737365102,133.29744189170327,5796.451290347658,1,1
exp_017,65,s1,s2,1.4035555489650517,8,17.793619184722427,92.17613119384208,13179.847710772054,0,1
exp_017,66,s1,s2,2.214976564147036,4,8.677074427010474,102.8209726636902,14777.128128254999,1,1
exp_017,67,s1,s2,0.2855114258578157,8,28.553971495202664,96.8127357248017,7866.60581287023,1,1
exp_017,68,s1,s2,1.1430456066347094,1,13.89990986170163,93.62965638050201,6037.747086347407,0,1
exp_017,69,s1,s2,4.190659691358373,3,5.325179413797645,92.53192521751794,10176.389356894346,1,1
exp_017,70,s1,s2,1.202997233710366,6,14.14421806624818,162.36926459873317,12195.584132654349,0,1
exp_017,71,s1,s2,0.2841908703740979,4,12.610800746481043,97.76967339084993,8972.275295662324,0,1
exp_017,72,s1,s2,2.117611487846985,5,17.961647735066716,104.96569074756748,13591.303597512333,1,1
exp_017,73,s1,s2,0.6480786880316447,6,6.740409084041064,88.05340892714395,10050.28046148767,0,1
exp_017,74,s1,s2,0.07742810888911421,6,18.43283873376588,137.0536890341143,12226.117248344495,0,1
exp_017,75,s1,s2,0.5719747131604168,5,16.36118362663694,97.13647945889488,7258.8141293357585,0,1
exp_017,76,s1,s2,2.367897344473642,4,13.051596788502222,134.35053547240983,5862.491713039649,1,1
exp_017,77,s1,s2,6.894372904289145,5,11.20759200437595,77.72240482440365,13112.305584013578,1,1
exp_017,78,s1,s2,0.6296589894148058,10,14.590528102137535,149.5595556463333,11574.443271774648,0,1
exp_017,79,s1,s2,5.636076468370162,8,19.383437379375497,63.3228418451326,10522.222801738466,1,1
exp_017,80,s1,s2,2.7041948734030137,6,12.043026350809763,177.7599267073671,8551.317640257163,1,1
exp_017,81,s1,s2,1.307094953889604,5,14.713012681066031,97.45996056902332,14326.457173411678,0,1
exp_017,82,s1,s2,2.3218574327362744,9,10.334469614064453,50.153418679893655,7709.092232468712,1,1
exp_017,83,s1,s2,4.834601042345896,1,10.730884562478115,67.84083289864847,7318.596138828484,1,1
exp_017,84,s1,s2,3.9980159495039045,1,5.413255569948506,26.4436797313241,6139.452694445436,1,1
exp_017,85,s1,s2,2.8186236952832724,3,18.595843331777186,190.98858936562988,14456.29677748997,1,1
exp_017,86,s1,s2,1.4626928951382545,6,19.168186984018458,108.46227024094823,14419.914468838717,0,1
exp_017,87,s1,s2,0.16620227773990348,2,19.36994875503441,103.92196230418351,13465.543224654028,0,1
exp_017,88,s1,s2,0.3409807790891838,5,19.524810207471,88.7096625461979,8839.488942629727,0,1
exp_017,89,s1,s2,3.337262580741637,5,24.83458481254127,98.0427986515829,8347.35326579279,1,1
exp_017,90,s1,s2,2.9726157291399753,7,15.611215022735331,79.05182772393827,7485.357439270929,1,1
exp_017,91,s1,s2,0.9065717758006887,5,17.281247442642666,-52.23282696215812,11873.899126857146,0,1
exp_017,92,s1,s2,2.5079154020787215,3,12.748733061108643,62.19979902716976,8097.653141429034,1,1
exp_017,93,s1,s2,1.8447571606234916,6,14.245316915780036,61.340451575668574,14429.127113917564,0,1
exp_017,94,s1,s2,3.195948794930707,6,29.71524167634311,136.2245530190864,10383.263720099121,1,1
exp_017,95,s1,s2,2.0814472446741132,8,23.369698986223842,101.74312076645828,6389.599052489162,1,1
exp_017,96,s1,s2,0.7272641999951651,4,10.497757693109866,170.97278403989196,10552.633226079402,0,1
exp_017,97,s1,s2,0.26321206590141594,8,11.914608953947814,44.49056009237883,13096.742580880733,0,1
exp_017,98,s1,s2,2.97416955236449,7,24.907621335413346,77.77612334044863,10415.06282122488,1,1
exp_017,99,s1,s2,4.63559501532189,7,19.22925592234502,82.89267184382697,7016.552112668923,1,1
exp_017,100,s1,s2,0.2036816742761326,8,15.220312837032997,8.211562191145472,10313.307926731757,0,1
exp_017,101,s1,s2,4.094346906004593,4,19.08110936278596,47.07158608717387,9094.479376273091,1,1
exp_017,102,s1,s2,5.225022349492913,1,18.358712410959363,14.244002265265209,8759.383754032933,1,1
exp_018,0,s1,s2,0.03710348940305108,0,1.658965207707391,142.49972072344374,10071.438826403852,0,0
exp_018,1,s1,s2,0.1543148858418697,0,1.4822009067996011,124.82920954178041,11612.333832618657,0,0
exp_018,2,s1,s2,0.12375469812484008,0,2.970868951515006,88.27588816865587,13432.620428217642,0,0
exp_018,3,s1,s2,0.06725362452151995,0,3.760365427821382,80.71215001883489,6558.806975298057,0,0
exp_018,4,s1,s2,0.02312327211280238,0,1.9353673664476985,167.5919117872693,12130.168357337789,0,0
exp_018,5,s1,s2,0.017162333292150556,0,2.338572361682168,76.13880589833188,14529.103135635096,0,0
exp_018,6,s1,s2,0.05198730298108685,0,2.7407761182145207,43.03974141913339,5685.02792571894,0,0
exp_018,7,s1,s2,0.07148598630433586,0,4.543838306914531,87.00277487637055,11598.027014003166,0,0
exp_018,8,s1,s2,0.05904954800082977,0,3.738889702442473,55.161294309789184,12078.621034542042,0,0
exp_018,9,s1,s2,0.01664043036983708,0,3.043476301034899,144.50877713602372,12879.409206729,0,0
exp_018,10,s1,s2,0.025856762533106134,0,0.7617116588919561,92.27790653706141,13278.286070661927,0,0
exp_018,11,s1,s2,0.002286383616501903,0,2.3828208539892684,77.247668966629,13591.890387215693,0,0
exp_018,12,s1,s2,0.06302547316319969,0,1.845960120678953,-9.402150220499994,14719.245507023352,0,0
exp_018,13,s1,s2,0.1898904204565738,0,1.9619464288883866,151.121796596408,6651.729995184478,0,0
exp_018,14,s1,s2,0.2543811521284866,0,1.3550086645084254,71.40261797075617,9709.208264176354,0,0
exp_018,15,s1,s2,0.2499177063357977,0,4.128706720850321,-1.744774172475183,13029.663011085668,0,0
exp_018,16,s1,s2,0.05571008822979826,0,1.8731183538678349,151.74049216940432,14134.12938164032,0,0
exp_018,17,s1,s2,0.03223517399097399,0,4.264656907022541,121.49180755240444,12916.950992017466,0,0
exp_018,18,s1,s2,0.021462710828525265,0,2.3382001547189946,113.6683426392694,10078.501431374812,0,0
exp_018,19,s1,s2,0.017701830171145457,0,4.189293078288765,85.06151387174708,14871.678396302044,0,0
exp_018,20,s1,s2,0.03826667250132878,0,4.093690438849311,254.67147653354525,14544.01509831066,0,0
exp_018,21,s1,s2,0.06512065781857287,0,3.476862584882057,111.25518295870394,8733.785595368401,0,0
exp_018,22,s1,s2,0.2324035907908476,0,2.3374558997254575,23.683861428474597,13703.959082257019,0,0
exp_018,23,s1,s2,0.044497830990953356,0,2.0602028888068684,112.33389482663787,5562.749881112408,0,0
exp_018,24,s1,s2,0.05310181091836666,0,1.1469596702467333,168.14273495603933,10777.35770160842,0,0
exp_018,25,s1,s2,0.07237803746676652,0,4.0794130139575415,167.02719893242738,9242.4570320658,0,0
exp_018,26,s1,s2,0.05533769606883726,0,3.042312061052587,42.59422882593438,10871.791281356967,0,0
exp_018,27,s1,s2,0.06471979954933114,0,4.1898761716818615,53.21722288341019,5746.616446452241,0,0
exp_018,28,s1,s2,0.24585417163533255,0,0.6338794864301245,49.00313309479749,7564.440174631881,0,0
exp_018,29,s1,s2,0.0010122191801020797,0,2.4428055570612774,83.9368165369962,11598.208426933947,0,0
exp_018,30,s1,s2,0.038430307040668826,0,2.2885392061417464,132.4288836301355,14002.348574321095,0,0
exp_018,31,s1,s2,0.07402000364459768,0,2.7620796715569544,53.75067806710149,7067.605240697617,0,0
exp_018,32,s1,s2,0.022275041131409185,0,5.064550551576234,103.82526359196441,14116.182055034282,0,0
exp_018,33,s1,s2,0.0697480577705013,0,2.999930145245871,156.0838159657185,6409.039436879835,0,0
exp_018,34,s1,s2,0.02457783845365171,0,2.019726503985172,192.50236650253507,6468.016317539964,0,0
exp_018,35,s1,s2,0.06519935936100131,0,3.196827221979218,67.49730614682797,12930.103076255995,0,0
exp_018,36,s1,s2,0.014230563043033204,0,4.520985240254101,105.07926790865204,7606.334547570014,0,0
exp_018,37,s1,s2,0.017783156351905857,0,3.6564471869104684,2.0829542106529653,10752.7959485475,0,0
exp_018,38,s1,s2,0.01402698548171878,0,1.2933304226252518,84.3741060432568,13420.242180649508,0,0
exp_018,39,s1,s2,0.03762585019542127,0,2.7497176668808003,159.33456913015235,12265.857658264533,0,0
exp_018,40,s1,s2,0.07134728108283928,0,1.6125110356082286,180.85634206339887,12682.067678074907,0,0
exp_018,41,s1,s2,0.05537146551734026,0,4.185234699885164,-42.59539203913376,13318.241183859835,0,0
exp_018,42,s1,s2,0.10769846471400275,0,4.328592736671117,41.168140711028855,11424.265730085774,0,0
exp_018,43,s1,s2,0.2673928173988737,0,3.4314089669663246,149.94682432965092,8415.071106840436,0,0
exp_018,44,s1,s2,0.15122043510657834,0,3.2654193318466564,102.0567658606064,7475.061285698041,0,0
exp_018,45,s1,s2,0.008300759294706498,0,3.1959872420566366,69.90091987663666,14392.602289115239,0,0
exp_018,46,s1,s2,0.0001933782844897895,0,3.8830367785308804,163.4654144145925,12323.041922194658,0,0
exp_018,47,s1,s2,0.04391336974149651,0,2.181306575773859,144.88934558448926,9768.377748580715,0,0
exp_018,48,s1,s2,0.1729552692002957,0,2.1895022580162213,70.56585011441852,11813.131853478842,0,0
exp_018,49,s1,s2,0.07622719711195591,0,1.30726715896329,105.01209824059887,5348.803058200277,0,0
exp_018,50,s1,s2,0.05280890128219632,0,2.9192180582713854,72.89015890754612,5522.455837008279,0,0
exp_018,51,s1,s2,0.010042148230478843,0,4.243155411862408,167.12469033333628,5330.521948794398,0,0
exp_018,52,s1,s2,0.00011321157221066004,0,3.088135271147023,92.94274932568545,10845.764727515072,0,0
exp_018,53,s1,s2,0.003886375186757374,0,4.847831028867625,94.81328818993208,13689.513946008063,0,0
exp_018,54,s1,s2,0.2718653578627956,0,2.1605676019737405,80.11190543265745,7369.259207314475,0,0
exp_018,55,s1,s2,0.14968751098056599,0,2.966293905337476,123.64415675813696,8053.532135477898,0,0
exp_018,56,s1,s2,0.056069989379594336,0,1.9286145361468978,57.06167455635131,10937.507524071796,0,0
exp_018,57,s1,s2,0.0015861105290767689,0,3.823701297377111,38.63719956676464,5320.62696306805,0,0
exp_018,58,s1,s2,0.008686791438153822,0,3.678286870707175,81.45382444250993,12648.861601652961,0,0
exp_018,59,s1,s2,0.0022405774550490294,0,1.2144527011181523,100.67868296921024,11486.45659062063,0,0
exp_018,60,s1,s2,0.12785307126366377,0,2.923729588977933,156.28853080643754,14944.500885455845,0,0
exp_018,61,s1,s2,0.39113286109312856,0,3.192222680547305,149.0594413911219,8980.06437503815,0,0
exp_018,62,s1,s2,0.04531643060678648,0,3.7290359855727195,176.9641247172412,14164.221891675335,0,0
exp_018,63,s1,s2,0.00513167335217795,0,3.417295730912506,75.13315633120989,8585.076311953339,0,0
exp_018,64,s1,s2,0.012595483447264558,0,4.213636991716765,82.87364808563028,11806.038701191534,0,0
exp_018,65,s1,s2,0.1560527562962608,0,4.713925800426994,110.01309357682537,13385.00990443146,0,0
exp_018,66,s1,s2,0.2987501590042868,0,2.9504036388179586,154.88360528401338,8359.703073805114,0,0
exp_018,67,s1,s2,0.01678191109191879,0,1.3199952544701519,37.28377204760023,10595.748419558733,0,0
exp_018,68,s1,s2,0.10951465276337041,0,1.6292984170270652,159.74144973135276,5345.03876498326,0,0
exp_018,69,s1,s2,0.03398531257881756,0,2.296302453804657,132.04753041666984,12121.881936741145,0,0
exp_018,70,s1,s2,0.08669765206828192,0,2.462270249499545,62.98853064099826,9963.036034864765,0,0
exp_018,71,s1,s2,0.054192886180322135,0,3.725329831984233,143.09869176347368,10745.745034730171,0,0
exp_018,72,s1,s2,0.17275162437211516,0,3.504781118239167,103.4060220356807,7172.240991510815,0,0
exp_018,73,s1,s2,0.12522250907850574,0,1.5915351690847486,58.563099527935854,6803.874759677129,0,0
exp_018,74,s1,s2,0.08040865094796204,0,2.366755840395812,69.9352858482417,14905.31905083818,0,0
exp_018,75,s1,s2,0.161821338877028,0,3.781821210965456,133.00477302651896,14689.228737187424,0,0
exp_018,76,s1,s2,0.0851619458813831,0,3.4707904439669703,81.81902214335142,12427.307294540902,0,0
exp_018,77,s1,s2,0.053496175812331105,0,0.5108721951976762,62.93483155313737,14299.421602290042,0,0
exp_018,78,s1,s2,0.04208807379573213,0,4.135506526103192,192.83658020940734,8700.892800699708,0,0
exp_018,79,s1,s2,0.0018508621673559871,0,3.36261006061518,73.44395308355391,9715.401265881652,0,0
exp_018,80,s1,s2,0.016232851726023935,0,3.7453722920017976,87.85382769117595,8046.358322935767,0,0
exp_018,81,s1,s2,0.07835536110281292,0,3.0184046234194586,79.82767046428374,11369.420106106303,0,0
exp_018,82,s1,s2,0.026697149059161887,0,4.845645569274315,149.49794628404427,11868.860783817565,0,0
exp_018,83,s1,s2,0.14979113947977094,0,3.6464514496462197,10.028403221224192,14815.790297645945,0,0
exp_018,84,s1,s2,0.2284196903437161,0,2.872049049928011,125.43348833229336,12869.281058966617,0,0
exp_018,85,s1,s2,0.09673155143151804,0,1.967602350366821,130.36358077038494,5797.385574294613,0,0
exp_018,86,s1,s2,0.1814140858241725,0,1.9349589960073865,89.415020508047,14136.695974427194,0,0
exp_018,87,s1,s2,0.06354141447884752,0,3.744953388400344,106.01652938558193,10302.632256383486,0,0
exp_018,88,s1,s2,0.04363230744020413,0,2.7323235229612126,169.59029458095503,8184.694256023054,0,0
exp_018,89,s1,s2,0.1284566486500258,0,3.5821742389905853,130.09553030802022,14776.744141287076,0,0
exp_018,90,s1,s2,0.1544900714148792,0,3.5291835796169257,119.97905373727994,5001.851952954428,0,0
exp_018,91,s1,s2,0.04500934174432833,0,3.63015458646825,175.0742907786998,6775.720026316177,0,0
exp_018,92,s1,s2,0.03620221994733727,0,3.7827151355055033,5.831895268442089,13315.982964410765,0,0
exp_018,93,s1,s2,0.26955059074469556,0,3.6540238605628703,123.84694842710235,9700.959584515162,0,0
exp_018,94,s1,s2,0.04939280611430123,0,4.575974525607984,27.141173464203007,6242.36705555809,0,0
exp_018,95,s1,s2,0.08662969656345293,0,2.2910536959382344,195.8159410213669,14531.671767711674,0,0
exp_018,96,s1,s2,0.09370376494400068,0,2.887535423573486,24.243334295118856,11754.04437135294,0,0
exp_018,97,s1,s2,0.03910137211054399,0,3.152892148345735,61.48558220217577,14478.7016861968,0,0
exp_018,98,s1,s2,0.06637281658807974,0,3.454488847583313,61.51053998920773,9354.655250719785,0,0
exp_018,99,s1,s2,0.028801056008185128,0,4.109048635936707,142.71884825536054,6798.963187348388,0,0
exp_018,100,s1,s2,0.2458592118754842,0,3.4104032649251623,91.45597942669443,8685.17657838381,0,0
exp_019,0,s1,s2,0.1009485226841339,0,2.1394534274513712,67.3161473125971,9421.541137865828,0,0
exp_019,1,s1,s2,0.005851994458612369,0,3.059913237091261,116.20886542984978,10569.520916641752,0,0
exp_019,2,s1,s2,0.10665215873018018,0,2.4852083005003434,99.83628104720883,11123.112888403968,0,0
exp_019,3,s1,s2,0.1259393471122423,0,4.49178216342406,75.86583681763253,7270.012993384206,0,0
exp_019,4,s1,s2,0.025009935529483232,0,2.5980135088638647,46.835849511475324,13470.120353890836,0,0
exp_019,5,s1,s2,0.1759749666245702,0,4.338777970421062,11.986874970999551,12208.163164749156,0,0
exp_019,6,s1,s2,0.027602596904234458,0,3.183473118711567,102.24012281939699,8377.559871322292,0,0
exp_019,7,s1,s2,0.12141298797955423,0,2.2712706073459774,57.674407777819454,10119.02121269624,0,0
exp_019,8,s1,s2,0.03851010583039087,0,2.477147412963713,63.354959575411115,5357.483944658647,0,0
exp_019,9,s1,s2,0.12188280033767517,0,2.0865748736826975,99.11266537908031,6716.939931284912,0,0
exp_019,10,s1,s2,0.010818064193693862,0,2.201460485441239,111.07837638041195,12542.823330352161,0,0
exp_019,11,s1,s2,0.002072418951102309,0,3.459180167334863,85.27111797500022,12185.31318122246,0,0
exp_019,12,s1,s2,0.0075767553186035855,0,2.9711502798657317,166.5079677677364,13467.830271688292,0,0
exp_019,13,s1,s2,0.09181418803186722,0,3.610511002359014,34.07909299368054,9603.213900573983,0,0
exp_019,14,s1,s2,0.004025127503940857,0,3.8684443105959314,196.3906498719286,10534.295611637275,0,0
exp_019,15,s1,s2,0.0032375230057651925,0,3.7999112816883867,97.10862458470542,8975.918693106467,0,0
exp_019,16,s1,s2,0.09806225271502067,0,3.678019915466993,133.4106627218069,10192.800823952713,0,0
exp_019,17,s1,s2,0.19515898659699216,0,3.89152121840583,87.54303768802193,7402.271663955453,0,0
exp_019,18,s1,s2,0.032880467741551025,0,1.5585978126245768,77.93206042425741,7317.902776165796,0,0
exp_019,19,s1,s2,0.2316683421321323,0,3.197966099973555,161.74395086931688,11161.108004157211,0,0
exp_019,20,s1,s2,0.06430732132952152,0,3.7552429989905725,90.15371387123825,6256.127035203021,0,0
exp_019,21,s1,s2,0.05420528059926161,0,2.9742830351128977,-8.079806661926847,9576.31874545175,0,0
exp_019,22,s1,s2,0.07316583713180327,0,3.0417509733678485,42.80054993383141,7424.1881388721085,0,0
exp_019,23,s1,s2,0.02037470714212306,0,4.925626127461944,44.83746472648301,12275.933433047434,0,0
exp_019,24,s1,s2,0.11373011390637532,0,0.6615717997569024,69.2323616619283,8759.599096406637,0,0
exp_019,25,s1,s2,0.10217868037472443,0,4.198276036644636,99.10667092994572,13747.01984326712,0,0
exp_019,26,s1,s2,0.018700496043546594,0,3.3425718315314565,52.21809076528785,8012.257480622794,0,0
exp_019,27,s1,s2,0.0018745319583426336,0,2.7395804668474613,118.52992069901056,14292.80651685809,0,0
exp_019,28,s1,s2,0.1263844723021602,0,2.2813129558511167,131.61496048916501,7341.944256168129,0,0
exp_019,29,s1,s2,0.07366138228805194,0,2.4686284830330214,55.22477398456974,8214.624779478045,0,0
exp_019,30,s1,s2,0.017391292850945452,0,3.6134719366917785,68.66038752199712,6671.958545472684,0,0
exp_019,31,s1,s2,0.0028870153014103742,0,3.225057885257939,103.05812839254575,8312.138146231215,0,0
exp_019,32,s1,s2,0.012630692711487547,0,3.864849223298914,107.49031534705426,12840.617798284788,0,0
exp_019,33,s1,s2,0.09742267467069489,0,3.434937054178077,3.9655566557338817,5912.4484130425535,0,0
exp_019,34,s1,s2,0.11361441524862848,0,4.810302610004162,119.96347038070878,12904.07475882988,0,0
exp_019,35,s1,s2,0.021534768448550703,0,3.090790902967107,14.10213431400964,8306.008099700019,0,0
exp_019,36,s1,s2,0.19697730222395718,0,4.420618292774008,93.7784607928095,10806.197604823537,0,0
exp_019,37,s1,s2,0.14832024400005278,0,3.9741233692959304,75.40902547585848,7745.723155510215,0,0
exp_019,38,s1,s2,0.0789875743401312,0,2.8729630971249573,25.77342290344714,8181.752095087031,0,0
exp_019,39,s1,s2,0.031020506224763503,0,3.6604209359413113,92.6319932621856,5117.650943669977,0,0
exp_019,40,s1,s2,0.08864545213414744,0,4.080720498886986,100.20209789115803,5840.017145206257,0,0
exp_019,41,s1,s2,0.11442145337984087,0,4.149409293666247,161.2194643401452,14423.34494935037,0,0
exp_019,42,s1,s2,0.17321001828839283,0,2.963111046931096,70.78524851597594,8979.530562013335,0,0
exp_019,43,s1,s2,0.037127706805586025,0,0.8329099384742427,54.46787399560027,9323.338998786654,0,0
exp_019,44,s1,s2,0.3875781032427396,0,5.323266984454728,81.44716425998072,13301.829666176938,0,0
exp_019,45,s1,s2,0.04470108475142889,0,1.0730637117544457,25.911638871025634,8747.310225357598,0,0
exp_019,46,s1,s2,0.25973498102221787,0,2.827503965602544,53.14244210828389,5986.573767328091,0,0
exp_019,47,s1,s2,0.0965200278256049,0,3.0727433286972325,42.07582190733823,5072.199470037178,0,0
exp_019,48,s1,s2,0.03806695960501443,0,2.817603012617443,201.24344702479235,14782.69485998988,0,0
exp_019,49,s1,s2,0.20722974898257226,0,2.575064210262476,93.41209059041104,13456.263001150188,0,0
exp_019,50,s1,s2,0.24217550810644706,0,2.7974770025309175,108.72657041722422,14979.151344122878,0,0
exp_019,51,s1,s2,0.02991937065291545,0,3.4681519796842535,112.86188753382612,7356.871143307094,0,0
exp_019,52,s1,s2,0.2388781035381578,0,3.1002897225070387,89.30222854062252,10321.111338370038,0,0
exp_019,53,s1,s2,0.06498522343823936,0,3.728172749547217,51.034039735772446,6908.094914463071,0,0
exp_019,54,s1,s2,0.08048428230134475,0,2.505798450837295,25.90057294371022,7327.302418700536,0,0
exp_019,55,s1,s2,0.06759933332229633,0,3.388422894312865,134.11105404564148,10799.61980535111,0,0
exp_019,56,s1,s2,0.009321587018345512,0,2.12003564797759,125.58654821349539,12863.67385961698,0,0
exp_019,57,s1,s2,0.028775775332904388,0,1.1884081796650108,49.751204245005646,13588.139146748568,0,0
exp_019,58,s1,s2,0.013529804791387443,0,1.8911836787134546,110.16768792024989,12047.958361321867,0,0
exp_019,59,s1,s2,0.23547011235728618,0,2.4910234716092967,-39.754353297096,14274.228364827622,0,0
exp_019,60,s1,s2,0.07360367039652983,0,5.680508871633245,78.78023896446695,11892.29736362952,0,0
exp_019,61,s1,s2,0.011303810762626208,0,2.7438415567785537,163.7686703631604,5723.485098974856,0,0
exp_019,62,s1,s2,0.15426332228635944,0,2.191811341751862,87.55761405044854,11337.790395432505,0,0
exp_019,63,s1,s2,0.21213587476723006,0,4.161207671758028,78.17169742851671,8662.530059984741,0,0
exp_019,64,s1,s2,0.09201695105689374,0,1.3761946885275975,163.95199582296272,14044.739272812876,0,0
exp_019,65,s1,s2,0.06996248059208081,0,3.0994709581091504,99.647954573465,9935.003640726167,0,0
exp_019,66,s1,s2,0.019649949272713702,0,4.361607236316751,102.83351470358359,12768.603268982815,0,0
exp_019,67,s1,s2,0.1553916951500949,0,1.9872919833383684,142.85651658763592,13620.840858402315,0,0
exp_019,68,s1,s2,0.22390795931417662,0,2.686271276940152,87.01737958526527,14756.049685891121,0,0
exp_019,69,s1,s2,0.2027410643131926,0,5.097695189005327,129.86516834157595,10453.628521336417,0,0
exp_019,70,s1,s2,0.005256394257212141,0,3.036619926358223,184.3046577169497,11477.090747902297,0,0
exp_019,71,s1,s2,0.06984407769018124,0,1.7032673025799605,98.38236231646529,7787.13715141149,0,0
exp_019,72,s1,s2,0.017298847613589213,0,2.5268784953906445,64.43466600005615,10905.896577385849,0,0
exp_019,73,s1,s2,0.094206653250733,0,3.402644511464122,76.28240525553144,12852.02867912825,0,0
exp_019,74,s1,s2,0.027091372262087826,0,3.300150951236175,92.75870232002075,13256.71445979478,0,0
exp_019,75,s1,s2,0.1196656411397264,0,2.845959969973028,60.63370436559605,10593.01872076827,0,0
exp_019,76,s1,s2,0.020753018671841893,0,5.167245973132994,44.466836502437815,8273.766801153992,0,0
exp_019,77,s1,s2,0.1518431612641692,0,2.5259684640869136,145.74617400589156,13386.57154492457,0,0
exp_019,78,s1,s2,0.01093423951648217,0,2.7447418433378035,112.41298982452398,5829.271525097261,0,0
exp_020,0,s1,s2,0.006956185913584153,0,3.7590255206309258,69.57706067507439,6671.324173135878,0,0
exp_020,1,s1,s2,0.11989204815463744,0,2.326175619025153,155.57936566101387,8222.974734029085,0,0
exp_020,2,s1,s2,0.08159990739176232,0,2.625775374957466,124.48483872965798,14412.581960424026,0,0
exp_020,3,s1,s2,0.09140898676039307,0,3.1159816597822965,93.37011632603335,13647.558956038492,0,0
exp_020,4,s1,s2,0.058961397247984354,0,3.6949395864306234,120.2371901872731,5431.277882188287,0,0
exp_020,5,s1,s2,0.08531995615340578,0,2.6932463358384613,153.23355622184386,8023.836061124269,0,0
exp_020,6,s1,s2,0.15881984996461507,0,3.099919847724901,124.92336613070324,13195.179187100712,0,0
exp_020,7,s1,s2,0.1744694004885633,0,1.887925181623264,41.42579557260948,11587.861176809129,0,0
exp_020,8,s1,s2,0.09758627286440925,0,1.5184788609565432,98.61199316776683,8819.834696903034,0,0
exp_020,9,s1,s2,0.07843724456239796,0,1.9266621419209553,95.39014889364348,11495.104935019239,0,0
exp_020,10,s1,s2,0.007585756914086621,0,4.470482027683689,57.36011862433834,5200.235345197065,0,0
exp_020,11,s1,s2,0.084393011538417,0,3.136365308073139,100.2900059558047,10248.167503647412,0,0
exp_020,12,s1,s2,0.07851230324576748,0,1.4190644793627682,54.99326185137458,7515.455531329448,0,0
exp_020,13,s1,s2,0.04207116727180814,0,1.6316370192108653,91.08167876526089,7248.750918056959,0,0
exp_020,14,s1,s2,0.03168291084520043,0,5.020473977092797,66.45611896201598,13561.461502862872,0,0
exp_020,15,s1,s2,0.03384587805556621,0,2.5534715279255864,41.71632447741486,13943.830763718557,0,0
exp_020,16,s1,s2,0.0009909667300452413,0,2.7420602961482694,200.43667114480513,6610.4621496068,0,0
exp_020,17,s1,s2,0.03871658548338926,0,3.420230330849021,84.70427561700146,9818.733839449902,0,0
exp_020,18,s1,s2,0.08280378460001742,0,4.733730720210049,158.16947749445225,9955.5569037593,0,0
exp_020,19,s1,s2,0.0018035191584320855,0,1.970120141455488,73.07792351884937,11801.42842911677,0,0
exp_020,20,s1,s2,0.005837584429369363,0,1.5873198740259373,115.5742335168146,14488.458384670612,0,0
exp_020,21,s1,s2,0.04087820162507837,0,3.5473066422443584,88.70322780721075,9173.479203041414,0,0
exp_020,22,s1,s2,0.32931235733293884,0,3.7434729894280654,115.80629081798618,7564.055930082839,0,0
exp_020,23,s1,s2,0.266610616058789,0,4.295815912950013,120.25926146475113,8972.073043068973,0,0
exp_020,24,s1,s2,0.023848612721547806,0,2.771415191673164,99.94384198470969,6097.829536704045,0,0
exp_020,25,s1,s2,0.08510367485338138,0,2.932002139585075,84.2939326372565,8033.699455720126,0,0
exp_020,26,s1,s2,0.12529819563791808,0,2.982621399991834,65.73074438297701,10791.142698756054,0,0
exp_020,27,s1,s2,0.09604805684335799,0,1.3576420846094022,60.18931574571311,11824.930337371488,0,0
exp_020,28,s1,s2,0.188104355991056,0,3.425931782646314,109.5426352879795,12172.635253579272,0,0
exp_020,29,s1,s2,0.14465486710681077,0,2.7094438602804995,40.037075003653655,9850.553309559653,0,0
exp_020,30,s1,s2,0.029610835714358442,0,1.1600983357562396,112.54983618377047,11875.02092804416,0,0
exp_020,31,s1,s2,0.06354227162849979,0,3.3431292724923067,98.53874102188408,8924.448485425704,0,0
exp_020,32,s1,s2,0.044988016336817926,0,3.6813541422662692,84.34516695054667,9967.238260981781,0,0
exp_020,33,s1,s2,0.09163269262307518,0,3.1689222801387538,34.155150926103595,7746.481928684883,0,0
exp_020,34,s1,s2,0.1311695074371641,0,3.5244120819106874,140.5896657085314,12302.441662702573,0,0
exp_020,35,s1,s2,0.0718413100904816,0,2.3892969283497503,183.7770106560774,11514.89153529613,0,0
exp_020,36,s1,s2,0.02998075702285007,0,2.8575865187085436,64.59337044433659,9617.7815578049,0,0
exp_020,37,s1,s2,0.02962616495780218,0,2.676184919819295,108.64531114772291,7227.483243791886,0,0
exp_020,38,s1,s2,0.1380569652392841,0,4.7582676811706,73.0732643847191,10674.858777835963,0,0
exp_020,39,s1,s2,0.30100898520177316,0,2.801290286344418,102.00285911325159,8528.77350504334,0,0
exp_020,40,s1,s2,0.015438817059811805,0,1.6602447467038506,72.53648319398651,13467.219903967334,0,0
exp_020,41,s1,s2,0.03689882967659255,0,2.6680748066529443,77.59591881313138,13111.060402001594,0,0
exp_020,42,s1,s2,0.21079826646201583,0,2.408959328685045,119.7114196259399,6329.985870746392,0,0
exp_020,43,s1,s2,0.0022620458841419275,0,2.8213528023219454,70.36683496724969,13327.75031227349,0,0
exp_020,44,s1,s2,0.03950004402245996,0,2.5345720067404423,113.05626682530716,11593.751874194928,0,0
exp_020,45,s1,s2,0.03808903316174153,0,2.4170057258415087,120.01447483719436,13978.833777644819,0,0
exp_020,46,s1,s2,0.02778336648096849,0,3.443440220364693,92.76683698949478,10784.823597308588,0,0
exp_020,47,s1,s2,0.045534600928174476,0,2.8600973376991647,118.40030035870329,5948.707126751798,0,0
exp_020,48,s1,s2,0.5759999827954146,0,3.691718689908269,77.14129264284854,6655.4079482308725,0,0
exp_020,49,s1,s2,0.13143606461242174,0,3.387542856478548,100.98513817389355,10528.303560923994,0,0
exp_020,50,s1,s2,0.0025333348505919184,0,1.9448065266038481,115.45199638369488,12985.409152820872,0,0
exp_020,51,s1,s2,0.19418955936066973,0,4.502170827540983,95.25131429474919,6451.107354816051,0,0
exp_020,52,s1,s2,0.06774277537523324,0,4.572469491542905,25.092830243274676,5444.7718880316,0,0
exp_020,53,s1,s2,0.13948219710450668,0,3.2285636066998777,69.26094631457076,5184.572255399442,0,0
exp_020,54,s1,s2,0.17831252342872977,0,3.062316612674639,34.59703639367041,7614.929037276193,0,0
exp_020,55,s1,s2,0.12824649444159264,0,4.166253113099486,53.61947740718549,7848.7120683547655,0,0
exp_020,56,s1,s2,0.13962359793914836,0,2.3853902887348255,99.907695581794,6860.340613712787,0,0
exp_020,57,s1,s2,0.2726269900999682,0,2.1520732965162175,56.13121077099794,11457.903577950729,0,0
exp_020,58,s1,s2,0.012510937654464066,0,2.9995506013177384,102.63156139468227,12714.299889929363,0,0
exp_020,59,s1,s2,0.00021864831185666248,0,2.6753671456391235,127.43499499303346,11679.367445480653,0,0
exp_020,60,s1,s2,0.164173014317678,0,2.7910284487506707,38.96074581628375,9938.359406519234,0,0
exp_020,61,s1,s2,0.03741400976076228,0,1.0068085871084476,90.03473333322138,8607.477450552093,0,0
exp_020,62,s1,s2,0.11066379443666606,0,1.713893051986089,131.8467114707111,13974.828847954246,0,0
exp_020,63,s1,s2,0.1986232080815018,0,0.19425858070980517,119.0904070197725,8768.559829841088,0,0
exp_020,64,s1,s2,0.12284974864610827,0,1.9557602528821165,129.5011648799765,11714.580313003613,0,0
exp_020,65,s1,s2,0.029092892992942817,0,1.9106900717511337,188.42011676672092,10256.860559195062,0,0
exp_020,66,s1,s2,0.29406607680130487,0,4.710754943092355,151.57718539258508,5639.113209491411,0,0
exp_020,67,s1,s2,0.018151523476909886,0,3.368616776943311,6.83900331307592,12765.908959833212,0,0
exp_020,68,s1,s2,0.03874889681021487,0,1.6998739567923993,61.71383633486476,7546.093292953059,0,0
exp_020,69,s1,s2,0.29732635152085707,0,1.9779022124933887,120.11784131606213,12222.485780842599,0,0
exp_020,70,s1,s2,0.128021022343575,0,2.147180603927736,119.43292611843404,9079.91483469587,0,0
exp_020,71,s1,s2,0.011289586913917814,0,3.5201680989460167,153.06876683145921,10072.039367678184,0,0
exp_020,72,s1,s2,0.04200948170924796,0,4.407293303529942,111.61097148376837,5437.658471983185,0,0
exp_020,73,s1,s2,0.0836892518333863,0,4.380752967786281,74.16079523943635,5384.256456390586,0,0
exp_020,74,s1,s2,0.051364721498252545,0,3.1081955085149637,171.2825999524098,10500.387409986039,0,0
exp_020,75,s1,s2,0.010221511425228987,0,3.3910645002158084,59.38339325153264,11750.466222899198,0,0
exp_020,76,s1,s2,0.38681685376153885,0,2.9409841438892803,192.56700597455395,13573.278235335529,0,0
exp_020,77,s1,s2,0.011034289134333707,0,1.2315106721120483,78.93996309212991,6046.378069276256,0,0
exp_020,78,s1,s2,0.14418158859742705,0,5.886247470564111,127.43453682406464,9112.55187910329,0,0
exp_020,79,s1,s2,0.0616810837475048,0,3.3402758627518536,62.219043809623045,9324.473596052138,0,0
exp_020,80,s1,s2,0.16969998398374364,0,2.4316483593304694,70.73764214275077,11457.595715306878,0,0
exp_020,81,s1,s2,0.18708249066688212,0,4.755956723790878,89.24464418984057,14993.299214930856,0,0
exp_020,82,s1,s2,0.4632093356639609,0,3.8622794120530326,143.9688042205823,7476.188871989057,0,0
exp_020,83,s1,s2,0.17929980251845626,0,3.4734080300457877,95.13787799679994,5814.276887069355,0,0
exp_020,84,s1,s2,0.057241803361701385,0,0.8796612587692767,162.41881820990923,7105.791905049434,0,0
exp_020,85,s1,s2,0.08989138108498448,0,3.717710460547981,163.4067746495121,7344.488488080395,0,0
exp_020,86,s1,s2,0.13153064733112083,0,2.268008107464202,72.6061992576276,11906.68015438722,0,0
exp_020,87,s1,s2,0.18501552706872385,0,5.790291621548185,17.955746914105863,8027.475704712325,0,0
exp_020,88,s1,s2,0.06824407299147002,0,3.5966479047345143,153.34473093236284,10381.943716844029,0,0
exp_021,0,s1,s2,0.12183566573237466,0,3.8363700292574103,60.05325731716004,10611.197417877434,0,0
exp_021,1,s1,s2,0.035699707331348356,0,4.628768087574782,57.213245986598594,14060.97449643783,0,0
exp_021,2,s1,s2,0.01400974927182446,0,1.4301290910998399,122.74573755400111,13013.722498754592,0,0
exp_021,3,s1,s2,0.007282589299721952,0,2.0768258045280046,126.83232892354643,10963.854184032292,0,0
exp_021,4,s1,s2,0.18060161374441533,0,3.809768308345471,140.83060768173502,10178.453121869052,0,0
exp_021,5,s1,s2,0.22140760966188094,0,3.779076427393654,108.22008730781558,10465.224578324176,0,0
exp_021,6,s1,s2,0.07051500537380537,0,3.241600523585666,25.112003359831704,6405.84831248897,0,0
exp_021,7,s1,s2,0.20378405962939042,0,2.802580822482359,84.47371221788633,13771.586042661393,0,0
exp_021,8,s1,s2,0.05029469087938846,0,4.13059139766403,94.71823786513015,10218.232249499522,0,0
exp_021,9,s1,s2,0.02150214369357262,0,2.456611257904333,110.52023569856597,12062.129859650655,0,0
exp_021,10,s1,s2,0.0034561757149173377,0,2.879038107810089,160.8178809200543,5934.539126688779,0,0
exp_021,11,s1,s2,0.12269666311216479,0,1.6144677526161528,97.5992918050805,5156.723738887258,0,0
exp_021,12,s1,s2,0.05412818410928625,0,3.775323751403566,30.861075448121113,10299.106085609492,0,0
exp_021,13,s1,s2,0.007148236942278116,0,2.4404917810450257,82.16453809117932,14424.028647569901,0,0
exp_021,14,s1,s2,0.06183027814135999,0,2.899426346450272,1.5157771824091948,12727.441445464121,0,0
exp_021,15,s1,s2,0.01843860443462917,0,3.7626736387665547,140.89289390880523,10393.482048408798,0,0
exp_021,16,s1,s2,0.20087392214634925,0,3.263164980869647,49.3045726870209,9493.430525018217,0,0
exp_021,17,s1,s2,0.05486869235891906,0,2.2981624483095615,32.01477243345947,6081.507560236658,0,0
exp_021,18,s1,s2,0.028981630799953858,0,3.9378270139020572,51.5431756106066,5485.504272088631,0,0
exp_021,19,s1,s2,0.10532345348706813,0,1.9934214336731315,63.6144273015952,10520.3237583985,0,0
exp_021,20,s1,s2,0.04421961125387693,0,4.402261253748025,86.62669414794414,5132.685408608751,0,0
exp_021,21,s1,s2,0.07936563380529012,0,2.179908718469936,135.2451430105438,5611.717551659438,0,0
exp_021,22,s1,s2,0.016950674149424697,0,3.3190683251516147,-45.60671896895583,8808.851221087685,0,0
exp_021,23,s1,s2,0.0579771651782936,0,4.5554143453885825,91.40856137771303,6052.418980776524,0,0
exp_021,24,s1,s2,0.1465123163565313,0,4.102696726290087,143.0352586297217,12344.683858753227,0,0
exp_021,25,s1,s2,0.0635995529924014,0,3.185318142232874,26.993746243058915,14579.820536090996,0,0
exp_021,26,s1,s2,0.08880086700309298,0,2.866775247451726,79.42584773785188,14693.172032693366,0,0
exp_021,27,s1,s2,0.03837160729593219,0,4.764361316229969,40.70687706423358,5241.118393263978,0,0
exp_021,28,s1,s2,0.22804672803499845,0,0.23628617489005022,180.95270154649222,13607.266622066305,0,0
exp_021,29,s1,s2,0.30592385672594363,0,1.7739526039103524,85.66909807508931,13157.09270002073,0,0
exp_021,30,s1,s2,0.051627447721268684,0,4.434856379626868,35.38122729474037,5347.50081734046,0,0
exp_021,31,s1,s2,0.21971830449531946,0,4.3569096281854005,166.92051581080906,14021.761599774838,0,0
exp_021,32,s1,s2,0.07099824516265298,0,4.032829953944756,87.37860743870503,12424.205118713982,0,0
exp_021,33,s1,s2,0.29754526025103156,0,2.8424334424496784,129.4664023537211,9469.862901414179,0,0
exp_021,34,s1,s2,0.029569402095404408,0,1.7996412536966515,171.17891014995098,12861.006466076711,0,0
exp_021,35,s1,s2,0.012959715416371989,0,2.7815880640274897,85.82579572708835,5842.921884374135,0,0
exp_021,36,s1,s2,0.09676672078218135,0,2.8015176485324274,89.7078501382456,5142.28223729166,0,0
exp_021,37,s1,s2,0.15236732125817937,0,2.576784700131709,119.55284538726238,12395.244342672244,0,0
exp_021,38,s1,s2,0.05683578542149442,0,3.6289641080405275,32.53449726292983,6784.840743470848,0,0
exp_021,39,s1,s2,0.14142149694645942,0,3.1356901754054536,63.440227968632556,14021.942901223785,0,0
exp_021,40,s1,s2,0.0011975894459041953,0,0.8055961126238227,98.9133253535803,10803.321902579091,0,0
exp_021,41,s1,s2,0.025548260028714277,0,3.1747848258065203,69.80577280297098,9168.492394934025,0,0
exp_021,42,s1,s2,0.09741464029638251,0,2.375662348743834,43.9654208808126,10616.813893646104,0,0
exp_021,43,s1,s2,0.08992192285588559,0,1.577878135669569,58.72094791732047,7737.006294885959,0,0
exp_021,44,s1,s2,0.019200753651309174,0,1.9572193461666854,69.71244814943559,11338.154062299449,0,0
exp_021,45,s1,s2,0.0841802649319254,0,1.4556018211225767,47.94464383663936,7376.142001946425,0,0
exp_021,46,s1,s2,0.07667039700936086,0,3.2394320213912255,127.00513935648647,12444.147140355673,0,0
exp_021,47,s1,s2,0.1798046372392077,0,2.4647514528435983,90.91652192666477,11225.588033216443,0,0
exp_021,48,s1,s2,0.020908322661821657,0,4.6033602671351215,123.11004495336945,12836.383021478367,0,0
exp_021,49,s1,s2,0.03593057160263446,0,5.3656466947789365,112.15748858068075,13194.807217006219,0,0
exp_021,50,s1,s2,0.14329192645998629,0,1.3955427341482625,79.44389136573575,6198.933871448734,0,0
exp_021,51,s1,s2,0.24249259415982458,0,2.4861335784695275,141.7433324447974,5569.014804976216,0,0
exp_021,52,s1,s2,0.005392009293348968,0,3.718369307894082,93.96316286335261,7859.204416396319,0,0
exp_021,53,s1,s2,0.055714478460712674,0,2.984587471391738,52.271594261058276,11965.47064285704,0,0
exp_021,54,s1,s2,0.031628782500620414,0,3.8219197950467834,75.570292095025,5103.637223471771,0,0
exp_021,55,s1,s2,0.10118954035497214,0,1.430955718692366,58.70942098781468,11575.938322438771,0,0
exp_021,56,s1,s2,0.17998028614905187,0,2.5281952025776424,102.93765884384536,9614.011908255761,0,0
exp_021,57,s1,s2,0.062131024692334946,0,4.9771265205210575,125.32631091698279,5193.1840353434045,0,0
exp_021,58,s1,s2,0.0697180552479108,0,1.2381660104685253,149.66070637430445,11683.652265904331,0,0
exp_021,59,s1,s2,0.025900095899345763,0,3.1320007655425615,97.39527679382564,8480.703708611401,0,0
exp_021,60,s1,s2,0.04254141037852629,0,3.3899343863125884,103.96084122100092,14830.804459530003,0,0
exp_021,61,s1,s2,0.08666865269265939,0,1.063256509872958,150.75719199702434,13291.951410159383,0,0
exp_021,62,s1,s2,0.051054642832833945,0,0.9916759952141585,128.4513002763715,7508.923763538512,0,0
exp_021,63,s1,s2,0.0900903375338981,0,2.3607438823978635,47.024680202490046,11365.303094139836,0,0
exp_021,64,s1,s2,0.21332174976887158,0,4.5988488259017535,110.14769671409827,12630.60603763042,0,0
exp_021,65,s1,s2,0.10916981048007446,0,3.5544267265077276,80.79083985241103,9362.756556395665,0,0
exp_021,66,s1,s2,0.004521783367934948,0,3.7965837898100903,61.69484690735242,5691.333358174894,0,0
exp_021,67,s1,s2,0.015942302341719294,0,3.6521535261796982,116.13161591551527,11337.320050576369,0,0
exp_021,68,s1,s2,0.02514029299779217,0,3.1419210128523525,72.47378944048535,5473.98577931164,0,0
exp_021,69,s1,s2,0.09486126317063916,0,3.2476720646897768,91.60198151767237,9750.926684873619,0,0
exp_021,70,s1,s2,0.025352342342761864,0,2.55731610456919,131.77931771493974,8065.990765248755,0,0
exp_021,71,s1,s2,0.1797442984176829,0,2.2106045234142484,15.992297612051964,8476.656707588665,0,0
exp_021,72,s1,s2,0.012375116713562381,0,1.6607366638457859,144.65682961651098,7955.991249848785,0,0
exp_021,73,s1,s2,0.29005272448902414,0,2.9833286956048646,115.30224767925564,13024.517454814937,0,0
exp_021,74,s1,s2,0.13344075711892556,0,2.6908690046869195,92.90325266078564,6425.5625713494,0,0
exp_021,75,s1,s2,0.18219761308763735,0,3.8723174158868705,161.3661219069049,6306.488316966484,0,0
exp_021,76,s1,s2,0.10214587312047851,0,3.508401120832075,119.18495271054131,5132.312791936182,0,0
exp_021,77,s1,s2,0.1153517683723091,0,2.0079579746825034,119.12999796643633,12661.217513451304,0,0
exp_021,78,s1,s2,0.007079551476144522,0,2.455809481353988,137.30469075386412,11888.51862300665,0,0
exp_021,79,s1,s2,0.2572942652176934,0,3.038546733889169,-6.668603666816941,9631.180339504504,0,0
exp_021,80,s1,s2,0.017151379054997553,0,4.519383547803536,128.234053406639,14168.748289238192,0,0
exp_021,81,s1,s2,0.1902485028693683,0,4.814046329058915,104.14935968271215,13007.834133738928,0,0
exp_021,82,s1,s2,0.06802086726953575,0,2.8407856951606516,50.676504675940826,13424.780382015648,0,0
exp_021,83,s1,s2,0.09079292997655126,0,2.1740524869187907,129.45217698390164,14643.377682110056,0,0
exp_021,84,s1,s2,0.05176497376453698,0,3.3135338770450984,79.28478041820863,14679.694455202547,0,0
exp_021,85,s1,s2,0.038574388861886064,0,2.8938121389514575,82.33860866330977,5174.681302790026,0,0
exp_022,0,s1,s2,0.010559537551360383,0,1.6132317891623142,94.42331919032463,11273.755044353622,0,0
exp_022,1,s1,s2,0.3883429384253745,0,4.330157225136864,92.5433084468546,10077.84186951121,0,0
exp_022,2,s1,s2,0.06848616626679224,0,2.309391458516677,148.43725543956228,10450.084157239406,0,0
exp_022,3,s1,s2,0.02534703362600628,0,2.2054541919286335,-41.13174791222634,13316.400401693309,0,0
exp_022,4,s1,s2,0.22636371605515887,0,2.7171900049574536,97.49673208847511,13617.738397893547,0,0
exp_022,5,s1,s2,0.019149794556122646,0,2.730491913274149,103.45749080682734,8995.064752605642,0,0
exp_022,6,s1,s2,0.4265866398803299,0,2.8292241677979217,55.31732448521964,8071.499501899521,0,0
exp_022,7,s1,s2,0.23548064324955864,0,2.6361742744521006,125.61471552521294,5811.877870504311,0,0
exp_022,8,s1,s2,0.09865479578413247,0,4.250658642938271,40.53880075438101,5321.197560678144,0,0
exp_022,9,s1,s2,0.014317688712131639,0,1.9685254560892558,133.41769839217292,13575.876757624015,0,0
exp_022,10,s1,s2,0.00603774705528436,0,4.751135597414443,71.12989038852807,6826.630488570137,0,0
exp_022,11,s1,s2,0.0941272019527604,0,2.0710146839106947,156.6099095860341,13288.971119758779,0,0
exp_022,12,s1,s2,0.0924871386804307,0,4.086308754436352,-4.47748465586868,10767.608474359242,0,0
exp_022,13,s1,s2,0.018096482879838605,0,1.30291001905944,47.284747869796064,9009.02722579126,0,0
exp_022,14,s1,s2,0.14317545474629115,0,3.7102985786210345,98.59158649238307,7936.764133584362,0,0
exp_022,15,s1,s2,0.05373468534948004,0,3.2333021065643774,172.73027695344317,10470.281464244477,0,0
exp_022,16,s1,s2,0.005481545096311449,0,1.4802111966480078,66.39124043749766,14993.351228311154,0,0
exp_022,17,s1,s2,0.03686825628995074,0,3.3408816594615605,137.18579101999063,8409.164091920904,0,0
exp_022,18,s1,s2,0.07842418903790574,0,2.543065160865257,51.635944485268844,8352.231802135717,0,0
exp_022,19,s1,s2,0.004295426210032609,0,4.066351891195238,114.76185183467629,8815.743878255178,0,0
exp_022,20,s1,s2,0.13472119074631556,0,1.5829234420781777,172.76213204102322,6410.59799492297,0,0
exp_022,21,s1,s2,0.12355455276767341,0,3.437822878510287,141.76297835997158,5178.78484034818,0,0
exp_022,22,s1,s2,0.024364336193472766,0,3.119190813007592,63.5481785986731,12564.776788404124,0,0
exp_022,23,s1,s2,0.011718480008721211,0,3.1988879553556875,160.61300288927072,11899.690121417249,0,0
exp_022,24,s1,s2,0.3554413199911321,0,2.7240897875979693,51.811970081224146,13514.386963311144,0,0
exp_022,25,s1,s2,0.23671688070233943,0,5.577054329570032,108.7244099743868,12081.473345985572,0,0
exp_022,26,s1,s2,0.17883174106306718,0,3.186574438560889,88.61281346284161,9812.761505116168,0,0
exp_022,27,s1,s2,0.05989711438495013,0,3.3291192134172944,-35.94866190034476,14450.505533946036,0,0
exp_022,28,s1,s2,0.07945240255633386,0,3.833278617103433,129.9077623732353,11791.28831334862,0,0
exp_022,29,s1,s2,0.09337479264270432,0,4.096117935409184,109.84156994509651,13216.465971645,0,0
exp_022,30,s1,s2,0.013043757904006118,0,2.724501848325281,155.87903661228128,7536.968299958108,0,0
exp_022,31,s1,s2,0.20384421652396348,0,4.324087783612095,85.40605729826945,7634.036119558445,0,0
exp_022,32,s1,s2,0.00039370614877606017,0,2.0542283539267223,99.46287266746025,12543.759555249097,0,0
exp_022,33,s1,s2,0.032306767108323975,0,2.1545678161950246,94.23151858945862,7866.592484472527,0,0
exp_022,34,s1,s2,0.15209246121645736,0,3.411143533319643,51.329232074777345,14174.258528045011,0,0
exp_022,35,s1,s2,0.11389242875011521,0,2.9578494683185306,101.67631437391601,7507.318260020545,0,0
exp_022,36,s1,s2,0.22494126615765395,0,3.889553631079628,168.55705236710452,11637.667361217,0,0
exp_022,37,s1,s2,0.05347777908242596,0,2.6965122405015642,199.7172474859925,13997.596153682574,0,0
exp_022,38,s1,s2,0.040971361773558757,0,3.7020106115294076,80.63442308883238,12969.876547589854,0,0
exp_022,39,s1,s2,0.07235647613818694,0,2.6778175502379935,79.1226966872706,11562.279904088067,0,0
exp_022,40,s1,s2,0.04862000668228422,0,2.5192234384953966,159.99901089739723,12886.864292314242,0,0
exp_022,41,s1,s2,0.04330033385926238,0,3.80664311672275,88.57840394668207,7389.865877556765,0,0
exp_022,42,s1,s2,0.02313183301171158,0,2.334200129898229,153.25915900618202,5374.879568696593,0,0
exp_022,43,s1,s2,0.24986308801904922,0,3.160230364613406,44.24387837456483,7740.5420742954775,0,0
exp_022,44,s1,s2,0.00674149765018607,0,0.861011106386262,90.17435427869155,9183.689101320071,0,0
exp_022,45,s1,s2,0.26443254800000954,0,3.254406878746652,124.22565653863862,13846.823774216877,0,0
exp_022,46,s1,s2,0.0385145008235229,0,4.4574842978317,23.807068127629762,11236.259472972642,0,0
exp_022,47,s1,s2,0.06572007412500423,0,3.1705653832079994,98.25740247544975,13211.236261177244,0,0
exp_022,48,s1,s2,0.057089450046410174,0,2.061006803770832,146.30872633425687,6001.693262373299,0,0
exp_022,49,s1,s2,0.04345299668388769,0,2.7688973493308464,97.68097570489637,13147.920016358961,0,0
exp_022,50,s1,s2,0.04450275873839574,0,2.257915905077223,107.00374239799136,6749.96828750584,0,0
exp_022,51,s1,s2,0.22044944670112376,0,3.53743259138803,106.48615243416866,14987.500343913169,0,0
exp_022,52,s1,s2,0.04649923910333273,0,3.7722299334832914,78.32179836182254,14986.114270374543,0,0
exp_022,53,s1,s2,0.09932831059287889,0,3.622627039812321,132.61141000583473,8553.39708219547,0,0
exp_022,54,s1,s2,0.08539508296563558,0,3.5090461386740674,145.06348847808073,5211.638139820383,0,0
exp_022,55,s1,s2,0.04105364489933047,0,2.5885413692095125,72.60892878783893,14054.894774913257,0,0
exp_022,56,s1,s2,0.003759106222317869,0,2.2986223947775444,48.39971718338132,11168.84071966395,0,0
exp_022,57,s1,s2,0.07637878877381174,0,2.443979977841864,76.67257768975044,7367.9803459611885,0,0
exp_022,58,s1,s2,0.0698219275315837,0,2.304451665508127,97.15171598683668,12292.664058366334,0,0
exp_022,59,s1,s2,0.03987555995993063,0,1.7061826349321072,145.05026621010578,10707.437417333198,0,0
exp_022,60,s1,s2,0.14790787545627118,0,2.862549443044023,112.31409064862491,8348.569509989811,0,0
exp_022,61,s1,s2,0.06241182942552892,0,2.020747666995633,99.4410442261059,8455.808733486974,0,0
exp_022,62,s1,s2,0.016062117633270766,0,3.479179159411494,107.25120862362469,14967.337702943814,0,0
exp_023,0,s1,s2,0.024752039393066073,0,4.047520814109763,150.45414913022103,5946.853747279229,0,0
exp_023,1,s1,s2,0.1317135417428407,0,3.825265829684943,161.82436907483188,7284.362959978751,0,0
exp_023,2,s1,s2,0.05499757164887406,0,3.4491349254540196,145.68841387037216,12327.688349999024,0,0
exp_023,3,s1,s2,0.08852146350099188,0,4.569300665528143,84.73013516765832,5679.25814366305,0,0
exp_023,4,s1,s2,0.11182867664833931,0,1.977936303392676,51.82803475990049,11672.186105934588,0,0
exp_023,5,s1,s2,0.22619639859322166,0,3.8899608405008395,226.58107049832296,6603.841338436713,0,0
exp_023,6,s1,s2,0.12568707375978228,0,4.035126820674959,59.67438538294456,9340.65261197629,0,0
exp_023,7,s1,s2,0.08175156336934747,0,2.4534510496642365,131.10691365554902,8428.68739527415,0,0
exp_023,8,s1,s2,0.14841659674474722,0,2.1417420321466762,107.41835958181886,9301.85866778513,0,0
exp_023,9,s1,s2,0.08834202178866621,0,2.6858799028275335,113.0092509862893,7422.356600758072,0,0
exp_023,10,s1,s2,0.027884640021049067,0,2.766608385391548,114.63549130247374,12869.60726985409,0,0
exp_023,11,s1,s2,0.06195371812677103,0,3.5926037784017506,119.15820116075359,11340.303926050336,0,0
exp_023,12,s1,s2,0.18556726277279928,0,2.556813372698532,86.84237734528087,11159.320070866688,0,0
exp_023,13,s1,s2,0.05703817203340142,0,3.9307239697340632,-27.979087657524772,8613.826115655425,0,0
exp_023,14,s1,s2,0.09836586692181135,0,3.520668977976279,-10.20128767556705,14541.306030575752,0,0
exp_023,15,s1,s2,0.23263252377087534,0,2.5718706587034266,167.04667538709194,10643.392231821734,0,0
exp_023,16,s1,s2,0.15746137452128603,0,3.7874647932378562,29.32148870957938,13279.343248518568,0,0
exp_023,17,s1,s2,0.12291360660749956,0,5.569745837700139,68.83903501592874,14886.755431457941,0,0
exp_023,18,s1,s2,0.0921272607452361,0,3.698583733776204,144.02553441078175,12014.906155293633,0,0
exp_023,19,s1,s2,0.12600813757282178,0,1.518881707489283,-30.659844015785076,9678.627373607824,0,0
exp_023,20,s1,s2,0.003382011417726109,0,2.3867322407131004,77.01509284994496,13864.450113972573,0,0
exp_023,21,s1,s2,0.03215413718517561,0,1.96630794496097,96.10861150196371,13496.63377635905,0,0
exp_023,22,s1,s2,0.31808663365973405,0,2.92982638378096,127.7349669254243,11445.148244347965,0,0
exp_023,23,s1,s2,0.09155513465637169,0,2.2540092195785566,0.0012694717753669593,5643.236972332857,0,0
exp_023,24,s1,s2,0.158816104232634,0,2.7580717712647136,20.56915708500768,9806.207336166439,0,0
exp_023,25,s1,s2,0.08225994507597252,0,3.5638337656527312,146.70330533372146,11630.63049129192,0,0
exp_023,26,s1,s2,0.07481219713573095,0,2.7975188598841894,58.255912131425774,14573.16851290552,0,0
exp_023,27,s1,s2,0.5414418756819764,0,2.1133753878487416,137.5002847301841,6018.906460033959,0,0
exp_023,28,s1,s2,0.05357407078052237,0,3.441305215523572,135.46246125441567,13838.92237541105,0,0
exp_023,29,s1,s2,0.09565303821815235,0,3.088098612850313,70.318733140937,7428.86236624789,0,0
exp_023,30,s1,s2,0.13257022719924516,0,1.8711146528000235,157.79748246003325,6768.016664640643,0,0
exp_023,31,s1,s2,0.01080311339152085,0,2.6521520289834077,183.2841954722486,8235.29914178139,0,0
exp_023,32,s1,s2,0.19424871249369297,0,3.4862214322626675,226.41901372234386,12433.791649756158,0,0
exp_023,33,s1,s2,0.16905565416448326,0,2.4052789263533794,192.22773480993638,8792.987926721875,0,0
exp_023,34,s1,s2,0.14769411598080673,0,4.880412855409792,108.2375608251174,13903.98789080552,0,0
exp_023,35,s1,s2,0.2475637359543259,0,2.1596183253299728,70.07406465907317,7612.873603368379,0,0
exp_023,36,s1,s2,0.1391796552593227,0,1.8968836089470844,78.05627587907617,5983.854925069692,0,0
exp_023,37,s1,s2,0.039647541995470714,0,2.5460551060619694,145.84656170306963,5879.53008368729,0,0
exp_023,38,s1,s2,0.12206793643330696,0,2.5721519177197147,93.41719118693236,6578.269812997985,0,0
exp_023,39,s1,s2,0.014758953193487637,0,3.8802476630499845,109.85192021460325,12930.720333234574,0,0
exp_023,40,s1,s2,0.07907953904657031,0,4.876651431892068,38.451435690100055,9438.127409800809,0,0
exp_023,41,s1,s2,0.02824943819189132,0,3.7831285728946478,118.79931999937152,8728.703306808606,0,0
exp_023,42,s1,s2,0.1842243413488873,0,1.0432931678219983,31.66091343609874,5283.2435754702765,0,0
exp_023,43,s1,s2,0.11883583514343628,0,3.564734058658601,153.08768027791092,6513.609513919435,0,0
exp_023,44,s1,s2,0.01090266360642126,0,1.0932031518978904,170.53287666540206,9290.977834855896,0,0
exp_023,45,s1,s2,0.343579648928746,0,2.3731768421488306,179.55805384144992,5190.992798417149,0,0
exp_023,46,s1,s2,0.0034690515777683175,0,3.8970064326890674,124.54117259383234,12077.026295496838,0,0
exp_023,47,s1,s2,0.05206870087929105,0,3.0303511579548092,114.95087285290603,5706.709646951056,0,0
exp_023,48,s1,s2,0.07786451707470417,0,3.3197209859168715,134.84692807292015,12199.892310327243,0,0
exp_023,49,s1,s2,0.008879824969501593,0,3.0584994243769454,145.75656647373316,12915.750963929911,0,0
exp_023,50,s1,s2,0.012249679535497897,0,3.4371694013256144,83.9216452111216,7634.427593968093,0,0
exp_023,51,s1,s2,0.022984077692224353,0,3.4091900365285785,88.23419433613688,14155.919855148695,0,0
exp_023,52,s1,s2,0.039897984499297726,0,4.0194915230286465,159.585793667241,13065.626321304033,0,0
exp_023,53,s1,s2,0.035170090662993515,0,5.084983093548652,106.30350998151692,5262.5681880990605,0,0
exp_023,54,s1,s2,0.04727894987085493,0,1.9362428154609987,142.11267482024192,14577.041070064872,0,0
exp_023,55,s1,s2,0.0030625583702648435,0,2.931138755793736,92.51450889879975,12862.823072902253,0,0
exp_023,56,s1,s2,0.13961104070398186,0,2.3991567313351845,71.15178375097811,11425.799158045407,0,0
exp_023,57,s1,s2,0.06126418531589209,0,4.477145986663498,135.35202112706344,14933.86112028669,0,0
exp_023,58,s1,s2,0.11356343067428623,0,2.6245887618393557,87.15354838409415,11409.167746440753,0,0
exp_023,59,s1,s2,0.07406226511061405,0,3.288877159139263,125.44127882339625,10097.424500426207,0,0
exp_024,0,s1,s2,0.09037900849065279,0,2.816306033623407,116.85049004494954,14890.744654737045,0,0
exp_024,1,s1,s2,0.11094619949257199,0,5.280260230298927,63.31113585963106,7725.311690402068,0,0
exp_024,2,s1,s2,0.032044476599190595,0,4.221423593391952,64.60843608830325,11079.711675981625,0,0
exp_024,3,s1,s2,0.010823638069748408,0,3.3082213115839805,153.5510236056418,14608.555767847798,0,0
exp_024,4,s1,s2,0.11092248049736378,0,2.8947293844206996,34.78465382367932,11484.975975472042,0,0
exp_024,5,s1,s2,0.002867183779231102,0,2.556176520308668,21.77730066880158,9874.404737597884,0,0
exp_024,6,s1,s2,0.01485320377616558,0,3.93275309590526,184.11420480616079,7944.640988411602,0,0
exp_024,7,s1,s2,0.0013754038053636407,0,2.816169419679878,64.15628646437628,6539.7435116568395,0,0
exp_024,8,s1,s2,0.047291924536331735,0,3.7877455413114314,206.88058146896117,7311.7588313739425,0,0
exp_024,9,s1,s2,0.042132393404825566,0,4.006483329990284,115.90257740894799,12532.134387388773,0,0
exp_024,10,s1,s2,0.08060919996598587,0,1.6335136793646337,30.27917173705472,13794.173102643961,0,0
exp_024,11,s1,s2,0.004003436315885732,0,2.8382856838193953,103.17017554302463,11055.292748912721,0,0
exp_024,12,s1,s2,0.06631575198705486,0,2.689757941814073,72.46373588638929,13903.144562136513,0,0
exp_024,13,s1,s2,0.0798481954029,0,2.2745722568166045,92.65066749175095,12141.215274023056,0,0
exp_024,14,s1,s2,0.1213520988151037,0,3.2176281001228504,220.91956101272504,9337.844022073727,0,0
exp_024,15,s1,s2,0.08996083916043783,0,1.3080387803124252,139.78572239326792,9496.798508851572,0,0
exp_024,16,s1,s2,0.1638273638873968,0,2.4978042082761713,58.985470304715335,11795.080227365554,0,0
exp_024,17,s1,s2,0.03790508659078653,0,2.618705039195424,115.090037850549,12626.861704546085,0,0
exp_024,18,s1,s2,0.007079991197006296,0,1.174194258107011,150.1135517837805,7325.946369638504,0,0
exp_024,19,s1,s2,0.0959422118229852,0,3.2590288214837146,100.23716797637941,14832.159866537457,0,0
exp_024,20,s1,s2,0.10079252321622556,0,2.549845080157272,-45.14636609507727,11824.79066236862,0,0
exp_024,21,s1,s2,0.010711154140386696,0,2.4514350494428747,88.91524816205204,5733.6075951691955,0,0
exp_024,22,s1,s2,0.021795608189734233,0,4.496756785990474,96.12459944268569,9854.958911658725,0,0
exp_024,23,s1,s2,0.040868520289429576,0,3.0993940895614296,58.73226715190469,7712.6858648317675,0,0
exp_024,24,s1,s2,0.0954340992858483,0,2.8622589009424217,26.312054932830108,14686.138153459295,0,0
exp_024,25,s1,s2,0.14775756832693818,0,2.7043122825424644,135.40649302476402,14920.384737785946,0,0
exp_024,26,s1,s2,0.010851305309078022,0,2.8383200727855047,88.99732463141527,14700.76618910001,0,0
exp_024,27,s1,s2,0.1102199381318225,0,3.6937519207067693,134.9907861552508,10350.737497792146,0,0
exp_024,28,s1,s2,0.15969609628700304,0,1.3392755048899825,142.89742998121716,10611.101087684006,0,0
exp_024,29,s1,s2,0.07625156642971613,0,4.4517058807768235,75.48507948697092,5997.630040381336,0,0
exp_024,30,s1,s2,0.14998276024753884,0,2.5934730748968393,94.3257304581685,8632.461785621772,0,0
exp_024,31,s1,s2,0.09432579787213793,0,1.997454367610478,160.97465112833146,8907.503477090931,0,0
exp_024,32,s1,s2,0.1350191444526854,0,4.650748344305217,148.79410416538758,8891.6461651348,0,0
exp_024,33,s1,s2,0.06690664269368057,0,1.3319848563322938,67.09116561951784,12651.115104398497,0,0
exp_024,34,s1,s2,0.14439769739711897,0,2.5335508080931306,88.43628673187119,5114.326766722041,0,0
exp_024,35,s1,s2,0.055765614246980434,0,3.1636337636687935,98.4979421625919,9698.020756976795,0,0
exp_024,36,s1,s2,0.029627672701102,0,2.9774021669550974,149.48996729637554,10991.756352105778,0,0
exp_024,37,s1,s2,0.010055951495871872,0,3.562839996321604,92.58264105960895,10895.053841754254,0,0
exp_024,38,s1,s2,0.04223598059005593,0,3.7471412320266033,111.4386690012341,7739.906004725901,0,0
exp_024,39,s1,s2,0.0703433339107684,0,3.774656635890075,174.3198021664188,11796.751311406348,0,0
exp_024,40,s1,s2,0.043266103352457924,0,4.131457796345356,42.84023383249805,7155.432851045453,0,0
exp_024,41,s1,s2,0.05441320850586088,0,2.934861664271112,122.41587812150784,14693.496144198252,0,0
exp_024,42,s1,s2,0.015119914628674526,0,1.6795318689797283,119.29013875623492,12900.741269632746,0,0
exp_024,43,s1,s2,0.1531102763783754,0,3.4545025720856284,38.575466180954635,14856.33620087704,0,0
exp_024,44,s1,s2,0.2140436777679316,0,2.8785259814499553,117.61760551570269,6055.756422194634,0,0
exp_024,45,s1,s2,0.020868221394347762,0,4.461025622339097,100.12329147437599,6501.536441838753,0,0
exp_024,46,s1,s2,0.10780203619529141,0,1.8451059638341283,35.84640051348059,11619.177301579262,0,0
exp_024,47,s1,s2,0.06292327657610135,0,2.5979237405601494,118.23131769710255,12899.482697670384,0,0
exp_024,48,s1,s2,0.006639116748875618,0,3.5570979585709956,45.42354454819203,13549.256565110712,0,0
exp_024,49,s1,s2,0.029126130726311417,0,3.428327414169423,0.30026866603793945,7115.728064893024,0,0
exp_024,50,s1,s2,0.16668353867805885,0,2.475182803707135,120.24328464818048,9638.297318166322,0,0
exp_024,51,s1,s2,0.14908896880742625,0,4.179050215539266,27.953861605907658,5502.131214575727,0,0
exp_024,52,s1,s2,0.09382520267673877,0,3.282006986756061,85.1846298607449,8554.494635804786,0,0
exp_024,53,s1,s2,0.03306645417960016,0,1.3567989201434139,34.654938552564104,7848.003742495508,0,0
exp_024,54,s1,s2,0.24276306722090124,0,3.2308644101280874,190.7788740797536,14008.678944015792,0,0
exp_024,55,s1,s2,0.0375341830283368,0,3.028135512201255,238.1342266365751,9895.609062276057,0,0
exp_024,56,s1,s2,0.06089998000105017,0,3.654023974231481,62.35473022860302,9513.360327392887,0,0
exp_024,57,s1,s2,0.31824540974012416,0,3.864948838011637,43.39385847861704,14407.170796391085,0,0
exp_024,58,s1,s2,0.10890332832311347,0,3.1317891582113364,107.47062424604442,8601.177154890038,0,0
exp_024,59,s1,s2,0.0916600629736279,0,3.124967190791685,39.542593356036036,7304.219718143372,0,0
exp_024,60,s1,s2,0.1361550296009108,0,0.5275543419056521,139.0733707123725,7687.9709616697755,0,0
exp_024,61,s1,s2,0.6644223881484721,0,2.7316287060410316,117.83148080508012,14720.420941766235,0,0
exp_024,62,s1,s2,0.015406634187996175,0,4.427008902699061,118.57005429661177,8666.671778746331,0,0
exp_024,63,s1,s2,0.3811996138797228,0,1.8526935162509888,89.23760709523042,9659.667481861366,0,0
exp_024,64,s1,s2,0.11364299426873695,0,2.8439863405767447,162.8542446052673,10936.068260491675,0,0
exp_024,65,s1,s2,0.031107996350635454,0,1.4111200801949502,119.95943584407298,14548.89710009258,0,0
exp_024,66,s1,s2,0.06603979451262222,0,1.987525629845609,73.24834576542149,7444.522102566621,0,0
exp_024,67,s1,s2,0.17888579323092108,0,3.7555152605285027,110.45849053443759,7319.6845215778585,0,0
exp_024,68,s1,s2,0.012912804315485969,0,3.003504831668619,88.99089429792988,14983.06930381988,0,0
exp_024,69,s1,s2,0.11873296361319584,0,3.73024975373295,81.43603352379579,12817.222659879597,0,0
exp_024,70,s1,s2,0.0015535215063830227,0,2.4269690737877787,145.51258407664304,6496.734645836011,0,0
exp_024,71,s1,s2,0.025661093829234538,0,0.5143361984289294,48.02483156980352,7888.872993742268,0,0
exp_024,72,s1,s2,0.018900583352810425,0,2.277860783371137,149.15250743394756,7448.089614121333,0,0
exp_024,73,s1,s2,0.02454733612321219,0,3.155654197099732,44.91590600356595,11054.003719533443,0,0
exp_024,74,s1,s2,0.12224853104411111,0,1.8319130478921517,150.68335429334186,8303.110053968465,0,0
exp_024,75,s1,s2,0.11441784421929216,0,1.8348333842411757,69.4793427050933,8743.361536967395,0,0
exp_024,76,s1,s2,0.03175698385364203,0,2.599875415281257,125.20761806882405,5647.721995252017,0,0
exp_024,77,s1,s2,0.13425739305551196,0,2.516826705075087,34.602212501831154,5641.3525223738325,0,0
exp_024,78,s1,s2,0.025653176678468694,0,3.591717726781987,128.46870784118562,7070.848248877104,0,0
exp_024,79,s1,s2,0.04093433865773339,0,4.556104437527083,112.33652255434659,13400.77159687724,0,0
exp_024,80,s1,s2,0.16435882952970435,0,1.797516301418707,174.96382920084332,14824.82651061107,0,0
exp_024,81,s1,s2,0.10948338140175128,0,2.596502067055769,141.10210019644714,14895.648082378068,0,0
exp_024,82,s1,s2,0.01716055849481515,0,4.458432703426778,104.06880160090999,9326.424806040359,0,0
exp_024,83,s1,s2,0.06312698099965679,0,2.961584190698062,112.5072223866277,11040.721005990636,0,0
exp_024,84,s1,s2,0.005608333853776835,0,3.4303448381710577,149.69638953973177,9040.201028628135,0,0
exp_024,85,s1,s2,0.0016301693476413225,0,2.821399670566446,101.67973166634248,5012.036139090179,0,0
exp_024,86,s1,s2,0.0957369431604318,0,2.486815619076136,74.1017307752758,11532.715658327437,0,0
exp_024,87,s1,s2,0.005519266383480251,0,2.152685972148863,77.45030334367951,10801.763697965338,0,0
exp_024,88,s1,s2,0.10840148162679644,0,2.0429189227333833,143.23364652967842,5892.49751636584,0,0
exp_024,89,s1,s2,0.008195182389715614,0,3.627392074083685,94.80402442605806,7177.290342470246,0,0
exp_024,90,s1,s2,0.029671151725731176,0,3.223840172783236,57.688316890174626,11798.72873947175,0,0
exp_024,91,s1,s2,0.1029826821538083,0,2.9571955024319077,156.93904059610645,6344.570407670644,0,0
exp_024,92,s1,s2,0.034165281566390614,0,4.10027518014524,178.99334778027537,10310.031297429625,0,0
exp_024,93,s1,s2,0.11487412675194625,0,3.8621103951896245,115.53086142330743,10860.163774782966,0,0
exp_024,94,s1,s2,0.15077903955853134,0,3.8050837886620337,43.22907723985669,14021.941183826757,0,0
exp_024,95,s1,s2,0.04873244977868614,0,3.7239727440693677,144.9451604934555,5595.261968718225,0,0
exp_024,96,s1,s2,0.0871098244982285,0,2.941053466481046,102.35171820042517,6217.519976476784,0,0
exp_024,97,s1,s2,0.09025699313340685,0,2.7341334143127023,95.56661952529356,10416.41507833053,0,0
exp_024,98,s1,s2,0.04907699234070147,0,3.164015956640611,113.26594352241095,13224.223100162773,0,0
exp_024,99,s1,s2,0.02439721780321347,0,2.1680741760665625,66.25928778844316,12650.63431365564,0,0
exp_024,100,s1,s2,0.29549181946074077,0,3.6283300457417966,117.85808680720251,11386.990948831726,0,0
exp_024,101,s1,s2,0.04904674327827214,0,2.241502346426853,93.37032226893304,5314.571952460261,0,0
exp_024,102,s1,s2,0.11890040774357723,0,4.746787386601952,-2.9890784605044463,10576.612476224163,0,0
exp_024,103,s1,s2,0.0324865989106235,0,0.5214632841461802,-2.1746751242560647,8884.27221227857,0,0
exp_024,104,s1,s2,0.171855761499546,0,5.196089559296816,48.26151109732169,13955.201203808261,0,0
exp_024,105,s1,s2,0.20116604547873118,0,2.6815182011295193,127.03153630892928,5349.824883080629,0,0
exp_024,106,s1,s2,0.030254775440011747,0,3.471528484175239,87.25501922555775,11492.427328379707,0,0
exp_024,107,s1,s2,0.00852354562550328,0,4.376885886175849,138.14043447866473,13596.43910565396,0,0
exp_024,108,s1,s2,0.2824076575447292,0,2.367531583689865,50.41136769603301,7403.228807448307,0,0
exp_025,0,s1,s2,0.07234978403577029,0,3.591657083935445,141.81097845256775,11150.733400185107,0,0
exp_025,1,s1,s2,0.016345208926459995,0,2.963397337305053,43.49779154178176,7588.8874197050445,0,0
exp_025,2,s1,s2,0.14045532748515202,0,2.299075367831473,121.62896610424241,13770.272712616372,0,0
exp_025,3,s1,s2,0.019963830675414806,0,2.7955003412301638,170.6530421752021,8282.722935581513,0,0
exp_025,4,s1,s2,0.01722594650665194,0,3.481171557579227,50.604108317949056,10504.303879471205,0,0
exp_025,5,s1,s2,0.013020598125463842,0,3.8673533789188776,149.89389078971274,5584.309908545752,0,0
exp_025,6,s1,s2,0.08215945487021283,0,3.275663197634258,128.30691543561852,14261.8892143945,0,0
exp_025,7,s1,s2,0.16684081276089485,0,3.2618606592902735,161.70849293956877,8060.591982161759,0,0
exp_025,8,s1,s2,0.024564368538601365,0,4.0953491943987235,26.34900847423681,6726.565358323989,0,0
exp_025,9,s1,s2,0.02992692608972904,0,1.4357950986530315,90.64255976795432,10886.436697160616,0,0
exp_025,10,s1,s2,0.25662385580559094,0,3.7996037853020774,159.59779838214865,10827.214759837787,0,0
exp_025,11,s1,s2,0.06693289193854697,0,2.6545845759361666,89.37344870781544,12500.151792286952,0,0
exp_025,12,s1,s2,0.019311827333983414,0,2.709496581023025,96.0553889042502,6370.679425404481,0,0
exp_025,13,s1,s2,0.019019684252416593,0,3.1582860293985755,77.48882234816843,13370.077958031172,0,0
exp_025,14,s1,s2,0.04673119053725602,0,2.7064775361185887,119.17762018535622,8253.904235612395,0,0
exp_025,15,s1,s2,0.016338635622848954,0,1.7674394375093194,192.72167166809137,11132.833468418987,0,0
exp_025,16,s1,s2,0.1434119593641213,0,5.151102720289829,138.51430256915629,14352.50314394333,0,0
exp_025,17,s1,s2,0.03553391359688013,0,4.360786355479141,55.98419124960159,11113.055170553867,0,0
exp_025,18,s1,s2,0.019666339652455286,0,2.4131502664512623,-12.995068372923813,9193.898379683893,0,0
exp_025,19,s1,s2,0.01963492565157216,0,3.048188754747902,103.89845496916493,9813.558321078523,0,0
exp_025,20,s1,s2,0.11396250148353533,0,3.2781254895361047,18.705398631275195,12990.103713523586,0,0
exp_025,21,s1,s2,0.0036928433693662194,0,2.968864461684724,116.7099471585883,8592.31140621723,0,0
exp_025,22,s1,s2,0.034633492642040783,0,3.4891686338368704,72.68368678440441,14554.141647460965,0,0
exp_025,23,s1,s2,0.05338294526821381,0,5.036872171795816,88.9107399460804,9349.84179170463,0,0
exp_025,24,s1,s2,0.08180834078763709,0,3.1483628586819856,83.29553964523845,5528.2464448413675,0,0
exp_025,25,s1,s2,0.16987334247283825,0,2.4675410159316025,132.90337877784268,8236.627810358003,0,0
exp_025,26,s1,s2,0.06564496066128794,0,1.4116307517494175,136.1013479178222,10924.86404631925,0,0
exp_025,27,s1,s2,0.03535186064586875,0,3.124773487911156,91.48577340870995,14614.313123833372,0,0
exp_025,28,s1,s2,0.05568105749691707,0,1.8225140263935589,102.11455469988628,10510.31352680157,0,0
exp_025,29,s1,s2,0.015625026809573023,0,3.6464767861983516,108.29729314061575,6956.985393030396,0,0
exp_025,30,s1,s2,0.14463149671332873,0,2.937819945679423,88.1012093437552,6107.485078305091,0,0
exp_025,31,s1,s2,0.04345985580901643,0,2.5681774505750576,44.36477024967495,9175.228061075304,0,0
exp_025,32,s1,s2,0.03575197618124777,0,3.625959648781164,111.70329955278399,9005.953741052723,0,0
exp_025,33,s1,s2,0.021361800927873743,0,3.6924643413643277,77.57543151064498,10716.397232701478,0,0
exp_025,34,s1,s2,0.06069897272888397,0,2.83304116934705,41.82105500004916,7784.920033573867,0,0
exp_025,35,s1,s2,0.28675700063551696,0,1.458521895085632,104.66844304015825,9107.770895242906,0,0
exp_025,36,s1,s2,0.20943358999919204,0,0.9398014527833003,117.09608052946518,7078.8835410499705,0,0
exp_025,37,s1,s2,0.16110635300671972,0,2.420938398660775,212.89281501288238,7174.843538629781,0,0
exp_025,38,s1,s2,0.040683560805002544,0,3.025114084026011,128.74211628851995,9006.992812432529,0,0
exp_025,39,s1,s2,0.07369361604571527,0,2.3392684941110278,157.644402256437,6787.061209326089,0,0
exp_025,40,s1,s2,0.08793228388845714,0,4.242409307896205,148.2448859553089,13819.875907661297,0,0
exp_025,41,s1,s2,0.0463900882049156,0,4.999755831958019,47.28099023772919,11663.053231282922,0,0
exp_025,42,s1,s2,0.07907902385524268,0,3.6530295532955295,62.280857031784855,13037.519743040817,0,0
exp_025,43,s1,s2,0.08051420684493954,0,1.9842335330758392,98.49516463547336,5839.516614997839,0,0
exp_025,44,s1,s2,0.041485633631709484,0,3.2415548684763964,94.96413729720113,12836.227424434297,0,0
exp_025,45,s1,s2,0.10785870251544472,0,1.727169579546054,103.3765531990245,14784.566721842839,0,0
exp_025,46,s1,s2,0.047006874855028746,0,2.9845291552329547,50.96685438849828,13739.980116130831,0,0
exp_025,47,s1,s2,0.2182946018863909,0,4.454749535370588,194.03805731013242,13131.202726214195,0,0
exp_025,48,s1,s2,0.15432268191549126,0,3.1310491639611735,148.46016108895012,14676.470927328088,0,0
exp_025,49,s1,s2,0.5558859335073801,0,0.5568546947692683,99.80688606040692,11130.72309882715,0,0
exp_025,50,s1,s2,0.005759262755096875,0,4.0926275651731086,100.95170881080384,7134.615161389688,0,0
exp_025,51,s1,s2,0.055580537264379254,0,2.8907234877816097,133.61388484553396,8583.676323323984,0,0
exp_025,52,s1,s2,0.058077725493647585,0,5.274240151211362,116.75877420503481,13006.928009167312,0,0
exp_025,53,s1,s2,0.06016665162978771,0,3.141479341483804,166.60159058156168,8384.805103679777,0,0
exp_025,54,s1,s2,0.10728007748259023,0,3.4599946164130553,186.26428284846725,5566.149731347234,0,0
exp_025,55,s1,s2,0.018618847388310825,0,2.001349309652193,50.681270397382875,11734.208002468706,0,0
exp_025,56,s1,s2,0.0018519086294583613,0,2.1827989304979853,144.52092927451037,8100.218462161024,0,0
exp_025,57,s1,s2,0.07505852691511888,0,3.3409461235169333,87.40425335644211,5853.6877932656525,0,0
exp_025,58,s1,s2,0.058767492328736265,0,3.348258221514133,152.52291401534794,7923.295158426335,0,0
exp_025,59,s1,s2,0.054603873822710425,0,2.696885678483285,137.81433643011147,14981.978792878575,0,0
exp_025,60,s1,s2,0.00035108192509843416,0,2.578969654137505,25.122551941991954,12305.662704334049,0,0
exp_025,61,s1,s2,0.09790588918294796,0,3.020015550110924,19.7104570009201,14262.141053985688,0,0
exp_025,62,s1,s2,0.16874414925374648,0,2.682169457980456,107.57694404126354,5351.607132886386,0,0
exp_025,63,s1,s2,0.018441328173808356,0,2.190286692748274,129.16861156357075,10114.867692088335,0,0
exp_025,64,s1,s2,0.009789966181974016,0,2.771677915661637,130.7927399075043,14081.320565606307,0,0
exp_025,65,s1,s2,0.2898163589918651,0,2.985730822405442,90.17541499603699,5246.560557068929,0,0
exp_025,66,s1,s2,0.2393525264540618,0,2.1971347597660715,101.73845072966341,6102.767282765669,0,0
exp_025,67,s1,s2,0.048371159475371725,0,3.1594910244184335,118.19856700280491,13676.188661891325,0,0
exp_025,68,s1,s2,0.04564268464243669,0,3.263974309436158,35.807305657068056,11373.048264283245,0,0
exp_025,69,s1,s2,0.1344837356738005,0,4.001831211261531,120.02514784313851,10400.657152841717,0,0
exp_025,70,s1,s2,0.05349080371984575,0,3.060787683319983,117.66095909153975,13668.73582799179,0,0
exp_025,71,s1,s2,0.30638483088518176,0,3.5403840477736646,196.81385563222815,5035.108509106506,0,0
exp_025,72,s1,s2,0.004084245383267667,0,2.4537763155338936,73.97985048802745,7547.587951998454,0,0
exp_025,73,s1,s2,0.03637493913612518,0,1.9484687664153049,7.411762686479085,5988.663384560146,0,0
exp_025,74,s1,s2,0.00432853719286754,0,3.426655810592476,199.3903282381043,9441.442022201196,0,0
exp_025,75,s1,s2,0.1006324693642468,0,2.7278456223607614,161.66710902253985,11411.194650519794,0,0
exp_025,76,s1,s2,0.30698573746116764,0,2.7432654211574317,158.91507224716054,11447.16837814743,0,0
exp_025,77,s1,s2,0.0194885256885819,0,3.3449338425226123,102.16859783416749,10183.151152025222,0,0
exp_025,78,s1,s2,0.26260781138963857,0,2.4654724100625525,104.62556544910711,10867.54796691388,0,0
exp_025,79,s1,s2,0.03209944124772226,0,3.8682292534995746,67.16927342769218,7882.17582955867,0,0
exp_025,80,s1,s2,0.021607652402248427,0,2.9369770226201095,110.79429790177986,11013.762114431605,0,0
exp_025,81,s1,s2,0.0941561086662498,0,3.8315426650725337,106.06303311745923,11744.410713668685,0,0
exp_025,82,s1,s2,0.051706673254001634,0,2.752357869317691,114.06870669676259,10442.367576104174,0,0
exp_025,83,s1,s2,0.30068007425545723,0,4.151097345448822,122.76959720512595,11535.607255451929,0,0
exp_025,84,s1,s2,0.1828657071370948,0,2.9621003377814348,103.70928057610828,6696.610812567189,0,0
exp_025,85,s1,s2,0.0661630587949106,0,1.9991805390163828,137.02737679118408,5041.014504301671,0,0
exp_025,86,s1,s2,0.0419972507134387,0,1.7406287250340369,79.78883548124068,8560.89673754747,0,0
exp_025,87,s1,s2,0.018613614304735918,0,2.8447306958962404,79.68831208167619,9616.591807614153,0,0
exp_025,88,s1,s2,0.022918834315651265,0,2.041103838552103,68.17213951369493,12742.605684324513,0,0
exp_025,89,s1,s2,0.12468035624478575,0,1.6890291642771098,178.43329485390734,14090.409413142359,0,0
exp_025,90,s1,s2,0.3491096100524131,0,2.489913423281022,69.9494939684054,10256.310280003696,0,0
exp_025,91,s1,s2,0.0095685876579991,0,4.981550250048936,23.017029052355586,10220.73571137333,0,0
exp_025,92,s1,s2,0.04018345810712279,0,3.5693391729252983,102.63361049076093,7060.174042913761,0,0
exp_025,93,s1,s2,0.10637221651332568,0,2.0551302277042454,106.19789662529482,5223.4678842685735,0,0
exp_025,94,s1,s2,0.018815413040758695,0,4.7580693607288245,128.03403300450253,7024.7856414138,0,0
exp_025,95,s1,s2,0.11034020529210063,0,3.4224050828319217,40.892537559910124,9119.596798957988,0,0
exp_025,96,s1,s2,0.1060737218949342,0,2.203519381501638,26.346217846769303,5916.3820517572785,0,0
exp_025,97,s1,s2,0.011909074345365166,0,3.0858163195563946,102.18958239315542,11107.484949543095,0,0
exp_025,98,s1,s2,0.12582530658820174,0,2.20923328674495,143.66977682086417,5452.296309202149,0,0
exp_025,99,s1,s2,0.0001874499696485281,0,1.756484327675908,64.08234805846786,5623.177250491856,0,0
exp_025,100,s1,s2,0.019787585106194768,0,3.1184595487392204,43.40568107337008,10931.059551121645,0,0
exp_025,101,s1,s2,0.07841434854758376,0,2.705477909187363,67.41565406543987,5512.703324631532,0,0
exp_025,102,s1,s2,0.05036347304834397,0,3.2617304381938834,33.879775964858695,11928.083938491005,0,0
exp_025,103,s1,s2,0.07595431274151719,0,0.9978574467594488,41.56762850298442,13416.917680970037,0,0
exp_025,104,s1,s2,0.024765151431824273,0,3.8903820957650477,140.4967246250418,9192.000072707344,0,0
exp_025,105,s1,s2,0.03528260735318075,0,2.099683091881916,96.74005578250879,5459.3003222909,0,0
exp_025,106,s1,s2,0.011833678833247815,0,3.0182800857588212,31.538644326471132,13491.36636161122,0,0
exp_025,107,s1,s2,0.02687194475316264,0,2.371669165410449,89.98833323049867,10688.18731766495,0,0
exp_025,108,s1,s2,0.08179883149553357,0,0.8386389073746412,105.69487859992397,6859.01711556267,0,0
exp_025,109,s1,s2,0.0004811380969675987,0,5.917032771208657,123.9423433916288,13249.384798173975,0,0
exp_025,110,s1,s2,0.07023432710673455,0,3.218092806461666,135.45685727556685,13403.362382210831,0,0
exp_025,111,s1,s2,0.016052296371371396,0,3.4266306900421997,143.27793828369926,6702.330324383305,0,0
exp_025,112,s1,s2,0.021042917038775377,0,1.0725175724659062,80.6424472075088,11650.77439998428,0,0
exp_025,113,s1,s2,0.18302678146060314,0,2.003248097594234,4.806876243789981,14819.177845014143,0,0
exp_025,114,s1,s2,0.15320904167182137,0,2.857579264912435,146.18889263219884,7340.762039841152,0,0
exp_025,115,s1,s2,0.05307961563144362,0,2.4104928276953856,116.30794319578817,7704.691056165088,0,0
exp_025,116,s1,s2,0.004775839211399909,0,4.242437286525691,87.16524859378059,5246.636882980108,0,0
exp_025,117,s1,s2,0.11249260595578113,0,4.054892412551747,147.20210740745424,11742.36561628199,0,0
exp_025,118,s1,s2,0.04095911903032767,0,3.2951127670771423,39.66584731278905,9836.804457578664,0,0
exp_025,119,s1,s2,0.13050246420613124,0,1.0565568476890828,64.68668260479454,7934.785773590144,0,0
exp_026,0,s1,s2,0.08472577782937148,0,4.985212818836552,67.1770539848969,5505.755660790103,0,0
exp_026,1,s1,s2,0.06798365932597071,0,1.975748689372126,39.891581641283004,14609.174315580614,0,0
exp_026,2,s1,s2,0.020174270762026863,0,3.1032416586990856,1.5051603279700787,13630.269481496236,0,0
exp_026,3,s1,s2,0.05390023576750454,0,3.631942237742184,121.62176938280302,8100.163558218489,0,0
exp_026,4,s1,s2,0.049881501334561505,0,4.041794119021595,77.55200920299131,5443.468619536012,0,0
exp_026,5,s1,s2,0.03687780184497735,0,3.672392969880875,192.16580230629796,9362.893592936944,0,0
exp_026,6,s1,s2,0.07764162463134887,0,2.6914610287109606,32.66282407407305,10017.029841763491,0,0
exp_026,7,s1,s2,0.23145475786149872,0,3.606151871535361,80.2937764721104,11442.414008259819,0,0
exp_026,8,s1,s2,0.002055055461305025,0,1.9606283940690203,56.58596341000197,8814.41082105609,0,0
exp_026,9,s1,s2,0.04403158494028478,0,1.525706944491469,48.214866109344435,11211.334068483315,0,0
exp_026,10,s1,s2,0.017944210286807278,0,3.354861644654998,119.65021034290928,9764.832078552705,0,0
exp_026,11,s1,s2,0.191548740647678,0,2.2191854029170877,210.57017879651013,10671.645462958706,0,0
exp_026,12,s1,s2,0.229600090658423,0,3.082874453992331,114.48267604501501,12640.555898524384,0,0
exp_026,13,s1,s2,0.008752980242578324,0,3.499379660615796,63.67318930172278,9313.65456388002,0,0
exp_026,14,s1,s2,0.05905279053990023,0,3.887898818933715,20.85379186412736,6851.650454162026,0,0
exp_026,15,s1,s2,0.09859524322823905,0,1.86175405394007,64.09006197471192,13889.916385563323,0,0
exp_026,16,s1,s2,0.005652109753591563,0,3.1941321520056434,35.57041458112038,9810.671908474736,0,0
exp_026,17,s1,s2,0.004693650255559923,0,1.7897382091530611,171.41171072373456,9704.322476632413,0,0
exp_026,18,s1,s2,0.030999601427809716,0,4.2725406325855015,33.77667180546939,13828.117988673706,0,0
exp_026,19,s1,s2,0.0203500278725573,0,2.193229547997481,96.1258612834057,14597.268380389613,0,0
exp_026,20,s1,s2,0.21119011631634643,0,3.561444460859952,76.64296508410547,11899.911963543062,0,0
exp_026,21,s1,s2,0.2038370614825652,0,2.4170997988465666,156.37271835612748,12743.985370172555,0,0
exp_026,22,s1,s2,0.03044299423334061,0,2.276984301713932,84.1963320579132,14350.766159804687,0,0
exp_026,23,s1,s2,0.034390449632625684,0,0.586551829716524,122.90077757449279,14599.281205835015,0,0
exp_026,24,s1,s2,0.040804218232094853,0,3.502488323622102,119.69044189956321,9356.064974809658,0,0
exp_026,25,s1,s2,0.04750914534252268,0,3.3328159343260633,109.98480983126989,12549.317330722382,0,0
exp_026,26,s1,s2,0.025763971800370773,0,2.74357483087142,144.28631769409273,10762.294117779344,0,0
exp_026,27,s1,s2,0.1780437520815316,0,3.5555524818325566,69.57699592838696,10961.627979106775,0,0
exp_026,28,s1,s2,0.22381244670240516,0,2.705288961155819,39.059083339117194,13328.430928668375,0,0
exp_026,29,s1,s2,0.0019419038401702884,0,2.5145586308959,44.526222758012814,12528.694445035706,0,0
exp_026,30,s1,s2,0.10722968196847676,0,3.9162691989298706,224.30101231388363,13434.404436647403,0,0
exp_026,31,s1,s2,0.026781220928969868,0,1.8186450354171546,90.137467982385,10959.415957307045,0,0
exp_026,32,s1,s2,0.02884082350724762,0,2.644508337085799,-2.729101243095866,5267.705857031278,0,0
exp_026,33,s1,s2,0.009644255020667944,0,2.314981557064936,189.65571638037483,13647.902219998954,0,0
exp_026,34,s1,s2,0.11863686823129385,0,3.1255452792997636,90.92205392023837,14915.07688278502,0,0
exp_026,35,s1,s2,0.07575764687122143,0,1.903347554398984,138.15310078692772,9375.977437537937,0,0
exp_026,36,s1,s2,0.19386042280637106,0,2.476959570383414,62.90455001775982,9454.336752860301,0,0
exp_026,37,s1,s2,0.12456593802807454,0,3.6533143142145406,90.52131522586721,5944.570512687192,0,0
exp_026,38,s1,s2,0.04633127790612835,0,2.029700503905984,136.99603801232752,11564.131342296729,0,0
exp_026,39,s1,s2,0.017938621898912595,0,3.0905839234814967,137.63192672396184,12963.457754796491,0,0
exp_026,40,s1,s2,0.04044473775292417,0,2.8588094179096633,229.58473606547813,14457.37959402294,0,0
exp_026,41,s1,s2,0.1376639662294675,0,1.38582366503516,221.4467369038452,14278.422666061944,0,0
exp_026,42,s1,s2,0.02975196204270803,0,2.395710568390851,21.5559353488306,7433.69713406376,0,0
exp_026,43,s1,s2,0.01383244814973223,0,3.182801712730741,156.05691725051756,13613.627189565668,0,0
exp_026,44,s1,s2,0.1778654310598473,0,3.384367716516806,12.253490344187579,5832.177027400705,0,0
exp_026,45,s1,s2,0.24680717634201044,0,1.3374754978639076,25.150550556785046,8027.553706179532,0,0
exp_026,46,s1,s2,0.061741605232838385,0,2.3102124552708947,31.587537750949213,12999.470485848818,0,0
exp_026,47,s1,s2,0.17973078546012017,0,2.6993559602640347,5.0019540916528715,13738.197762800522,0,0
exp_026,48,s1,s2,0.005411129472839889,0,2.762856090563824,116.43130576880512,11785.392442143759,0,0
exp_026,49,s1,s2,0.08735945660337004,0,4.118498180421683,108.23882645339648,6015.721436446613,0,0
exp_026,50,s1,s2,0.042622106843012555,0,4.355661895889928,108.32952898495536,7164.430834116715,0,0
exp_026,51,s1,s2,0.1624195478489263,0,1.7590909344901924,79.98311408636364,12589.864404434826,0,0
exp_026,52,s1,s2,0.009529897148914087,0,2.2625661110160245,101.24849316909823,8564.178551577876,0,0
exp_026,53,s1,s2,0.0918986359331442,0,0.8830974080436516,162.29569243092286,9290.479939721157,0,0
exp_026,54,s1,s2,0.025717815496690406,0,3.6084796813064877,97.03869156646135,13504.529177837903,0,0
exp_026,55,s1,s2,0.0156926208635304,0,5.518714099294463,189.03124779586074,12807.179957065224,0,0
exp_026,56,s1,s2,0.03778824910280769,0,3.5055077575917957,99.02425986241492,11721.486869324071,0,0
exp_026,57,s1,s2,0.016693458416229157,0,2.6939545349355827,81.02199625354206,12667.116744207175,0,0
exp_026,58,s1,s2,0.035009237642423745,0,2.232261981370618,61.91773805321182,9220.052508457231,0,0
exp_026,59,s1,s2,0.25306134493160826,0,2.8825814762140407,151.6446742045836,9108.999049918066,0,0
exp_026,60,s1,s2,0.0809701416068978,0,2.8712257452157552,29.486773591300164,9916.133448403307,0,0
exp_026,61,s1,s2,0.0018606237151120196,0,2.6451454269257844,48.73622846651495,11837.306935105391,0,0
exp_026,62,s1,s2,0.025931291844393398,0,4.5348098061038575,-3.0238464466749937,13885.92494623292,0,0
exp_026,63,s1,s2,0.039462977640032405,0,2.9673962395991516,44.315668904723026,12467.21601684062,0,0
exp_026,64,s1,s2,0.011637625232455642,0,2.6928078906196444,97.601003304072,5335.591816472512,0,0
exp_026,65,s1,s2,0.06596222019979064,0,3.816569023971035,76.12542015794499,11021.543061264543,0,0
exp_026,66,s1,s2,0.06050135300836702,0,2.9222059105625826,-30.006035009949162,5404.3883121266135,0,0
exp_026,67,s1,s2,0.22329970585778514,0,4.254744837337654,162.57644346069497,13479.24162278411,0,0
exp_026,68,s1,s2,0.1393626731067194,0,5.159742312668136,51.85991180157512,11882.84670368008,0,0
exp_026,69,s1,s2,0.07189501734791563,0,5.181569080968208,81.69538435461314,10574.745489756537,0,0
exp_026,70,s1,s2,0.10326624975978303,0,4.49521449786857,138.49104515788932,11428.03508782876,0,0
exp_026,71,s1,s2,0.07334328323486547,0,2.4713900357622576,195.11415701769857,7416.71225972601,0,0
exp_026,72,s1,s2,0.00014192267599470187,0,5.060688933727919,168.15241606383756,14720.489647757144,0,0
exp_026,73,s1,s2,0.04485996715782298,0,1.7251943847271234,77.37100150284049,5705.342952373219,0,0
exp_026,74,s1,s2,0.14819443672503,0,3.6207117531051782,28.66438471166847,11877.730355454816,0,0
exp_026,75,s1,s2,0.06372143712395908,0,2.845635927226117,151.6814167743758,7849.086230417651,0,0
exp_027,0,s1,s2,0.01456514163847916,0,1.8908205401130382,86.70745382578232,11568.075215238894,0,0
exp_027,1,s1,s2,0.15382435671727587,0,4.913751610688979,126.31786148509987,14383.78737084061,0,0
exp_027,2,s1,s2,0.10171379189689632,0,2.2242018305846933,-4.301417438037225,13605.25226072037,0,0
exp_027,3,s1,s2,0.014009036309194972,0,3.7961711514640717,10.233545763146633,11763.895694084344,0,0
exp_027,4,s1,s2,0.14418031616781093,0,2.15047885428956,78.1955168438869,14548.392096765598,0,0
exp_027,5,s1,s2,0.007946777487212061,0,2.988461393875866,53.891434128983114,13192.710281435982,0,0
exp_027,6,s1,s2,0.1489453330206657,0,1.5570385598532626,58.84454964422432,13608.70123554672,0,0
exp_027,7,s1,s2,0.0670123511649825,0,3.6522849956480283,-16.545915076299366,13937.874270099981,0,0
exp_027,8,s1,s2,0.02967063687128842,0,2.2000401825470455,56.12938223007532,8381.079912597026,0,1
exp_027,9,s1,s2,0.01135651648697226,0,2.0209065793235794,132.99651848636933,14261.457472705857,0,1
exp_027,10,s1,s2,0.02429462288454759,0,2.13929853088801,48.19206290090416,12685.38097011416,0,1
exp_027,11,s1,s2,0.055792856512023536,0,3.5252798684907827,129.44319172253685,14294.904227674666,0,1
exp_027,12,s1,s2,0.14130661696674993,0,3.286251271300776,52.65095277335104,6994.586658841594,0,1
exp_027,13,s1,s2,0.030450226327747007,0,4.091560001885295,114.76683656413886,5088.838038288279,0,1
exp_027,14,s1,s2,0.0037319427187082047,0,1.3326942973046287,172.63265391923466,13897.578149731538,0,1
exp_027,15,s1,s2,0.03595102640708651,0,4.052337940046418,-28.10343417284018,7730.388328862476,0,1
exp_027,16,s1,s2,0.23913602148672186,0,0.5781080027183223,43.37364537371485,13497.530489343326,0,1
exp_027,17,s1,s2,0.03739350485879059,0,2.8237620499879728,107.40606571695515,6827.8853336489965,0,1
exp_027,18,s1,s2,0.3012708887692989,0,2.6438716371601787,154.3952137152911,11384.564487170295,0,1
exp_027,19,s1,s2,0.2864181155421096,0,1.856866998803742,105.9919707565522,6873.190927113751,0,1
exp_027,20,s1,s2,0.2221366366931255,0,5.781871805379245,139.76336432496572,11717.679604563624,0,1
exp_027,21,s1,s2,0.05646572111197663,0,2.216606378542714,135.71520203555085,5281.016836176442,0,1
exp_027,22,s1,s2,0.3892901448190922,0,2.9538001692487352,109.10645431561126,5255.238445571132,0,1
exp_027,23,s1,s2,3.2481334985199384,6,23.6218067966711,24.35257828311964,6602.934738208287,1,1
exp_027,24,s1,s2,0.5912131834689955,8,13.298320869530961,100.01482771372748,14039.020062837215,0,1
exp_027,25,s1,s2,0.11339371436905085,6,13.767830439716127,121.25960701850457,7809.772338795135,0,1
exp_027,26,s1,s2,1.331625543073232,5,12.259207189443236,97.39039332109644,5177.979967209493,0,1
exp_027,27,s1,s2,1.450128530376552,5,7.9771276416843335,60.278944157391344,8861.324498271611,0,1
exp_027,28,s1,s2,0.4361086535054427,5,24.740841170128533,108.30271852678365,5479.251759560241,1,1
exp_027,29,s1,s2,3.0937904372112284,2,15.310115889783633,50.83225714826477,12584.085300912828,1,1
exp_027,30,s1,s2,1.018632533424854,4,18.512873969781943,168.5209370316651,9157.954393695692,0,1
exp_027,31,s1,s2,8.363404014226749,3,9.200296837877929,130.1132631053959,11964.422090375578,1,1
exp_027,32,s1,s2,0.9268606594592137,8,21.328559603931517,139.5747822110308,5229.021614649123,1,1
exp_027,33,s1,s2,7.983467735187308,4,16.762769637917902,68.62975434087458,5747.83255959084,1,1
exp_027,34,s1,s2,6.22757646086331,8,18.270580272331316,40.906653044437256,11855.768618153972,1,1
exp_027,35,s1,s2,2.8894698123432088,3,18.58027167446087,161.78336430046656,8948.665231442921,1,1
exp_027,36,s1,s2,2.3436851619698587,2,10.678678030195062,88.74385367369322,13370.744458190946,1,1
exp_027,37,s1,s2,1.9979497687860284,6,11.757071446808627,58.341410511912734,5725.563754291661,0,1
exp_027,38,s1,s2,1.0951766176390352,2,17.480275122258934,87.12966098408232,10028.168491235254,0,1
exp_027,39,s1,s2,0.7834021930096479,3,15.596558169353953,110.8686063347155,11939.870698193194,0,1
exp_027,40,s1,s2,1.0268851635511569,6,16.726401949690384,39.385655059398474,10401.1670936282,0,1
exp_027,41,s1,s2,1.7025821104058039,5,11.028930181180824,11.853262380503438,10939.374438586043,0,1
exp_027,42,s1,s2,4.9757413557947325,1,4.330813560008144,20.232455387067716,10519.012184951724,1,1
exp_027,43,s1,s2,4.47772580346605,4,21.02515537825455,157.74901145989458,7653.511716753909,1,1
exp_027,44,s1,s2,1.0024819040577588,2,8.190108353857319,221.88352442140115,11567.31206223462,0,1
exp_027,45,s1,s2,0.39661192067814105,7,7.1204015159784495,83.27853491202363,10278.439115403171,0,1
exp_027,46,s1,s2,0.8048484062261505,2,12.092640208511115,152.30780826116887,8202.079841549572,0,1
exp_027,47,s1,s2,1.207470156864888,6,17.74695764348865,182.07684072972515,6091.8899640351465,0,1
exp_027,48,s1,s2,0.49063468627820656,3,14.770132228482597,46.163597278302035,10252.613467179388,0,1
exp_027,49,s1,s2,3.026222479764878,6,19.59209152286032,31.62231218744902,6859.520980008047,1,1
exp_027,50,s1,s2,0.901386755206341,4,14.228982451442931,104.4929136416616,9672.958030250793,0,1
exp_027,51,s1,s2,0.4821763807435195,3,13.588050041803825,16.901463114261272,7162.69557601908,0,1
exp_027,52,s1,s2,1.702664366932905,5,9.90476864436955,80.98944222723732,7579.758292944819,0,1
exp_027,53,s1,s2,0.4142016665623749,7,14.832108671381578,122.97273594843448,14265.317740991033,0,1
exp_027,54,s1,s2,0.02464132778404331,3,16.554856069563574,115.92780242327899,11677.947928065698,0,1
exp_027,55,s1,s2,2.7399030412482315,7,10.572352116772832,81.83727977448855,6266.1982904502365,1,1
exp_027,56,s1,s2,4.224309355555212,7,14.811226461580683,106.70120330904227,9580.238205335892,1,1
exp_027,57,s1,s2,3.4894625623040283,4,14.942720565508578,45.488114543480286,9609.555141131827,1,1
exp_027,58,s1,s2,3.080852295012016,4,12.429066968294014,79.77249375287369,10731.349346540705,1,1
exp_027,59,s1,s2,9.482743590176794,3,23.107884967680313,61.51706968466863,5388.045240309451,1,1
exp_027,60,s1,s2,7.8736190353788205,4,24.9481165989297,150.38240137928065,13577.589578071113,1,1
exp_027,61,s1,s2,2.0012485057012754,11,9.572389750990217,33.151184681820624,12622.467650167147,1,1
exp_027,62,s1,s2,2.1850175591486707,7,14.348184493426944,55.58310071647723,11763.969864937395,1,1
exp_027,63,s1,s2,0.48210753999111466,7,11.77517473572758,143.4297122944008,13318.65870073205,0,1
exp_027,64,s1,s2,0.251030860083988,5,12.804956333780838,152.0057257220632,9550.326191219945,0,1
exp_027,65,s1,s2,0.07092640667875087,8,23.0295202826914,123.74486621911959,10378.910829850118,1,1
exp_027,66,s1,s2,1.096510464922917,4,9.258446062422781,77.23829126261944,5728.992727091472,0,1
exp_027,67,s1,s2,0.6375263338010383,4,14.079503561381259,49.4542376198926,9339.75849120295,0,1
exp_027,68,s1,s2,1.7239423372575347,9,17.100085709741847,109.20120723836814,12139.42079826754,0,1
exp_027,69,s1,s2,0.09371922244162295,8,19.87554795258687,216.67357679484618,11630.538637361205,0,1
exp_027,70,s1,s2,3.372155914467781,5,19.761962031827355,99.07453602428824,6904.501556075189,1,1
exp_027,71,s1,s2,10.127131308137544,10,17.6523013447133,22.1437619616485,9437.108552189862,1,1
exp_027,72,s1,s2,0.05571423825123773,5,19.296219581760454,59.4993319614319,12752.352279579294,0,1
exp_027,73,s1,s2,1.2975527731681362,3,12.378898929410663,150.93522487606737,5954.626786998284,0,1
exp_027,74,s1,s2,3.842783527428844,5,20.147714389788877,15.159595595363706,14248.722554334101,1,1
exp_027,75,s1,s2,6.326110309363191,5,13.01899838261136,113.17686284637472,6168.713862204018,1,1
exp_028,0,s1,s2,0.04179460636060877,0,1.88693350895725,89.57263146712053,6680.974477666098,0,0
exp_028,1,s1,s2,0.01794766883042499,0,2.8046692921360203,88.74007475647906,7026.882025783576,0,0
exp_028,2,s1,s2,0.011861006432266938,0,4.08535712431188,88.37931939414523,6346.748179919964,0,0
exp_028,3,s1,s2,0.1881542917490994,0,3.6919460278442267,107.43612953770192,13760.391142644252,0,0
exp_028,4,s1,s2,0.11302092216492077,0,1.8597280098016662,131.36999634845375,6167.529671580085,0,0
exp_028,5,s1,s2,0.05368161878611269,0,3.775780029522325,78.73020097209286,5171.481540183612,0,0
exp_028,6,s1,s2,0.03462122715432768,0,3.3774947650649136,-35.622429779153954,6815.7750838298925,0,0
exp_028,7,s1,s2,0.3330371786105286,0,3.726082732256959,229.50460888771343,5088.225889303411,0,0
exp_028,8,s1,s2,0.06649784301988573,0,2.5387089779602903,127.77981057858351,8512.07568386413,0,0
exp_028,9,s1,s2,0.0020786004634670333,0,2.6958941351766867,132.37792071968104,10875.564019858786,0,0
exp_028,10,s1,s2,0.11372976298524724,0,2.825333711321452,44.226224879446676,8254.661002466424,0,0
exp_028,11,s1,s2,0.005826752166673017,0,1.6814006395381313,154.3467608916342,6921.293272018666,0,0
exp_028,12,s1,s2,0.10998712348149907,0,1.2207846126704045,135.89259553176814,10129.607482592392,0,0
exp_028,13,s1,s2,0.028267741825958183,0,2.5904805312225303,139.99887339570316,7451.530295515314,0,0
exp_028,14,s1,s2,0.1393656237594438,0,3.8879664516319536,85.52670393382485,14504.418025483443,0,0
exp_028,15,s1,s2,0.12604654407176477,0,5.24816696100584,94.03014569809943,9140.01051681333,0,0
exp_028,16,s1,s2,0.03549989661011951,0,3.738044529391572,85.79660199180027,12231.414305874168,0,0
exp_028,17,s1,s2,0.0029533297429460777,0,3.0149561408320205,78.40240850420327,9842.530562300217,0,0
exp_028,18,s1,s2,0.05851748482480046,0,2.9227077909191537,11.526261062150855,9048.930968230663,0,0
exp_028,19,s1,s2,0.01866301365615537,0,2.6686848213700727,119.72109394724473,13756.626239095136,0,0
exp_028,20,s1,s2,0.02346926487409029,0,2.2999591049335586,110.57839499683368,13803.696262591182,0,0
exp_028,21,s1,s2,0.0052873805332439,0,4.471115148028447,114.44833504834511,6168.347364106812,0,0
exp_028,22,s1,s2,0.051832075471593346,0,3.086975409921776,89.10027045346371,8074.49594961352,0,0
exp_028,23,s1,s2,0.08196070517499178,0,2.8118929682780736,120.96404389550857,5486.2747163527765,0,0
exp_028,24,s1,s2,0.11258635575028564,0,2.6536469763401636,45.05765870108297,13441.404600254747,0,0
exp_028,25,s1,s2,0.1644398955874117,0,1.5868948102039726,138.23187558105087,7840.3529065077755,0,0
exp_028,26,s1,s2,0.013239260657229943,0,4.853896445695165,180.09599346439146,8696.054411952688,0,0
exp_028,27,s1,s2,0.04346649970202325,0,1.9490096269029642,179.3112266105042,7551.153933380007,0,0
exp_028,28,s1,s2,0.05093795072301082,0,4.232446548969167,129.69703376276965,10328.248613126101,0,0
exp_028,29,s1,s2,0.09803577431058293,0,2.9681171062406224,112.63505044749039,5662.546969542,0,0
exp_028,30,s1,s2,0.3146716055750949,0,2.5470053407247097,165.27479331876512,14823.950536227689,0,0
exp_028,31,s1,s2,0.042393831750543884,0,4.35827573519619,20.853963003942035,7743.473861553567,0,0
exp_028,32,s1,s2,0.11992223892048577,0,5.413736135464243,175.85215429773976,6066.550696296907,0,0
exp_028,33,s1,s2,0.3329144508431868,0,1.861972932311558,111.94993742410429,8114.42524332299,0,0
exp_028,34,s1,s2,0.1610609668337802,0,1.6336570401607582,105.08931641013248,6028.489720618048,0,0
exp_028,35,s1,s2,0.05634784598722066,0,4.236092011217867,35.55227287563658,14252.469869511653,0,0
exp_028,36,s1,s2,0.028466035680196553,0,3.308972399514831,156.53366053319445,9098.460987102419,0,0
exp_028,37,s1,s2,0.06766594257677495,0,2.6132227771303866,136.2831633327823,6592.616943410944,0,0
exp_028,38,s1,s2,0.015177592295184889,0,3.526213321575985,132.9021680365202,9976.453410463415,0,0
exp_028,39,s1,s2,0.03214062992878936,0,2.804785778838177,103.75596880308768,10682.278156666614,0,0
exp_028,40,s1,s2,0.05082043435572156,0,3.0067238321328493,121.24961700232198,10522.677524502678,0,0
exp_028,41,s1,s2,0.12460548404306088,0,1.4600930970345407,95.67781645242688,10372.77846548448,0,0
exp_028,42,s1,s2,0.2887216417256395,0,4.70682147035449,57.20189206371346,14780.341888856849,0,0
exp_028,43,s1,s2,0.17714999638664994,0,4.245122521987657,141.9533744479928,14364.832480170751,0,0
exp_028,44,s1,s2,0.3212697559723055,0,3.088766685854455,116.56646260304038,8847.116498652365,0,0
exp_028,45,s1,s2,0.014289293712738411,0,3.577117505638143,92.54414283924436,13897.970805923896,0,0
exp_028,46,s1,s2,0.07416226845721226,0,1.0927562162741256,118.46923970166667,9545.078900704813,0,0
exp_028,47,s1,s2,0.12533328596403662,0,1.755720976735296,80.54533235198731,10408.595788250777,0,0
exp_028,48,s1,s2,0.025532706860605877,0,2.926305968044813,115.93659260514816,14096.649716091162,0,0
exp_028,49,s1,s2,0.025560733957192758,0,3.45048392475152,40.11762409082835,12793.790783033206,0,0
exp_028,50,s1,s2,0.08364739663060194,0,2.038277722108869,115.41632413697809,8431.763870323311,0,0
exp_028,51,s1,s2,0.11263476432453945,0,3.79785463454203,88.89879295240794,7935.856384242821,0,0
exp_028,52,s1,s2,0.13991873806049823,0,2.9909447926177397,24.075547643592145,13246.157392957795,0,0
exp_028,53,s1,s2,0.16946385601207822,0,3.5408024203986974,124.57998251292594,7114.722813058793,0,0
exp_028,54,s1,s2,0.06581976385014811,0,3.9920777886626393,98.07828701305996,7968.918293994288,0,0
exp_028,55,s1,s2,0.26808615849860756,0,4.958760372960261,71.61756786425256,7688.831122793344,0,0
exp_028,56,s1,s2,0.05281381355879327,0,3.112913599739326,192.92035322693397,14307.080116883339,0,0
exp_028,57,s1,s2,0.13360765152302373,0,3.9732141061340864,108.10482776386291,11655.563887887443,0,0
exp_028,58,s1,s2,0.10421954911154432,0,2.4070080059526737,28.478491390360606,11833.036526040214,0,0
exp_028,59,s1,s2,0.22236973118359946,0,1.9541397876198219,66.09810026030901,10936.959788158558,0,0
exp_028,60,s1,s2,0.006956135243739599,0,3.997385047143923,152.66865695502852,8549.66030986155,0,0
exp_028,61,s1,s2,0.22319183877012438,0,5.22011248506899,101.66102329116153,7095.784819383378,0,0
exp_028,62,s1,s2,0.05401520283719577,0,2.6524602728476157,121.93867041275251,8905.743775924688,0,0
exp_028,63,s1,s2,0.0382837862669382,0,2.532658773652935,61.23050699008578,7327.722835752167,0,0
exp_028,64,s1,s2,0.25716892153597903,0,2.142128000210815,156.2307055615007,12633.390532427098,0,0
exp_028,65,s1,s2,0.0022388720448909363,0,1.3493204812426405,108.76849384236613,6143.220718085142,0,0
exp_028,66,s1,s2,0.2152085599257313,0,3.519078559761389,75.7955654067005,9132.226774917712,0,0
exp_028,67,s1,s2,0.0014393866492050558,0,3.6343062663303334,176.53455834611864,8441.718831678194,0,0
exp_028,68,s1,s2,0.03306535058146385,0,2.1340912312224214,99.3716707849797,13686.797177444705,0,0
exp_028,69,s1,s2,0.03268847854077726,0,2.343508227151396,55.58748671102367,10645.714586071113,0,0
exp_028,70,s1,s2,0.007694204457336359,0,3.9639231154878445,97.77824027014853,6881.715958461238,0,0
exp_028,71,s1,s2,0.04022534293026883,0,4.461633819204591,11.951753665914167,14192.542465263115,0,0
exp_028,72,s1,s2,0.05017654715825751,0,2.800140820034552,71.68390404477553,6900.854125998448,0,0
exp_028,73,s1,s2,0.10549049597305873,0,1.2592095913709975,117.65821474406133,10509.952833452542,0,0
exp_028,74,s1,s2,0.012184262711915842,0,2.8767341047129906,113.05226971237589,14230.008393898834,0,0
exp_028,75,s1,s2,0.039428104283246085,0,2.296451723171379,139.06191962256844,11697.689023896011,0,0
exp_028,76,s1,s2,0.039114248899406824,0,5.051646191004441,105.40557055162321,10888.825052029606,0,0
exp_028,77,s1,s2,0.08586838194334642,0,2.6790656292701276,102.3932448521278,7506.4425511597965,0,0
exp_028,78,s1,s2,0.026030719295116935,0,3.232870042348366,18.20859752466123,10819.603540191925,0,0
exp_028,79,s1,s2,0.23968737328489442,0,3.681331858206188,90.89843941833597,11519.543449841703,0,0
exp_028,80,s1,s2,0.24379512638014453,0,3.5072249825377644,145.08561085961477,8561.058995189594,0,0
exp_028,81,s1,s2,0.02758990295470165,0,5.314821591776108,110.36362829173488,9187.544979202146,0,0
exp_028,82,s1,s2,0.05421284245790599,0,2.9250086987887403,73.84815663363091,11734.898115131833,0,0
exp_028,83,s1,s2,0.05481505562988484,0,2.630886980077236,141.04863961011333,6326.8204656084945,0,0
exp_028,84,s1,s2,0.1668968677228453,0,1.8582754956850493,138.4615777006325,10364.51256042233,0,0
exp_028,85,s1,s2,0.05139176300841306,0,3.151285537820459,130.92883812117844,6583.8926118699155,0,0
exp_028,86,s1,s2,0.06974533440620537,0,3.4015467249411633,142.44499577672192,13424.520760986563,0,0
exp_028,87,s1,s2,0.02882146327243525,0,3.2965516333357257,122.52760751053995,12289.137554380786,0,0
exp_028,88,s1,s2,0.04254755937435844,0,3.2960309751227017,141.58548791757684,13518.394768628024,0,0
exp_028,89,s1,s2,0.044780615578422785,0,2.578057714312549,55.41218774044598,9552.643473751825,0,0
exp_028,90,s1,s2,0.07622987256609441,0,5.989889343707059,135.08700995918284,13417.057652229474,0,0
exp_028,91,s1,s2,0.018645156899130936,0,3.7023314572295183,83.37749108688239,10604.582045583304,0,0
exp_028,92,s1,s2,0.08756044354474429,0,5.726826794661974,38.92793568516952,6980.797305601012,0,0
exp_028,93,s1,s2,0.07915693763867926,0,1.9085276616993854,83.68662663660601,13625.198062266913,0,0
exp_028,94,s1,s2,0.022061332445837117,0,2.8893418829097284,139.99872812550882,12427.908347497,0,0
exp_028,95,s1,s2,0.07918539931404422,0,3.8288035601267856,41.05197100044309,14579.12550890148,0,0
exp_028,96,s1,s2,0.14680988091765437,0,2.8545120053227073,96.09945292627076,5321.308661159311,0,0
exp_028,97,s1,s2,0.12402491721251384,0,3.4399047437709136,153.76395479177364,14050.265974431984,0,0
exp_028,98,s1,s2,0.11972489513084404,0,1.865773009881365,77.03991678077902,14246.474785591563,0,0
exp_028,99,s1,s2,0.010936535767340407,0,1.0878779871061504,122.09746657849496,7714.150075196725,0,0
exp_028,100,s1,s2,0.10379919546262217,0,3.158447871169169,94.88610663697575,9060.439090991242,0,0
exp_028,101,s1,s2,0.11312656956581682,0,3.9181574154880736,157.15361968558346,14034.002408930233,0,0
exp_029,0,s1,s2,0.05409280782249651,0,2.046165792789262,73.3120929136628,9084.107878481926,0,0
exp_029,1,s1,s2,0.011837448359447625,0,1.0070060378421757,59.789956268779825,7233.150472740052,0,0
exp_029,2,s1,s2,0.10277235688986233,0,3.9995058957996843,143.66808658141335,9981.205164258625,0,0
exp_029,3,s1,s2,0.22795362316039106,0,2.9055998024557983,115.98046475956643,11510.332980031875,0,0
exp_029,4,s1,s2,0.10853386284739713,0,1.3377647280189071,56.28476429652054,14337.441982278135,0,0
exp_029,5,s1,s2,0.15605598917083366,0,1.9460603768106695,136.33864891430932,5351.853427416187,0,0
exp_029,6,s1,s2,0.00614898887620286,0,2.3207147530355137,89.8304663566635,10966.39199933454,0,0
exp_029,7,s1,s2,0.10420084774850016,0,4.376198942454946,64.15229803900215,9900.425201695773,0,0
exp_029,8,s1,s2,0.05625198816902247,0,1.5600511564711945,2.797528518537673,14678.876499344186,0,0
exp_029,9,s1,s2,0.11438410413199446,0,4.128672826973268,55.40756436361431,8302.67388322916,0,0
exp_029,10,s1,s2,0.013434876404975222,0,4.646494479038841,91.91928696459195,8776.599108873212,0,0
exp_029,11,s1,s2,0.20338881687277344,0,1.4195381186364704,40.50819709200528,14982.439138632666,0,0
exp_029,12,s1,s2,0.06586916934489563,0,3.542709931245376,127.15624078500011,14263.693370991794,0,0
exp_029,13,s1,s2,0.008871652569370525,0,3.900162733444481,61.542399772330114,10626.01492398565,0,0
exp_029,14,s1,s2,0.08201058037612907,0,2.479464328516449,60.30403588414976,10213.340857167344,0,0
exp_029,15,s1,s2,0.03245969384639063,0,3.452437038690943,71.03365940563945,12187.791805847155,0,0
exp_029,16,s1,s2,0.0046917287664198296,0,3.2827645665475824,30.609324460264876,8226.278442367731,0,0
exp_029,17,s1,s2,0.17330167262845333,0,3.2887596535520682,110.50785235299769,10629.31231505116,0,0
exp_029,18,s1,s2,0.043398261399204656,0,2.215556666934361,110.12523383011475,5095.860177414676,0,0
exp_029,19,s1,s2,0.0017241300817951945,0,1.5901196154166737,76.03114061292949,6573.377058000477,0,0
exp_029,20,s1,s2,0.09553590972401932,0,1.9754738564246914,106.25340571302428,14342.36441072139,0,0
exp_029,21,s1,s2,0.034496543796221975,0,2.6321926783854064,132.07492892644305,13060.524801867195,0,0
exp_029,22,s1,s2,0.023493951778073795,0,2.093218215730275,69.45045223911526,7642.598778496556,0,0
exp_029,23,s1,s2,0.1800996531837398,0,1.8287696630280423,186.50579366855925,14715.210270821563,0,0
exp_029,24,s1,s2,0.06252297377810764,0,0.7379197031221247,166.59042897706195,10250.878454719792,0,0
exp_029,25,s1,s2,0.08061923296299925,0,4.384702703002781,79.56150594471293,14120.678451256257,0,0
exp_029,26,s1,s2,0.12469014384314003,0,2.302389960848515,93.79702857538582,13096.969370605877,0,0
exp_029,27,s1,s2,0.3052151803114369,0,1.9990069145574578,80.22468849353949,8265.038394705558,0,0
exp_029,28,s1,s2,0.08737638511264817,0,3.953103607659152,21.131969640341865,14668.522322446306,0,0
exp_029,29,s1,s2,0.11108908424523854,0,3.5728162219089215,90.97298835930184,10656.352687011438,0,0
exp_029,30,s1,s2,0.013739300882768113,0,5.172505589174552,99.27954206660112,13382.543658167386,0,0
exp_029,31,s1,s2,0.2756349876226509,0,2.1186234357520655,76.64282778655686,5738.286421938824,0,0
exp_029,32,s1,s2,0.13407651374070564,0,2.5924185724029707,166.37160586653303,8959.25407173629,0,0
exp_029,33,s1,s2,0.30842800663271724,0,2.8891414213787616,108.65894157672575,12808.076477498073,0,0
exp_029,34,s1,s2,0.09747157021924928,0,2.5880877129657254,50.27894170958799,6774.729413074825,0,0
exp_029,35,s1,s2,0.0349778832329518,0,1.473992545850126,170.5299708004892,8940.595198358571,0,0
exp_029,36,s1,s2,0.07757623281255517,0,3.2179468679600824,81.163269029204,9017.0953341334,0,0
exp_029,37,s1,s2,0.06546903902797628,0,2.974756579932044,103.84652956052139,11482.189359739254,0,0
exp_029,38,s1,s2,0.04984102104524567,0,3.7913491307933684,46.68318650392679,5651.71995897207,0,0
exp_029,39,s1,s2,0.3301860488955993,0,4.023050373470143,76.72230056564838,8184.313660773099,0,0
exp_029,40,s1,s2,0.10017689425737458,0,3.1700617225058183,39.18649810842324,8485.317821146902,0,0
exp_029,41,s1,s2,0.056976005788191675,0,1.7655442168741118,37.985184457366536,10425.532437766115,0,0
exp_029,42,s1,s2,0.021314867828864385,0,1.233810252471873,114.94051785712756,7889.829042417996,0,0
exp_029,43,s1,s2,0.1342269931370322,0,2.9150525187053864,83.21780078563091,9075.34380153645,0,0
exp_029,44,s1,s2,0.06638022647208994,0,1.8731910263924665,173.07130592886074,7131.371043064551,0,0
exp_029,45,s1,s2,0.21617180271129538,0,0.9792657215599259,129.65842382844485,7769.895753872092,0,0
exp_029,46,s1,s2,0.04090310448147459,0,1.8627763595976818,125.5323704035334,14128.607116579502,0,0
exp_029,47,s1,s2,0.06275739292018954,0,4.125721238129545,63.0266111721704,5163.466652361926,0,0
exp_029,48,s1,s2,0.05653748546122477,0,1.6382021362536343,39.10404307340016,8370.713620905832,0,0
exp_029,49,s1,s2,0.0031770765910085863,0,2.945116822803668,97.33424101320341,14886.10504819522,0,0
exp_029,50,s1,s2,0.002241510786217698,0,2.184005707312441,206.0719036022759,5787.609330463699,0,0
exp_029,51,s1,s2,0.11076363683719655,0,3.402316436411577,57.438777911128454,14791.764972000585,0,0
exp_029,52,s1,s2,0.07592285630123269,0,3.5509366497987336,37.134208758750155,10129.29687791283,0,0
exp_029,53,s1,s2,0.07617264167714338,0,5.032504979021155,87.19419997003511,10719.45362407002,0,0
exp_029,54,s1,s2,0.43424273358372717,0,2.452940722412736,137.88044595132058,12257.565219049737,0,0
exp_029,55,s1,s2,0.024118068348002543,0,2.5019086953774035,119.9513887530039,9735.538335472382,0,0
exp_029,56,s1,s2,0.1563538581299341,0,3.780223784507228,74.55479580038138,11441.507090339719,0,0
exp_029,57,s1,s2,0.050670467506295835,0,3.7477091510470792,93.27897121075506,7177.910000123793,0,0
exp_029,58,s1,s2,0.11820893864314329,0,3.442239543511075,110.850249911269,12131.642687573407,0,0
exp_029,59,s1,s2,0.08781942515356947,0,4.44824601536991,30.558038680729272,10222.50524356765,0,0
exp_029,60,s1,s2,0.038466052190791494,0,3.1693380460562026,43.19203586642148,7859.17575862213,0,0
exp_029,61,s1,s2,0.026526911621873064,0,4.3350286652736605,76.37518195327158,9878.535023663122,0,0
exp_029,62,s1,s2,0.02439742753065351,0,2.9972715532750613,48.39429355981193,12943.663984222345,0,0
exp_029,63,s1,s2,0.10579062089890685,0,2.6446249075700106,24.804485969430313,13552.303633440688,0,0
exp_029,64,s1,s2,0.019559636793064106,0,0.8420905691828069,124.07584771389936,6241.797548295193,0,0
exp_029,65,s1,s2,0.0051192163618174165,0,2.6250023515025815,102.18587257415416,6034.461166929349,0,1
exp_029,66,s1,s2,0.04270426598286367,0,2.8890083640347433,74.55398691254402,6303.65024176891,0,1
exp_029,67,s1,s2,0.04305876900736074,0,3.5367749858839077,161.8399270676404,9454.010777875092,0,1
exp_029,68,s1,s2,0.009632733557258182,0,1.9048060679163614,119.40168441718957,5765.863438616149,0,1
exp_029,69,s1,s2,0.10906322662903906,0,2.9172510161884673,143.2637802180452,5409.95910608114,0,1
exp_029,70,s1,s2,0.21227475974149035,0,1.3926284296668665,35.40883773824805,10427.973794564517,0,1
exp_029,71,s1,s2,0.3148529609928862,0,2.929833300548795,147.14929433132238,11958.232310238185,0,1
exp_029,72,s1,s2,0.08685231197219608,0,3.8949366003548067,126.28627564695299,5344.9382886859385,0,1
exp_029,73,s1,s2,0.039416893171929306,0,2.996759901572344,111.14899276571467,10728.660039668526,0,1
exp_029,74,s1,s2,0.01820258231544015,0,2.756673506626274,117.8525407614846,6896.476300195365,0,1
exp_029,75,s1,s2,0.02589292950520408,0,3.2307143225261568,123.86352191502122,12685.96394490275,0,1
exp_029,76,s1,s2,0.04732671217439986,0,4.3123494193499585,20.8836888371724,14099.296989772161,0,1
exp_029,77,s1,s2,0.15648897958295863,0,2.2229730501318374,105.81037622349,11527.234395556732,0,1
exp_029,78,s1,s2,0.07477207055902514,0,3.140894280058507,94.17962028427267,8432.485948987432,0,1
exp_029,79,s1,s2,1.2254337754787765,4,12.319133905496674,49.611110486517916,10382.184337322946,0,1
exp_029,80,s1,s2,6.291835885653,6,19.610632842641152,25.107065348135382,9260.563243645729,1,1
exp_029,81,s1,s2,5.504284122248056,4,8.870711407709347,133.70841202957084,10584.719216726884,1,1
exp_029,82,s1,s2,3.8637188425350133,4,16.420933891513222,196.61579882716444,7885.662792200264,1,1
exp_029,83,s1,s2,4.213833403777555,7,7.566329827674362,65.38026312189167,14844.160341810664,1,1
exp_029,84,s1,s2,4.813737689138011,5,19.077379773483926,104.5291213107229,14917.980700457663,1,1
exp_029,85,s1,s2,0.8467360597573841,8,13.170375935424333,42.610742632629986,12666.72485336154,0,1
exp_029,86,s1,s2,6.9838531439838025,6,14.739880472080202,2.972049761867279,6865.218297668767,1,1
exp_029,87,s1,s2,6.606860751751606,6,14.331677721800615,146.95436277579978,11597.173226399262,1,1
exp_029,88,s1,s2,8.027840825060435,2,6.62013208889525,99.84623865995351,14110.655292738706,1,1
exp_029,89,s1,s2,1.2707906632406865,6,11.783767051534856,108.05303032064508,8803.789370384733,0,1
exp_029,90,s1,s2,0.009032387437828797,4,12.513591732747718,203.45480269475343,13039.591160909458,0,1
exp_029,91,s1,s2,0.29819904535839353,1,24.193644068354164,115.97176364609,6305.213994225297,1,1
exp_029,92,s1,s2,2.5468167500339782,10,6.236764919336891,112.15245701734256,14267.887831144266,1,1
exp_029,93,s1,s2,1.6844894879488217,8,7.9970181487190235,97.00367511979877,13610.550912175915,0,1
exp_029,94,s1,s2,0.7307964937382452,4,9.513292880880908,130.30250836328617,9157.490525321658,0,1
exp_029,95,s1,s2,1.9446768562588768,5,18.01027278817289,123.99979260695108,6992.367634855455,0,1
exp_029,96,s1,s2,0.5623753449919175,4,18.735374781592828,20.089504538825288,12173.084123335082,0,1
exp_029,97,s1,s2,1.4826595625896986,7,16.916346272641658,207.06725189374873,8744.498775384349,0,1
exp_029,98,s1,s2,11.457156081211346,3,16.988981784211365,34.30361769247161,6624.505278446649,1,1
exp_029,99,s1,s2,10.636974001696203,5,11.483778578996779,143.32887154851346,11535.42146706534,1,1
exp_029,100,s1,s2,0.8596630136072683,4,24.636934216855597,100.59071586612971,5728.327289899888,1,1
exp_029,101,s1,s2,6.980379755329155,4,18.571723573789665,96.86007179561373,7327.082003888715,1,1
exp_029,102,s1,s2,0.08851096175093032,4,20.70070280026153,151.14013749807648,7325.8027261128045,1,1
exp_029,103,s1,s2,5.3164133367340805,5,8.823963672407604,81.5049477265988,8591.73587878756,1,1
exp_029,104,s1,s2,1.2086408180127497,3,9.691312337925018,74.9165963557135,10400.015631153852,0,1
exp_029,105,s1,s2,3.051212019246474,5,14.187511178321756,59.63609951704366,11179.730468473073,1,1
exp_029,106,s1,s2,2.7368821831414962,9,18.096236672915104,115.53136271785824,9484.162079690552,1,1
exp_029,107,s1,s2,2.674363241071258,4,17.376852169267924,112.60602508263675,8469.689983700186,1,1
exp_029,108,s1,s2,0.2691350402394518,5,11.592438810192723,174.34976163330566,12215.140643454146,0,1
exp_029,109,s1,s2,0.981950316163972,7,17.69700745086106,34.29364689628519,13703.588312890246,0,1
exp_029,110,s1,s2,2.978078657150593,6,12.327341209887077,53.881928211078815,10828.715720285512,1,1
exp_029,111,s1,s2,3.295608594151192,8,22.052938605140763,36.225069147002266,13616.779861945068,1,1
exp_029,112,s1,s2,0.35413582878487443,7,19.032599293746497,45.71443495548699,13918.75166934221,0,1
exp_029,113,s1,s2,2.501373701678022,4,26.555381704125715,58.5224902548941,8391.655910423244,1,1
exp_029,114,s1,s2,0.8859472470645856,1,16.225693858223007,11.082584441150855,10563.714964454115,0,1
exp_029,115,s1,s2,1.7031823622494797,3,13.259214397202642,66.52193851335265,14953.487964272197,0,1
exp_029,116,s1,s2,0.9881568771808764,5,15.028925805043597,123.16279141898555,5443.096822086303,0,1
exp_029,117,s1,s2,0.12134991295165645,6,9.543620699200652,167.91604055431537,11286.69926698293,0,1
exp_029,118,s1,s2,5.41321132250376,5,9.802616191889587,88.18856531988493,6634.558583339083,1,1
exp_029,119,s1,s2,1.049910317030416,6,3.500696702013064,129.2741153652091,6379.229897637033,0,1
exp_029,120,s1,s2,10.01819933681783,4,8.234395009979382,133.6355630204322,7436.53999613715,1,1
exp_029,121,s1,s2,7.865003972179936,2,6.2037286186382286,143.3529337685791,5268.519540341423,1,1
exp_029,122,s1,s2,1.468867428677521,3,11.607226531642839,17.716230991313275,10502.64097859178,0,1
exp_029,123,s1,s2,0.8776675647514438,4,14.723823773891619,7.348673376224024,6432.983430143252,0,1
exp_029,124,s1,s2,0.3621204305918698,7,13.333946726925388,70.36505045148546,7102.952267695066,0,1
exp_029,125,s1,s2,0.3662587910123127,3,13.78163017454295,88.95133390137246,7812.229344215173,0,1
exp_029,126,s1,s2,0.5706065439570549,3,12.141987616784922,183.63651581466794,6901.781355239926,0,1
exp_029,127,s1,s2,0.6259327234062044,5,5.978246144555182,167.3168853175681,5343.68205901348,0,1
exp_029,128,s1,s2,1.2883448316412036,3,20.265399067960576,117.34528197016004,8529.228930931016,1,1
exp_029,129,s1,s2,0.686899999776106,7,15.114047666315795,60.13162244499728,13227.440310394937,0,1
exp_029,130,s1,s2,7.334208268647484,7,16.19136833493354,187.9582902735109,7146.019952153054,1,1
exp_029,131,s1,s2,0.5418759600017218,6,3.5062085762190742,44.01949279028654,7356.886639246012,0,1
exp_030,0,s1,s2,0.19389812178102767,0,2.893093509909257,143.49128406980066,7804.298615735768,0,0
exp_030,1,s1,s2,0.01517924615395595,0,1.8533948036544774,156.1079425207553,14095.385699133887,0,0
exp_030,2,s1,s2,0.11117354463972613,0,3.811983852634017,199.57063803069235,5457.763394287256,0,0
exp_030,3,s1,s2,0.2687107572172344,0,4.816945825205868,116.15208118936897,5562.095578662222,0,0
exp_030,4,s1,s2,0.0998955686865054,0,3.7441577788946403,135.3556479481005,12701.116522302855,0,0
exp_030,5,s1,s2,0.025654862361867432,0,4.008354493694013,43.91766885252038,8381.109207361322,0,0
exp_030,6,s1,s2,0.343437130280823,0,2.994613493385912,52.367338530026416,9280.477919420746,0,0
exp_030,7,s1,s2,0.03945599643398792,0,2.104541686280599,117.66115337734276,12166.624181336969,0,0
exp_030,8,s1,s2,0.3942076305860318,0,3.3695131163164245,115.62961150767656,8596.367431790026,0,0
exp_030,9,s1,s2,0.03928746118202196,0,2.3833273149217717,101.15715062829717,14453.581344565326,0,0
exp_030,10,s1,s2,0.015523396822454011,0,2.664892454671972,115.53195497823944,5381.316140914727,0,0
exp_030,11,s1,s2,0.12711439442432512,0,3.9754703167375096,50.035309618683435,10550.852504728198,0,0
exp_030,12,s1,s2,0.01151947022919578,0,2.9179693636908417,137.1681780753457,12344.47277798688,0,0
exp_030,13,s1,s2,0.0695190410564672,0,1.4121252311386188,142.01084299820408,7003.603040034503,0,0
exp_030,14,s1,s2,0.07821318561135074,0,0.9320407126472423,43.74904667096795,11725.671950946231,0,0
exp_030,15,s1,s2,0.11728186152329073,0,2.8713475149946364,81.88635082536932,9117.645502263773,0,0
exp_030,16,s1,s2,0.01019133098429658,0,2.525838314501678,185.49710254998004,12867.96709064576,0,1
exp_030,17,s1,s2,0.25701513560640377,0,1.7634443998512659,119.62188520381139,12821.940360464525,0,1
exp_030,18,s1,s2,0.3119296207876535,0,4.757071341531166,138.72914079112263,8374.74695036673,0,1
exp_030,19,s1,s2,0.048050286529086134,0,3.2744012050523574,107.5261602784348,11289.883872243523,0,1
exp_030,20,s1,s2,0.1559923765095871,0,2.515160075831135,72.36426356960423,10320.3468683339,0,1
exp_030,21,s1,s2,0.0194257538746396,0,1.5955517491667368,145.4995173797262,12915.326186668919,0,1
exp_030,22,s1,s2,0.1650834794120026,0,1.6781728882522076,92.50182994449318,11467.749610819326,0,1
exp_030,23,s1,s2,0.49318728575012943,0,2.6106943792464294,105.1403192229713,5172.939757670826,0,1
exp_030,24,s1,s2,0.03861949320865183,0,3.528512880805949,74.32014747823288,13448.056670360005,0,1
exp_030,25,s1,s2,0.029924030732149803,0,1.8705000372168346,62.66692817896519,14083.82547371264,0,1
exp_030,26,s1,s2,0.06984599375385896,0,2.031225261590991,189.48494947981916,11310.14193504531,0,1
exp_030,27,s1,s2,0.04875248357723689,0,4.199590148993406,28.494920387513577,10910.620780489893,0,1
exp_030,28,s1,s2,0.03474716447570555,0,2.6225988149487303,49.65264751957006,9151.976391419092,0,1
exp_030,29,s1,s2,0.0990702724842227,0,2.2730614024279725,69.58008434510998,10022.944086937836,0,1
exp_030,30,s1,s2,0.05615941559410377,0,2.0884414446608206,140.5268057414869,10944.983657497585,0,1
exp_030,31,s1,s2,5.382338395240565,6,16.635376090266536,107.73242716183125,6869.353450416764,1,1
exp_030,32,s1,s2,2.532992543003483,8,19.53069459045689,141.71701105785533,12469.746046867705,1,1
exp_030,33,s1,s2,1.0578789898042766,2,9.86644754107367,108.5207708796556,5800.413240914406,0,1
exp_030,34,s1,s2,3.5213404026584234,2,5.972158730073986,150.04822951444913,13434.824928142858,1,1
exp_030,35,s1,s2,1.120498634526162,3,23.031301903633366,42.97771066149736,7543.595388063818,1,1
exp_030,36,s1,s2,1.4140300404441581,4,14.67844774940377,39.36296925625975,10292.5554095075,0,1
exp_030,37,s1,s2,7.436891095870921,5,15.487086715321563,87.01565682794654,8451.5746413598,1,1
exp_030,38,s1,s2,0.04436614300072409,4,0.7023998066277892,38.532125969083765,14739.407666667817,0,1
exp_030,39,s1,s2,0.11643018906860955,8,19.715796005000833,99.55645338552134,8223.550934061763,0,1
exp_030,40,s1,s2,2.638986995476399,9,19.103037379543355,51.291628591388886,10213.947362629351,1,1
exp_030,41,s1,s2,2.8743161852867427,7,20.137763568375785,36.4357875442949,11955.851743035442,1,1
exp_030,42,s1,s2,3.0443316324784457,4,12.068988906963584,113.87489862169329,14377.922867867816,1,1
exp_030,43,s1,s2,4.381630132262091,5,10.923413816660698,140.64615504449725,11738.653939196882,1,1
exp_030,44,s1,s2,0.1104543335872314,4,8.592925101109868,96.41468268575159,12294.439883265497,0,1
exp_030,45,s1,s2,0.6780978155186447,5,13.788559509108058,70.51203796664322,9243.76767013878,0,1
exp_030,46,s1,s2,1.9558165314076827,3,22.714440527695594,38.45107515973702,14662.76251897396,1,1
exp_030,47,s1,s2,1.7852907937172167,3,6.944986160574162,54.00509147769232,5970.541309833777,0,1
exp_030,48,s1,s2,1.4169917438039115,4,18.95742963642614,175.5676573988768,9271.811624083717,0,1
exp_030,49,s1,s2,0.6828890249939965,4,14.203991442066801,150.64714423348906,11252.083217429301,0,1
exp_030,50,s1,s2,1.6853737670799716,6,17.672537741033562,122.84780910860579,10451.908290902964,0,1
exp_030,51,s1,s2,2.021143846262679,7,13.46319379326075,42.5256181710759,11615.767405740584,1,1
exp_030,52,s1,s2,2.5108230228070894,3,22.86771460024859,84.97421597514342,10461.444704633772,1,1
exp_030,53,s1,s2,2.635121092179054,4,13.134706661680422,45.74292284188336,6555.400915004873,1,1
exp_030,54,s1,s2,8.288960113209871,6,18.907373094306287,141.65802470129037,10097.22705566481,1,1
exp_030,55,s1,s2,5.830523304190768,6,16.40967151602581,122.82490176253229,6056.428488702419,1,1
exp_030,56,s1,s2,10.011353504442743,5,20.099643027138775,126.7351974818099,8743.370629601963,1,1
exp_030,57,s1,s2,4.720709111776282,2,8.318143483615652,24.56681150888801,13052.705972072508,1,1
exp_030,58,s1,s2,2.6470178534900963,3,22.318720624954224,165.72234499884985,12741.346587074271,1,1
exp_030,59,s1,s2,1.2895944049857755,8,16.791670355984607,-6.4324562259259865,7321.286021031059,0,1
exp_030,60,s1,s2,0.12195790385703242,4,15.52716953068431,129.26254127711337,13147.686813470249,0,1
exp_030,61,s1,s2,1.375294704736547,7,13.739311736752946,223.64999633840432,5959.756966961129,0,1
exp_030,62,s1,s2,1.2588698668494926,5,18.94042720384068,76.03331112523091,9932.935805626923,0,1
exp_030,63,s1,s2,1.7246409594923793,5,14.704800842046566,86.45943635986158,14410.198226972341,0,1
exp_030,64,s1,s2,5.12679201370775,2,12.00175244274534,121.53699669909254,13690.471024768169,1,1
exp_030,65,s1,s2,2.577320879386445,5,6.507747157998746,139.2142376631876,14991.495667786588,1,1
exp_030,66,s1,s2,3.454154653953589,4,18.377593682911428,91.76854512359061,11263.01094773866,1,1
exp_030,67,s1,s2,0.21922639096091961,5,24.111356133616216,96.40372035257374,8165.37731334959,1,1
exp_030,68,s1,s2,3.808890576291761,6,16.226384661088037,43.90159400252923,12394.114554566915,1,1
exp_030,69,s1,s2,0.19828875048694047,10,11.18876111119725,49.60724006592779,9413.111123884602,0,1
exp_030,70,s1,s2,0.9428043075253291,5,27.264308105712008,151.91775924512862,5525.868602143771,1,1
exp_030,71,s1,s2,0.7369808974053421,11,21.115526469881747,104.35273184037945,6111.47827467109,1,1
exp_030,72,s1,s2,3.957746571292743,5,9.79397431436356,195.78210103296962,13993.66528920927,1,1
exp_030,73,s1,s2,1.8310894953834929,3,22.00277193250401,106.53862344720986,7154.532769556433,1,1
exp_030,74,s1,s2,1.8736234965635943,9,14.146439993717392,141.82674402902057,8144.100263737953,0,1
exp_030,75,s1,s2,1.2293430083452992,4,21.4687657793298,21.54504876533877,13782.16310274203,1,1
exp_030,76,s1,s2,7.779036008046781,4,15.465106441107158,145.8799635129815,11999.594127138373,1,1
exp_030,77,s1,s2,4.402229672721324,9,21.04894093921905,9.479160832112754,5121.875510117425,1,1
exp_030,78,s1,s2,1.008949374464097,3,7.819697525818335,106.65678231249528,6206.884678462405,0,1
exp_030,79,s1,s2,1.7884655726682936,2,15.607515049094673,52.21228210886778,10914.07412898914,0,1
exp_030,80,s1,s2,0.07353837631951082,6,16.45137508729601,115.66815755708843,12449.651984608932,0,1
exp_030,81,s1,s2,2.5089283033043364,6,15.785493253219151,103.43403548252692,12062.281699579737,1,1
exp_030,82,s1,s2,12.753584313514763,3,5.68568206774382,73.26138719710981,7685.541062096794,1,1
exp_030,83,s1,s2,1.4114702772287488,6,15.349439979347041,158.73988466908153,11213.020891720987,0,1
exp_030,84,s1,s2,0.2395472344872608,6,3.207679288962675,163.94368823501875,14727.099735613863,0,1
exp_030,85,s1,s2,2.0535456777861407,4,17.6476272216403,142.81207061482752,11618.292896781035,1,1
exp_030,86,s1,s2,0.17815107711974182,5,21.865211646924006,45.68541715010359,14664.348100843197,1,1
exp_030,87,s1,s2,1.1274697492008043,2,15.658750548736458,118.12254343128055,14416.89208441949,0,1
exp_030,88,s1,s2,0.5567956251970646,3,10.137746811564975,123.3033374139302,12343.234082185247,0,1
exp_030,89,s1,s2,3.2458227661214627,4,17.549379914533798,161.86108214421918,8149.403056812495,1,1
exp_030,90,s1,s2,0.4472595007409918,1,6.980191242866953,85.1814053123375,7589.821774319667,0,1
exp_030,91,s1,s2,5.210157845413369,3,8.200719877640488,95.48338472449208,6201.915414455387,1,1
exp_031,0,s1,s2,0.060860278832249974,0,2.747855909607508,64.86808159702109,5061.829509637295,0,0
exp_031,1,s1,s2,0.06811934428772486,0,3.8114513326808748,-1.9635015787742738,12208.252280828008,0,0
exp_031,2,s1,s2,0.028898000170412403,0,2.5113713933685364,62.252438831011595,5017.631819519055,0,0
exp_031,3,s1,s2,0.01278480938066446,0,2.200298597693001,136.18224117039722,14942.996338040386,0,0
exp_031,4,s1,s2,0.018372036030134948,0,3.679965163087377,147.88100476968333,8221.321428163077,0,0
exp_031,5,s1,s2,0.04015813749216374,0,4.137349767947586,110.25619879299106,8861.869441194644,0,0
exp_031,6,s1,s2,0.006313138459835108,0,1.7656674910232406,73.51978061863412,14392.070170650175,0,0
exp_031,7,s1,s2,0.11949283172093367,0,2.912569070513522,90.51474803774279,5502.159649208069,0,0
exp_031,8,s1,s2,0.17720549077683254,0,3.733256927124913,94.93118404627018,6452.116867146706,0,0
exp_031,9,s1,s2,0.03451750231695136,0,1.2324054915170874,132.49594370380214,8786.746607065845,0,0
exp_031,10,s1,s2,0.12547151236685533,0,1.72994634876156,68.86376652602362,6018.373415997994,0,0
exp_031,11,s1,s2,0.13053892994163255,0,2.477308307658009,95.85383399668828,14649.980583428867,0,0
exp_031,12,s1,s2,0.09869626038121534,0,2.7048471489697175,84.35218967363507,10698.284802728454,0,0
exp_031,13,s1,s2,0.04409354441725217,0,3.2523693573096844,175.55318971413152,9333.338755249413,0,0
exp_031,14,s1,s2,0.32963036727039585,0,1.5139854766330212,18.311842881341278,11657.72421060789,0,0
exp_031,15,s1,s2,0.16579906714277548,0,4.465399935738674,146.56241697435973,8729.315685666112,0,0
exp_031,16,s1,s2,0.06529593130940171,0,3.604520217252354,49.19501216404881,7214.519404267095,0,0
exp_031,17,s1,s2,0.00012575858234837917,0,2.815697963223912,120.60554722371715,6966.320424660023,0,0
exp_031,18,s1,s2,0.031217523725307884,0,2.692822733668174,-2.3090385319079365,5693.516710185966,0,0
exp_031,19,s1,s2,0.005411110933909668,0,1.9663105282897817,47.59293289047775,6176.46227814235,0,0
exp_031,20,s1,s2,0.051884367311763685,0,2.4841789013254925,77.75176915870551,10472.927643469817,0,0
exp_031,21,s1,s2,0.09962908443629212,0,2.8796174695433177,122.45390858855656,11182.003428645583,0,0
exp_031,22,s1,s2,0.2105219318443267,0,1.9661107989768785,93.14952226913456,8774.472858299741,0,0
exp_031,23,s1,s2,0.014683889071451843,0,2.8411343085920158,152.62898185527985,7388.598796332252,0,0
exp_031,24,s1,s2,0.03048824509396136,0,2.2830662017478565,69.54969620936093,13412.262245742964,0,0
exp_031,25,s1,s2,0.018672921751842302,0,2.2148919343569693,105.7446104999579,14495.213761786003,0,0
exp_031,26,s1,s2,0.09246100023557394,0,2.7892253497048998,141.60423124752987,13106.720567624114,0,0
exp_031,27,s1,s2,0.19217848740975088,0,2.4493120601976317,113.72816993298754,5160.80086405906,0,0
exp_031,28,s1,s2,0.018459574727337284,0,3.3522878824716553,70.12052930471856,10570.068206893427,0,0
exp_031,29,s1,s2,0.07464443013633312,0,2.342869108456914,76.49072453251831,7065.479697688959,0,0
exp_031,30,s1,s2,0.05112874093966982,0,2.123709444266538,142.86139883260861,11986.130012587202,0,0
exp_031,31,s1,s2,0.06763133093976167,0,2.7114959565779895,120.81754132039624,9508.56682617609,0,0
exp_031,32,s1,s2,0.010166155101008116,0,3.087821114853791,-5.204218850511588,12327.402143357924,0,0
exp_031,33,s1,s2,0.02207428354133649,0,3.5826674332206054,37.581231271305505,8824.577834543115,0,0
exp_031,34,s1,s2,0.06579631948702724,0,2.996562940436233,163.01499438597924,11524.993806091712,0,0
exp_031,35,s1,s2,0.10693691915764998,0,3.5269680314381584,157.91022887385427,5648.098256538625,0,0
exp_031,36,s1,s2,0.04188132738402173,0,4.140615219198315,114.42297810230991,10865.58560747354,0,0
exp_031,37,s1,s2,0.04656455524754015,0,2.7801496468456026,66.64371499983179,6820.675115742896,0,0
exp_031,38,s1,s2,0.32406822736648544,0,3.978904552461823,142.2032613161009,9359.69266000378,0,0
exp_031,39,s1,s2,0.011649429808366564,0,2.0915709372507614,55.902763837166844,9867.793508015437,0,0
exp_031,40,s1,s2,0.0618002207279749,0,2.8288527105651307,-41.66449628743556,14870.230819814751,0,0
exp_031,41,s1,s2,0.03543257492484381,0,1.6281475491738089,130.3525875537918,9666.062659261821,0,0
exp_031,42,s1,s2,0.02232050946409301,0,1.3466350976048735,120.47187771608192,5367.8891671883075,0,0
exp_031,43,s1,s2,0.16888658879053087,0,2.6742460009382687,54.11629211952601,9771.77609111203,0,0
exp_031,44,s1,s2,0.056647928870028355,0,3.664741679236242,177.50295268107277,7953.71182707486,0,0
exp_031,45,s1,s2,0.005308753448527933,0,2.322536410191445,161.4641680682964,13897.247409999693,0,0
exp_031,46,s1,s2,0.05026206660211361,0,3.248209019423476,106.14526471313116,11511.524506354797,0,0
exp_031,47,s1,s2,0.053356370807920966,0,4.465933685934758,213.7097821838345,10848.200366533629,0,0
exp_031,48,s1,s2,0.015878471699279976,0,2.2066859590830257,122.18308097867181,5146.1688431761395,0,0
exp_031,49,s1,s2,0.0980243026700122,0,3.292223228525983,79.30067764375399,13659.659535008204,0,0
exp_031,50,s1,s2,0.289564787727802,0,2.7713802064912025,204.53840800459605,8522.810807057991,0,0
exp_031,51,s1,s2,0.06751601101673518,0,2.4638489241348798,45.23654639617429,12179.305248344977,0,0
exp_031,52,s1,s2,0.0245162921967578,0,3.890912726070395,57.84761925000805,6778.359358272208,0,0
exp_031,53,s1,s2,0.028221383252907014,0,4.518104230395137,146.0399426377976,7143.277619533132,0,0
exp_031,54,s1,s2,0.11627553383440173,0,1.290740669302681,161.52386425091478,9378.258116344046,0,0
exp_031,55,s1,s2,0.08391456874672229,0,5.241486785123032,94.69939234032813,6809.795776059951,0,0
exp_031,56,s1,s2,0.07780733619897762,0,1.2252413493509757,-13.19014398564795,9693.820505825954,0,0
exp_031,57,s1,s2,0.21326057541737434,0,3.460782407714416,156.6558476071375,12164.869356023688,0,0
exp_031,58,s1,s2,0.00437456768883037,0,2.904200451987669,184.4733288333074,8177.475645481276,0,0
exp_031,59,s1,s2,0.015056358142549749,0,2.097178250124361,141.77531283769932,8687.404269320092,0,0
exp_031,60,s1,s2,0.17300035185657792,0,1.606852648451794,161.5305667120862,6178.072130676843,0,0
exp_031,61,s1,s2,0.009595235302842328,0,2.1192508721708907,79.85995233779842,7677.1029647527475,0,0
exp_031,62,s1,s2,0.005440951365536218,0,1.926743384282712,114.37292807284148,12567.323131256271,0,0
exp_031,63,s1,s2,0.024612431830483943,0,2.440240240277464,126.89222990038364,12213.665637012986,0,0
exp_031,64,s1,s2,0.040507720279095695,0,2.5000973982020493,104.50341018762167,9952.444343542575,0,0
exp_031,65,s1,s2,0.01609764664141388,0,1.8492125226918565,97.80525415115977,9370.891201393708,0,0
exp_031,66,s1,s2,0.01172316104805193,0,3.465921021297231,31.38307965980205,14766.606372101422,0,0
exp_031,67,s1,s2,0.059635585890064485,0,3.404071717649046,195.91912052520055,9983.579342944378,0,0
exp_031,68,s1,s2,0.006689243271074022,0,4.747721790903919,31.337189181859394,10282.332327149583,0,0
exp_031,69,s1,s2,0.047623481007405884,0,4.0432235616043375,-5.501139009356115,6411.418014757436,0,0
exp_031,70,s1,s2,0.048981301025995794,0,3.3096752786018606,98.3076203144118,8514.547692857177,0,0
exp_031,71,s1,s2,0.10344519837102054,0,3.386033443447761,131.0806127627435,8174.992875945691,0,0
exp_031,72,s1,s2,0.07023453602021706,0,3.4155398513102098,63.467225180287976,5703.30592087439,0,0
exp_031,73,s1,s2,0.14148298816905022,0,1.2567234986715567,118.46013643847523,13625.743540614567,0,0
exp_031,74,s1,s2,0.4273844767172329,0,3.767201674868132,69.23001623875908,12501.663163764573,0,0
exp_031,75,s1,s2,0.13751175395681675,0,2.9825456605342384,129.81693425213305,11741.680405566547,0,0
exp_031,76,s1,s2,0.17365747290140487,0,0.7130151744682078,-26.017423716851184,8186.547540673513,0,0
exp_031,77,s1,s2,0.15178880338323117,0,2.5040419471642132,194.49969954633448,9193.366573987367,0,0
exp_031,78,s1,s2,0.007535913948859877,0,3.012468437786391,89.35217194627145,9174.928523515995,0,0
exp_031,79,s1,s2,0.15898154969719816,0,3.7193506443302407,103.51302934236827,6961.407988609985,0,0
exp_031,80,s1,s2,0.4620318381252074,0,3.9669323429041876,31.40253638577608,10018.537136166513,0,0
exp_031,81,s1,s2,0.044562544852173536,0,2.1525496829993003,173.24399573118984,14612.979741329427,0,0
exp_031,82,s1,s2,0.039400377064770745,0,2.6926350354282245,67.43297003222686,13855.84789428589,0,0
exp_031,83,s1,s2,0.07378348549004587,0,2.687413133868378,80.8587180294863,8112.606621495633,0,0
exp_031,84,s1,s2,0.08920048795915123,0,4.188472333019951,59.68231111540746,11162.935561852966,0,0
exp_031,85,s1,s2,0.20700754396994034,0,0.9160591850682378,100.5936342355494,14962.715678032042,0,0
exp_032,0,s1,s2,0.13240201067504487,0,2.8487009602302926,112.83426154457393,8552.355173305026,0,0
exp_032,1,s1,s2,0.01671898141792312,0,3.1126366818256406,102.33408670809806,11409.522198481754,0,0
exp_032,2,s1,s2,0.095992012701625,0,2.1439151279990885,105.56342595837447,12295.038264293837,0,0
exp_032,3,s1,s2,0.09214277627259128,0,3.718490297317129,114.54567007961658,12839.60787061018,0,0
exp_032,4,s1,s2,0.15182966475583656,0,2.072285707715632,109.63993962531345,9591.299077754364,0,0
exp_032,5,s1,s2,0.15492893872826136,0,3.1294466425474443,87.8741775236989,10011.66628563172,0,0
exp_032,6,s1,s2,0.04602876918337815,0,3.3017919306528727,74.3753304559549,8210.198105508996,0,0
exp_032,7,s1,s2,0.03083257886520325,0,3.764187616135564,198.62623865234525,8624.106418133017,0,0
exp_032,8,s1,s2,0.10257916706147746,0,3.8546273105507027,66.8418812095355,7293.189503076539,0,0
exp_032,9,s1,s2,0.017297064759609473,0,3.7060669498554306,147.96266882245192,6826.389757017984,0,0
exp_032,10,s1,s2,0.012357625577434661,0,3.4642637432357932,128.3997269762121,8272.573736996643,0,0
exp_032,11,s1,s2,0.1073521925571545,0,3.02002733980403,46.59878120544112,5187.302920604198,0,0
exp_032,12,s1,s2,0.04969258101888188,0,2.9532505460972978,60.012855594473415,9216.816468528943,0,0
exp_032,13,s1,s2,0.05876797185695827,0,2.8688198457351595,78.44994470835306,12564.838490999166,0,0
exp_032,14,s1,s2,0.04603137257323009,0,2.140561813204689,170.84170410694014,9232.394414901864,0,0
exp_032,15,s1,s2,0.08298656186039224,0,3.0923814589989695,80.01517545820046,14490.970889284265,0,0
exp_032,16,s1,s2,0.45778597886139655,0,0.08819605528273433,27.767937346579284,11449.637707451962,0,0
exp_032,17,s1,s2,0.08111084358076788,0,3.9026781426992487,116.18162362564888,12463.061694876093,0,0
exp_032,18,s1,s2,0.06869213844838042,0,5.14823920195764,70.65786602379069,9557.062844202976,0,0
exp_032,19,s1,s2,0.061208225939970995,0,4.321880992159802,97.64707296128067,7787.270067271242,0,0
exp_032,20,s1,s2,0.07394915477062496,0,2.2468110872115337,85.22595930496088,14582.984830713007,0,0
exp_032,21,s1,s2,0.19287748914720876,0,3.2078383833640705,80.07039805431205,8475.799043575002,0,0
exp_032,22,s1,s2,0.5268721101278648,0,1.9626738016986573,60.77165036987385,10678.905483054052,0,0
exp_032,23,s1,s2,0.18025747238798115,0,3.612156806955552,55.05630945613352,5614.065831411217,0,0
exp_032,24,s1,s2,0.2512500808052754,0,0.04617651459937555,73.84478465577519,14733.070795003765,0,0
exp_032,25,s1,s2,0.4644345380792132,0,2.1334294455745035,117.45061343140397,10061.700856552025,0,0
exp_032,26,s1,s2,0.07532435314668139,0,5.735960159383488,128.43848476697244,5187.247137943907,0,0
exp_032,27,s1,s2,0.12421153413511204,0,2.3701137624272848,117.39580390604416,10702.394424458007,0,0
exp_032,28,s1,s2,0.08401661108930406,0,2.424662631956921,112.65918478496495,11265.033072660965,0,0
exp_032,29,s1,s2,0.03295489887492794,0,4.553354699055895,101.98997270580081,12056.459363630132,0,0
exp_032,30,s1,s2,0.012658757701373285,0,3.417459031363166,104.057191592481,6567.694373350023,0,0
exp_032,31,s1,s2,0.1916690835577155,0,3.995954928226406,136.81137225825634,7819.583271426454,0,0
exp_032,32,s1,s2,0.033952138167457464,0,2.745625582973438,136.84185620525895,5630.153906928105,0,0
exp_032,33,s1,s2,0.09177836046029596,0,3.26151859672583,83.4594740238864,11417.464425010574,0,0
exp_032,34,s1,s2,0.20772559735444604,0,2.6847218125478562,111.57593860232308,8810.706764344222,0,0
exp_032,35,s1,s2,0.14897023393960226,0,3.402656981647161,96.47698297670021,12357.404498934493,0,0
exp_032,36,s1,s2,0.0015621296281651134,0,3.4269836838620997,67.27175292021349,13649.685594304803,0,0
exp_032,37,s1,s2,0.07686245191902433,0,2.0629930187538927,33.52974483374591,8428.89329596056,0,0
exp_032,38,s1,s2,0.03955317632549688,0,3.595323287892664,29.707015706726725,14004.053185650671,0,0
exp_032,39,s1,s2,0.03668442090622226,0,3.416659060548594,80.72205100187574,12417.833308897032,0,0
exp_032,40,s1,s2,0.2671289697745031,0,2.7757590444518137,89.45826406727099,10414.293943049966,0,0
exp_032,41,s1,s2,0.09530419991914499,0,5.480650917512143,75.15184335397494,6803.797688750714,0,0
exp_032,42,s1,s2,0.06531839626778524,0,2.1904331979104277,195.09565743312507,11794.473358165978,0,0
exp_032,43,s1,s2,0.06000053144930328,0,1.7566377393201096,47.326548296336156,9109.02058988588,0,0
exp_032,44,s1,s2,0.0023360363677440233,0,3.9230872924501297,122.5385208593133,8546.270944431186,0,0
exp_032,45,s1,s2,0.004712634203825894,0,2.6809370802153,54.2673132337135,12385.570406335566,0,0
exp_032,46,s1,s2,0.03480219137503384,0,1.1718350720728605,180.86793487225273,6177.639922766185,0,0
exp_032,47,s1,s2,0.040090603523059744,0,3.739759290697269,174.26082920735587,6197.78379883561,0,0
exp_032,48,s1,s2,0.017831647949129125,0,4.117632441603957,125.09260246799454,8494.744959581692,0,0
exp_032,49,s1,s2,0.09046357948944295,0,2.478169458511852,54.44149699875777,5202.702056730526,0,0
exp_032,50,s1,s2,0.1462208045419662,0,4.224638731215175,80.82609905380566,12083.729960227263,0,0
exp_032,51,s1,s2,0.17645973176031907,0,2.137693063836319,70.65208950118577,14719.056826516706,0,0
exp_032,52,s1,s2,0.12634673107331607,0,4.293817690814726,61.22586756577933,5779.828329899833,0,0
exp_032,53,s1,s2,0.08378029160392571,0,2.6860478130841394,97.6919028015014,7359.755771194514,0,0
exp_032,54,s1,s2,0.033518185421620376,0,3.2862733367774424,57.76312956044119,7423.97876251889,0,0
exp_032,55,s1,s2,0.032520327007228504,0,2.922091953668682,147.18508171999207,8921.281469692723,0,0
exp_032,56,s1,s2,0.12868872699105274,0,5.150310793331212,49.76475696466021,8185.630981259896,0,0
exp_032,57,s1,s2,0.148019950579079,0,2.1290767301299898,62.762192160780565,14574.90531021221,0,0
exp_032,58,s1,s2,0.061364952127177234,0,3.669868037904822,52.80074923260559,7844.203239037915,0,0
exp_032,59,s1,s2,0.03109465712127607,0,2.888645597614489,89.49221979045628,11069.454128382038,0,0
exp_032,60,s1,s2,0.01313484665460067,0,5.262568808335319,74.76422690824243,13487.36992593174,0,0
exp_032,61,s1,s2,0.02611954163995503,0,2.441183708263205,133.44822408590912,11767.665412396405,0,0
exp_032,62,s1,s2,0.056330132127185906,0,3.3447749725922944,68.99885254616443,7177.626185490178,0,0
exp_032,63,s1,s2,0.01943416204088263,0,4.372749666248874,36.56244961993583,7339.964787906278,0,0
exp_032,64,s1,s2,0.02029262291112983,0,2.984312033243062,86.4445153676603,9286.455693151827,0,0
exp_032,65,s1,s2,0.02664004657084526,0,2.9004493168150316,68.59510824601084,12882.051110716313,0,0
exp_032,66,s1,s2,0.1256256523503557,0,2.9216133002706073,111.52707934253647,14903.977960919648,0,0
exp_032,67,s1,s2,0.029118080000291577,0,0.8389440026507291,78.9448613919084,8557.607149943025,0,0
exp_032,68,s1,s2,0.18469472768594705,0,2.262738323608039,213.88444630154652,5900.738629468911,0,0
exp_032,69,s1,s2,0.5672696542136989,0,4.819077190195805,123.37874562410785,9067.423871913114,0,0
exp_032,70,s1,s2,0.07934443326597618,0,2.2124485593712935,76.50210634134243,12922.159038047746,0,0
exp_032,71,s1,s2,0.006405358318893876,0,2.7640199011330537,75.50279895130186,10141.881809210112,0,0
exp_032,72,s1,s2,0.05213386938691644,0,3.5436541282806067,180.09493957949906,7374.766950056241,0,0
exp_032,73,s1,s2,0.030404393633793877,0,0.3200155140355312,85.32165817045569,7912.293282312642,0,0
exp_032,74,s1,s2,0.1647719367615061,0,5.143444818543648,87.17025821052383,6892.735001678755,0,0
exp_032,75,s1,s2,0.07625136843740911,0,3.2872203451752795,1.0340102573652366,12808.258334109281,0,0
exp_032,76,s1,s2,0.14649619251324916,0,4.35929142433651,49.00156406161557,14412.89950394277,0,0
exp_032,77,s1,s2,0.09826157276073884,0,3.44228163833031,56.73503624325742,6049.043863493113,0,0
exp_032,78,s1,s2,0.20565879559844846,0,0.6080181104438598,117.34801484422405,5570.065946496924,0,0
exp_032,79,s1,s2,0.04793006886280332,0,3.7639453637154663,97.75402309227835,8948.409997650211,0,0
exp_032,80,s1,s2,0.05589234806941562,0,1.8710367348668346,219.65061473833933,6686.016912375524,0,0
exp_032,81,s1,s2,0.0018729852775844495,0,3.722776773932773,109.43061709875059,6063.641330271656,0,0
exp_032,82,s1,s2,0.023692903503023475,0,4.167195983359095,75.47021290482841,7692.603164709776,0,0
exp_032,83,s1,s2,0.21375318140440858,0,4.9401566318350625,137.11442537891517,8676.89522536353,0,0
exp_032,84,s1,s2,0.15232340032845926,0,4.058136112567421,84.37112873026547,12549.268366376946,0,0
exp_032,85,s1,s2,0.07280615977465348,0,1.9572249432435809,110.16238656527001,13406.815086175822,0,0
exp_032,86,s1,s2,0.15462738493260325,0,2.5492155069065348,204.31320504040406,14644.592682795124,0,0
exp_032,87,s1,s2,0.2112228998684453,0,1.7050681146597397,172.94426943162347,11180.222786815124,0,0
exp_032,88,s1,s2,0.08567041227963877,0,1.4117729012921798,56.558425605514486,9070.107922373223,0,0
exp_032,89,s1,s2,0.0853107987277166,0,1.3935410989595862,75.58461066442541,12609.633177608088,0,0
exp_032,90,s1,s2,0.0758149800750638,0,2.8147340850696416,69.58804259677304,13849.134572119936,0,0
exp_032,91,s1,s2,0.14074629682376585,0,3.4412398221702714,91.10068960243275,5766.0290835821015,0,0
exp_032,92,s1,s2,0.3250229862805341,0,1.0449138860818503,54.119200544683395,10390.890052067938,0,0
exp_032,93,s1,s2,0.15934310120084094,0,2.677477880892943,155.90842741869875,9298.457437063502,0,0
exp_032,94,s1,s2,0.016037737758668503,0,3.1377584051740373,77.93112483526855,5644.376255526923,0,0
exp_032,95,s1,s2,0.13236205252582708,0,1.600656952214125,109.0738940939528,10395.229435126495,0,0
exp_032,96,s1,s2,0.020211338926936762,0,4.374135824150109,85.94884013619728,9619.192934106375,0,0
exp_032,97,s1,s2,0.016098988531428143,0,2.1680288919214687,129.72545013157347,12385.498743701095,0,0
exp_032,98,s1,s2,0.06526816448579865,0,4.162989595677338,92.34597477592986,12086.035243406688,0,0
exp_032,99,s1,s2,0.003346454058060275,0,3.715609067973091,80.33817954185773,5183.2616854519865,0,0
exp_032,100,s1,s2,0.07880150399786916,0,3.7664559598497087,171.6494138354789,12605.322021044363,0,0
exp_032,101,s1,s2,0.1293503165529473,0,3.923033437235729,127.5627961167355,11456.906684495383,0,0
exp_032,102,s1,s2,0.05148645931942591,0,4.804410826698425,88.30601983433158,13763.06029666794,0,0
exp_032,103,s1,s2,0.03177548265639231,0,3.550812835183505,89.90269656234906,10785.117924094455,0,0
exp_032,104,s1,s2,0.019718566285842155,0,3.5514365381755453,136.29105740193987,7080.4665426626925,0,0
exp_032,105,s1,s2,0.20886016450917474,0,3.9940020395062783,103.29242487829592,8298.278294248794,0,0
exp_032,106,s1,s2,0.00640597585737877,0,1.254030967525018,90.88790879107306,12152.292897762982,0,0
exp_032,107,s1,s2,0.31490362119420745,0,3.6884365198746685,116.9891511069615,9530.240136012064,0,0
exp_032,108,s1,s2,0.14768351761068335,0,3.487313163053316,139.6370088152886,10077.772860695646,0,0
exp_032,109,s1,s2,0.09831415499519353,0,1.9558128211359764,142.3964376677641,13095.792609149848,0,0
exp_032,110,s1,s2,0.3002244209606415,0,4.865727355968457,83.87256448866893,12370.25905790354,0,0
exp_032,111,s1,s2,0.10854420409438548,0,4.017065543970153,106.2779261236789,9489.267092688944,0,0
exp_032,112,s1,s2,0.0063049450605971,0,3.4586004538776307,145.41112620458645,13492.586264996466,0,0
exp_032,113,s1,s2,0.01491352941123072,0,3.3339450479990393,81.00460167297115,13232.099421806359,0,0
exp_032,114,s1,s2,0.123341946807348,0,3.3796100564144806,58.190644273083755,13890.865833268655,0,0
exp_032,115,s1,s2,0.05543102655444146,0,1.6169821912555262,-4.658901119557957,5822.718906762065,0,0
exp_032,116,s1,s2,0.22258608301652202,0,4.508082850144021,125.57076275109398,7026.7190630730465,0,0
exp_032,117,s1,s2,0.11012020939932927,0,3.737528063466538,113.7624343784182,13307.927228390741,0,0
exp_032,118,s1,s2,0.27881729295159713,0,1.4156724221516028,171.21417071369288,5565.146243880623,0,0
exp_032,119,s1,s2,0.11321911244609291,0,2.6220102540147825,-0.761095271618828,11817.284370551342,0,0
exp_032,120,s1,s2,0.2427859775108598,0,2.8059198676669053,163.9242603725836,8877.83157446379,0,0
exp_032,121,s1,s2,0.027414707038022065,0,2.149991745239614,86.06025101142235,14711.055083647545,0,0
exp_032,122,s1,s2,0.08531221579661903,0,2.653026546894883,56.13221324225531,10470.391436206559,0,0
exp_032,123,s1,s2,0.07611811618737799,0,3.1432866718820254,62.16098164895664,6377.855206750969,0,0
exp_032,124,s1,s2,0.004262026967063978,0,4.475454131042294,27.662144683576738,6118.398048416124,0,0
exp_032,125,s1,s2,0.03758982944685883,0,1.8404644495495113,85.99878835391152,10060.738984667101,0,0
exp_032,126,s1,s2,0.008906521583901308,0,3.027177167672464,68.93341382390103,7478.9697275087565,0,0
exp_032,127,s1,s2,0.010023346801092113,0,3.809846061119427,92.57852994679072,12241.92446654155,0,0
exp_032,128,s1,s2,0.16907342804078246,0,3.5715306969007417,169.39229851729866,8654.258803022472,0,0
exp_033,0,s1,s2,0.05962574596032569,0,3.267696254358662,142.655513222487,14901.984904623572,0,0
exp_033,1,s1,s2,0.17113035308902114,0,2.8944750612290457,86.59837063361945,10718.757164709517,0,0
exp_033,2,s1,s2,0.1278227846319748,0,4.4513754610703815,112.76640858725222,7826.556527573446,0,0
exp_033,3,s1,s2,0.02032331494739848,0,3.1029652424646104,68.67498919783367,11885.995206754953,0,0
exp_033,4,s1,s2,0.03947473249694189,0,2.455129929176488,106.90963738956602,5992.933462968036,0,0
exp_033,5,s1,s2,0.12098392189988438,0,4.450799466308739,44.142911939769355,13317.21120279918,0,0
exp_033,6,s1,s2,0.19147575324970867,0,2.9457453971358523,35.15436933640087,12339.267236324864,0,0
exp_033,7,s1,s2,0.14871344261693117,0,2.3244314714087837,135.3743603602681,6925.348177237734,0,0
exp_033,8,s1,s2,0.08916285301698385,0,2.1460710854286424,156.91407224447897,6047.051568624215,0,0
exp_033,9,s1,s2,0.12614126091999608,0,2.141524108827358,74.23031009422895,6477.235283971317,0,0
exp_033,10,s1,s2,0.03782044020311495,0,1.2582358876166977,157.00066432003928,5206.618515934316,0,0
exp_033,11,s1,s2,0.0101931329463176,0,3.9706336726114433,36.337227409657025,5985.150734685339,0,0
exp_033,12,s1,s2,0.08224745163441131,0,2.7384327767734646,82.76167100631716,6721.885275557627,0,0
exp_033,13,s1,s2,0.00695951623678497,0,2.5721657842821273,200.1473542038143,13310.534408973383,0,0
exp_033,14,s1,s2,0.010412887441973176,0,2.5596743153238095,59.586808746653766,12658.65986938808,0,0
exp_033,15,s1,s2,0.036493586177868596,0,1.3478976683070651,61.86885417822399,5802.2429180103,0,0
exp_033,16,s1,s2,0.2804015373154223,0,4.446822840111534,112.19930939988234,11583.570921852961,0,0
exp_033,17,s1,s2,0.07220699999491326,0,3.246347952948499,64.59069193202087,6553.703559368321,0,0
exp_033,18,s1,s2,0.05350895758946929,0,4.255937040015697,128.72808587683576,11850.451757086195,0,0
exp_033,19,s1,s2,0.11133205134040552,0,2.5857892190724674,52.762357399555526,5429.122726601941,0,0
exp_033,20,s1,s2,0.1271099180144701,0,2.948286888691954,56.36194646057309,13566.982231275688,0,0
exp_033,21,s1,s2,0.08029044483861816,0,2.831860353950833,107.49975449538695,14217.97756503509,0,0
exp_033,22,s1,s2,0.05990892182804469,0,2.33221760571171,-9.822313082154954,13345.719568709472,0,0
exp_033,23,s1,s2,0.10772804731963342,0,3.4463742447585357,67.9884752265993,11361.36530428131,0,0
exp_033,24,s1,s2,0.020767388592370577,0,3.1414789529346736,93.71036861708352,9196.949234995971,0,0
exp_033,25,s1,s2,0.10629841195595811,0,4.775037021127465,101.589195243532,9792.423750393305,0,0
exp_033,26,s1,s2,0.03388068410484156,0,3.959496076599441,81.74724835975147,9680.346929227271,0,1
exp_033,27,s1,s2,0.024009813674647905,0,2.142827626108294,124.59072005439813,7371.676812985965,0,1
exp_033,28,s1,s2,0.11791029106753233,0,2.2941959448843505,137.8321232553469,7569.688538992708,0,1
exp_033,29,s1,s2,0.03668994578348951,0,1.8213088682037453,117.60193064790602,6042.431988847775,0,1
exp_033,30,s1,s2,0.11358908469724718,0,3.005085396128234,176.35661920775652,8638.327102683854,0,1
exp_033,31,s1,s2,0.05657090629591948,0,3.4550755757203704,94.47994180492057,12680.899052191402,0,1
exp_033,32,s1,s2,0.02333040129915774,0,3.8392251446687897,-10.413900994004631,11129.858620636884,0,1
exp_033,33,s1,s2,0.0631457518624877,0,3.583404915798191,133.80518191485749,10051.579186281668,0,1
exp_033,34,s1,s2,0.19270939958825342,0,3.79668416009162,135.9031021918601,14564.007794334166,0,1
exp_033,35,s1,s2,0.03098826124886152,0,3.539041496752759,83.89940146912977,12722.263733856795,0,1
exp_033,36,s1,s2,0.2611089676170881,0,3.1720589223662587,70.58192178466109,6446.283381234474,0,1
exp_033,37,s1,s2,0.07009721122260185,0,2.2093760087270473,85.88439790375352,8228.377777313099,0,1
exp_033,38,s1,s2,0.01850582077515097,0,2.836074023244484,120.11311723321887,8339.535232893899,0,1
exp_033,39,s1,s2,0.1831694378572145,0,4.335104617268624,146.93055393127466,11360.018039889606,0,1
exp_033,40,s1,s2,0.29224127426117263,0,3.3191208418685414,159.3525575333191,11623.71624396249,0,1
exp_033,41,s1,s2,2.616182750441566,3,21.717732533110258,68.81419825418037,10245.189426558096,1,1
exp_033,42,s1,s2,0.03312542119971797,6,6.823670570050657,167.80231733157208,8531.734622097054,0,1
exp_033,43,s1,s2,4.385825089333411,2,15.19447258118122,110.56903273229824,5553.791341479579,1,1
exp_033,44,s1,s2,0.12993204050902485,14,15.914019820850633,61.07086771269215,11865.809280212878,0,1
exp_033,45,s1,s2,0.6221825482279817,4,21.606055630387882,19.304927226050406,9527.506518580358,1,1
exp_033,46,s1,s2,3.7625384269466657,5,11.759337830561112,4.417889454047852,6922.320045270639,1,1
exp_034,0,s1,s2,0.12155838331512839,0,2.9598416876045115,-22.06210280529095,9549.166920334615,0,0
exp_034,1,s1,s2,0.0009044125004408244,0,4.46368200197211,12.501123360901733,10699.447164157611,0,0
exp_034,2,s1,s2,0.13853650264221712,0,1.792417141781657,146.0907917975735,7556.436715589626,0,0
exp_034,3,s1,s2,0.06238857015363056,0,2.5555804506045483,112.74535147585318,14483.265830361623,0,0
exp_034,4,s1,s2,0.07834070070489683,0,4.097430608841038,45.07161673093033,5447.258162431018,0,0
exp_034,5,s1,s2,0.06624180261333333,0,1.751069915538541,97.40804021188956,13373.878159418831,0,0
exp_034,6,s1,s2,0.15936242042307758,0,2.604788216746445,49.60654993002653,6004.29556630888,0,0
exp_034,7,s1,s2,0.1887887778747946,0,2.3553703660971026,6.158398724855396,8238.719500205665,0,0
exp_034,8,s1,s2,0.037110138712335226,0,3.84530498055513,142.22018149784262,10177.881704805695,0,0
exp_034,9,s1,s2,0.10718251374769246,0,2.5161139746171823,100.59859238818815,5660.064331299325,0,0
exp_034,10,s1,s2,0.04840872507205525,0,3.3199223812431438,109.66776118252878,5297.083053467526,0,0
exp_034,11,s1,s2,0.045891343768552986,0,3.631901467646787,72.31291884411083,13459.68144654641,0,0
exp_034,12,s1,s2,0.023118689708082816,0,4.011479714061505,146.00688993989854,6770.576967825703,0,0
exp_034,13,s1,s2,0.05686240959435268,0,2.710509369504056,103.675270373433,9045.918330458828,0,0
exp_034,14,s1,s2,0.016836922438215527,0,4.2070990456621775,107.37396228113887,10247.539386260372,0,0
exp_034,15,s1,s2,0.0036646968135335177,0,3.083746782896712,81.33245591755478,8279.815585256125,0,0
exp_034,16,s1,s2,0.08501905482786576,0,3.4717610797705816,71.34263306891707,13607.197057335678,0,0
exp_034,17,s1,s2,0.22002595971168942,0,4.045704508053305,36.26788903746869,7790.423871302602,0,0
exp_034,18,s1,s2,0.14386695913746192,0,3.321985911619116,76.75000648422456,9397.286376635348,0,0
exp_034,19,s1,s2,0.19348183244577563,0,2.276940035287562,169.95498724037873,14035.391853604526,0,0
exp_034,20,s1,s2,0.033314975715935176,0,3.939044369269454,56.02535952850264,14222.497012503753,0,0
exp_034,21,s1,s2,0.0029192810857598993,0,3.421946284983782,127.8592407933896,8402.77462168857,0,0
exp_034,22,s1,s2,0.0002013289653645127,0,1.4525221737958105,116.15296483401244,12456.089284998436,0,0
exp_034,23,s1,s2,0.05912219546476969,0,3.866119515519332,121.95383679567662,10357.597995185033,0,0
exp_034,24,s1,s2,0.040940617501270586,0,2.2390259952521676,143.67642360348583,13915.188161064341,0,0
exp_034,25,s1,s2,0.007410697632814856,0,2.8400826424255663,74.0457029989899,14565.49354474828,0,0
exp_034,26,s1,s2,0.410355005454746,0,2.5633820894039516,81.48900694008533,8529.533315547777,0,0
exp_034,27,s1,s2,0.04111112790962059,0,2.664516315220267,177.7568339025407,12798.835857345133,0,0
exp_034,28,s1,s2,0.1381159952882042,0,4.197228102789768,114.05577904983576,6956.477465527071,0,0
exp_034,29,s1,s2,0.01765110652356487,0,2.174261172210086,140.55040517738436,5027.943838203847,0,0
exp_034,30,s1,s2,0.24299659378702146,0,2.063755590906269,204.51718243680173,12257.365100090377,0,0
exp_034,31,s1,s2,0.0405462707783974,0,4.228300663744076,131.21769249191448,9691.259078935094,0,0
exp_034,32,s1,s2,0.14063679137824597,0,3.128267440219342,111.22132639104001,8093.668671363112,0,0
exp_034,33,s1,s2,0.08251856874512926,0,2.893863475297471,142.91180242439899,11816.98494915715,0,0
exp_034,34,s1,s2,0.0626451098248955,0,3.1280312169445326,125.72608538294506,6038.149131224915,0,0
exp_034,35,s1,s2,0.19479822035672012,0,4.550996355411758,106.47164686274444,6267.561956254151,0,0
exp_034,36,s1,s2,0.23741931507041808,0,4.534656528685196,129.1573085304308,5313.79688016853,0,0
exp_034,37,s1,s2,0.03787816495902416,0,3.5850807755641307,55.54194184194608,5427.53537749293,0,0
exp_034,38,s1,s2,0.022025284056513352,0,4.106460202814483,69.68046552636225,12899.765800618005,0,0
exp_034,39,s1,s2,0.3049172328334375,0,2.8136157353243023,162.9599223668009,13658.860907297334,0,0
exp_034,40,s1,s2,0.009352664792753299,0,2.6332587269206296,117.38947398041093,8338.416300693421,0,0
exp_034,41,s1,s2,0.00292726954727119,0,2.8505401147483624,48.19117991121021,13183.383356344704,0,0
exp_034,42,s1,s2,0.14857601575569887,0,2.4180125871344096,77.88556610177812,8892.634629817701,0,0
exp_034,43,s1,s2,0.21478775443574483,0,3.092597148551268,55.92013797070754,5888.074794030419,0,0
exp_034,44,s1,s2,0.06352785811605884,0,2.395024243294555,61.79095841632672,7762.653791314248,0,0
exp_034,45,s1,s2,0.1036392555475699,0,3.2666816777961682,88.84377810904974,11286.049260632328,0,0
exp_034,46,s1,s2,0.13107033661721254,0,1.760033881394163,71.97385967304324,5379.613609629128,0,0
exp_034,47,s1,s2,0.06704773342790313,0,3.908273332620811,108.49709622759477,13820.92978748994,0,0
exp_034,48,s1,s2,0.05528378375528194,0,1.822641612199307,86.72436623352742,7574.4898784259085,0,0
exp_034,49,s1,s2,0.25991542228958986,0,-0.10460525172614021,116.95118051794616,6746.383806863545,0,0
exp_034,50,s1,s2,0.1083353056633146,0,0.8170247135489896,66.1132208561083,7645.16218585292,0,0
exp_034,51,s1,s2,0.006880017899784734,0,1.0328935425386325,110.16091830806728,12078.65203002772,0,0
exp_034,52,s1,s2,0.1285625317524422,0,4.221843347696002,39.35131802007952,7586.752402794943,0,0
exp_034,53,s1,s2,0.12989200462214198,0,3.789239953662992,63.1324321211135,5663.762530844086,0,0
exp_034,54,s1,s2,0.020832531533073274,0,3.352023125929608,176.7593505933784,14006.793870200172,0,0
exp_034,55,s1,s2,0.0031522692934373704,0,3.9329363289683656,53.88618213181987,11751.494194489744,0,0
exp_034,56,s1,s2,0.027846790769012243,0,4.319467843955264,121.48997447650483,5333.807033346147,0,0
exp_034,57,s1,s2,0.12645313339056882,0,2.488827032060793,102.09350251334423,9034.306187825552,0,0
exp_034,58,s1,s2,0.33906093794958214,0,2.078719360506793,153.18692830815436,10752.672943138663,0,0
exp_034,59,s1,s2,0.09140466407801418,0,0.828834620312989,157.79910205603497,6900.378145201607,0,0
exp_034,60,s1,s2,0.14813470074911445,0,1.0378173720644788,94.31815738589512,6616.77346415746,0,0
exp_034,61,s1,s2,0.09445959793323552,0,4.232257482378428,160.40097189370027,7202.873602887028,0,0
exp_034,62,s1,s2,0.09047041345501484,0,2.737924532450724,136.1846442730451,7107.6693264184405,0,0
exp_034,63,s1,s2,0.14790656371611022,0,2.447609302099281,63.759201886143906,6006.443943119625,0,0
exp_034,64,s1,s2,0.031180308040792738,0,2.3310697816780137,93.11911601755273,13717.089108973005,0,0
exp_034,65,s1,s2,0.07208777270463776,0,1.2187277449021732,160.9631656558875,11698.352295539118,0,0
exp_034,66,s1,s2,0.05652496662050708,0,3.6731970342832185,127.36690802884151,11718.491118865228,0,0
exp_034,67,s1,s2,0.06759668496053856,0,2.969394905996405,175.58487103606407,6115.099043695687,0,0
exp_034,68,s1,s2,0.012368315834835795,0,2.425467112649566,135.82968260895717,9307.800938568163,0,0
exp_034,69,s1,s2,0.10640604735441561,0,3.491260168541161,64.68125381037319,11899.129725565383,0,0
exp_034,70,s1,s2,0.07832532811377443,0,2.0665808692049445,107.80040060588533,9359.491504351223,0,0
exp_034,71,s1,s2,0.009055006205597708,0,3.621226351788664,85.09158547743016,10745.33400554792,0,0
exp_034,72,s1,s2,0.13575259222115502,0,1.676588402549868,115.9897267466579,10948.083157798914,0,0
exp_034,73,s1,s2,0.1408082313276462,0,3.260761044605998,85.12339969883334,10553.921789782959,0,0
exp_034,74,s1,s2,0.00042843669758359086,0,0.5540607759488876,123.18492640087625,7964.465112899876,0,0
exp_034,75,s1,s2,0.14751571378071268,0,3.232483622513339,117.68058018625322,13467.725815908732,0,0
exp_034,76,s1,s2,0.23944914477122814,0,3.8102972057766435,100.6171702060491,6991.022903981734,0,0
exp_034,77,s1,s2,0.102105872523738,0,1.9857436582385117,121.55735042441307,7385.274393174604,0,0
exp_034,78,s1,s2,0.06199372102725388,0,3.34749680427136,36.262399310648405,9845.41731022269,0,0
exp_034,79,s1,s2,0.07323001073165125,0,3.052678214251169,44.19258229583885,5494.781910541393,0,0
exp_034,80,s1,s2,0.21331402362963794,0,3.915868558845628,79.8557897567032,12016.563687448439,0,0
exp_034,81,s1,s2,0.14531719968555049,0,1.9322478978370616,63.63340715114687,9067.405538411149,0,0
exp_034,82,s1,s2,0.002452413575650965,0,2.803546217593866,136.40554151737558,14885.56604843565,0,0
exp_034,83,s1,s2,0.1433173919051528,0,3.2339519986488257,69.36749892614485,7708.391648379551,0,0
exp_034,84,s1,s2,0.027934181010828632,0,3.329993027818655,90.34637838833292,9999.80176071375,0,0
exp_034,85,s1,s2,0.11070605715595024,0,3.188730399438229,9.94819088226999,8501.001382111897,0,0
exp_034,86,s1,s2,0.03873389446990754,0,2.466969339861024,25.888138897880374,11600.301106300229,0,0
exp_034,87,s1,s2,0.02510850238252606,0,2.1401375308494055,97.94936910040559,5226.6532106900995,0,0
exp_034,88,s1,s2,0.2559767960193206,0,3.5921403142519512,147.33099745586222,13651.908131499447,0,0
exp_035,0,s1,s2,0.12123214328863917,0,2.3848881688897587,113.78765343101841,14092.607083109917,0,0
exp_035,1,s1,s2,0.06674292432613461,0,3.501721932663823,94.10358545990141,9382.092811112116,0,0
exp_035,2,s1,s2,0.12773356276701817,0,1.999975359643823,123.1649562966144,14911.42773743137,0,0
exp_035,3,s1,s2,0.06228831855692094,0,3.738161448408097,90.74535851640394,10292.3833657711,0,0
exp_035,4,s1,s2,0.12210408445754586,0,2.5496063689686213,129.4789622480326,6694.665851945295,0,0
exp_035,5,s1,s2,0.007096639502301361,0,2.9145187389529874,105.66484098170291,8077.540440643938,0,0
exp_035,6,s1,s2,0.03366019415430642,0,4.061590336913391,38.282127438533955,14541.135587405382,0,0
exp_035,7,s1,s2,0.03996621319268112,0,4.413026015122406,75.936119395382,9323.37944187686,0,0
exp_035,8,s1,s2,0.26042682977991116,0,0.8198800963396384,102.3037893917941,14715.724837342696,0,0
exp_035,9,s1,s2,0.055474594799006044,0,2.357350272029695,73.19875385509103,14951.813258283257,0,0
exp_035,10,s1,s2,0.13983171182061288,0,4.201069458105084,83.19267007517439,10468.061295144851,0,0
exp_035,11,s1,s2,0.03818309681363988,0,3.8625645966638213,142.68818090609727,10001.69229184135,0,0
exp_035,12,s1,s2,0.004620975366734956,0,3.5312775900968103,148.1956340338521,13390.68575417683,0,0
exp_035,13,s1,s2,0.12711368860601943,0,2.267852509900107,-14.50484308275717,7976.637947582136,0,0
exp_035,14,s1,s2,0.1292317608660045,0,2.828579086289095,140.39214738641923,14415.419645979666,0,0
exp_035,15,s1,s2,0.07272602866338666,0,5.454858020042945,127.57579344900387,7683.310651193254,0,0
exp_035,16,s1,s2,0.048347073563349593,0,3.676679954782002,104.07535205402135,11426.925784552184,0,0
exp_035,17,s1,s2,0.04051399977953141,0,3.724148618907639,99.42072076848302,10493.45233835053,0,0
exp_035,18,s1,s2,0.09300470684483497,0,2.009356049653713,158.63160302580863,11989.839606750345,0,0
exp_035,19,s1,s2,0.0748220050344812,0,3.9429839542607223,124.21526451063272,6842.291302719839,0,0
exp_035,20,s1,s2,0.09507551410686203,0,2.4879768716714943,110.41763360805581,10953.577798139739,0,0
exp_035,21,s1,s2,0.02484775115461073,0,2.256721921841724,80.34100917204832,7486.674861728393,0,0
exp_035,22,s1,s2,0.1722000885961444,0,3.4694875982907,107.2485012965952,5487.4485535375525,0,0
exp_035,23,s1,s2,0.15721999192642958,0,1.9413754103828738,144.06968199526605,12291.667028105845,0,0
exp_035,24,s1,s2,0.12607144223830344,0,4.907680634313979,79.44324493229946,9445.809030150653,0,0
exp_035,25,s1,s2,0.040878902027545586,0,3.959492005420122,95.93150382697763,8845.83792860218,0,0
exp_035,26,s1,s2,0.05169915565472948,0,4.420355011683399,130.42912784141961,12346.208603111565,0,0
exp_035,27,s1,s2,0.0019997350974124977,0,2.503334274253898,194.12577654080505,10240.899675544575,0,0
exp_035,28,s1,s2,0.08247680267394297,0,3.7553432176187833,126.41267996712028,11462.60944632236,0,0
exp_035,29,s1,s2,0.08299002619545165,0,2.0272817186443604,83.04617948519945,14585.77681644864,0,0
exp_035,30,s1,s2,0.06196036248347841,0,4.565425663744818,120.64146467898348,5684.104849798292,0,0
exp_035,31,s1,s2,0.19310974636076136,0,3.625233868467072,133.83586236751628,5219.827067344084,0,0
exp_035,32,s1,s2,0.07476431800533408,0,3.0746766072088283,67.28519906639528,12184.483262555224,0,0
exp_035,33,s1,s2,0.012993814209811798,0,2.5217752534793143,192.33522826639592,13115.5293067782,0,0
exp_035,34,s1,s2,0.07626879293477619,0,1.7549056102207574,39.27562195804896,13974.86520007584,0,0
exp_035,35,s1,s2,0.06030717410142216,0,2.5099421492134217,94.98115682637109,8643.246051154016,0,0
exp_035,36,s1,s2,0.18946367702465017,0,2.242481603809801,135.4196172988315,9130.566232135032,0,0
exp_035,37,s1,s2,0.021887725999299647,0,3.1142763404063176,126.45095692732386,12543.547925485487,0,0
exp_035,38,s1,s2,0.12510946348069882,0,2.69752614160753,147.87566309608988,13370.692425570705,0,0
exp_035,39,s1,s2,0.1333921982011341,0,2.3662179042104077,133.25540276288504,11485.637019356654,0,0
exp_035,40,s1,s2,0.002626789435220207,0,3.165141590043371,205.65925680004216,12257.310893630713,0,0
exp_035,41,s1,s2,0.03950613477300247,0,4.430372534022507,141.279445838945,6426.807814811876,0,0
exp_035,42,s1,s2,0.015090196902009627,0,2.4645491108703026,184.82527909534173,13892.014984609,0,0
exp_035,43,s1,s2,0.03738776109199422,0,3.120914429446538,81.54250328703742,11842.392266025807,0,0
exp_035,44,s1,s2,0.08065210710009962,0,3.2563453548805645,198.92184600680622,11926.328160990455,0,1
exp_035,45,s1,s2,0.004493189375943506,0,1.7742085148190525,72.10808774341508,5993.261386116274,0,1
exp_035,46,s1,s2,0.026669405149741816,0,2.039757931595834,61.90774515109291,13348.745062689928,0,1
exp_035,47,s1,s2,0.054320457186145345,0,1.504419423813339,-4.1089531516847355,9165.345061206146,0,1
exp_035,48,s1,s2,0.03953644741335245,0,3.636970078264083,82.18458774888367,6617.073461353562,0,1
exp_035,49,s1,s2,0.019974733102237303,0,1.122169123932778,143.0712286262278,9215.293648470271,0,1
exp_035,50,s1,s2,0.1642718663177681,0,3.0854612127533847,105.93604596186998,7349.282632907516,0,1
exp_035,51,s1,s2,0.3910588515253837,0,1.9321775309718117,77.92555687659916,9994.9670546804,0,1
exp_035,52,s1,s2,0.1292023883927958,0,3.2235191349958723,65.31794166227276,13580.779234265963,0,1
exp_035,53,s1,s2,0.030351540429565584,0,2.1603997132522097,180.99914321141395,9141.351431395817,0,1
exp_035,54,s1,s2,0.03296353054823813,0,1.5201233036236976,166.2181623258162,13309.030034615784,0,1
exp_035,55,s1,s2,0.3294284493894987,0,2.963726513700897,85.68053273836117,12288.837076721868,0,1
exp_035,56,s1,s2,0.37922538693738,0,3.3976034745453965,169.95073903585157,5263.529122295474,0,1
exp_035,57,s1,s2,0.17460637536863677,0,3.2160687540537873,157.13253429812292,6285.515978604493,0,1
exp_035,58,s1,s2,1.2216113946882037,4,11.315203715941502,99.54698324054549,7755.926166439698,0,1
exp_035,59,s1,s2,2.8234567353210855,5,24.848424211937235,33.32224951908868,5073.985281923795,1,1
exp_035,60,s1,s2,1.0714537627522298,5,17.16509562550269,31.691635734600652,14158.835343364059,0,1
exp_035,61,s1,s2,4.507923858210446,6,14.188667304564031,82.90882857519806,10817.750597777685,1,1
exp_035,62,s1,s2,5.236726607526122,3,17.94745772359047,127.1377593725119,7212.290617753164,1,1
exp_035,63,s1,s2,0.40994778185295594,4,18.386458659465294,61.02348598937712,6503.638903358227,0,1
exp_035,64,s1,s2,4.009911232656514,2,15.46423909393101,110.3064984115537,8201.72290621358,1,1
exp_035,65,s1,s2,0.9636066037907015,7,9.415962817802422,184.4955997465998,10673.096308415861,0,1
exp_035,66,s1,s2,0.6569131356548026,4,15.363697425200392,152.9900016406824,13667.837779383459,0,1
exp_035,67,s1,s2,0.7613439815298797,1,14.948693379719385,128.8964113042665,10300.246368249504,0,1
exp_035,68,s1,s2,0.35054259693850787,7,9.82890409692793,114.0674946549467,7585.960386306771,0,1
exp_035,69,s1,s2,1.130454680884523,5,8.928758548716946,179.047983494091,6885.221111084667,0,1
exp_036,0,s1,s2,0.11822016135455836,0,4.837942029992275,121.10718460976314,14982.51790186256,0,0
exp_036,1,s1,s2,0.04441192233669795,0,2.7512765759174673,141.7494713689293,11894.117084305128,0,0
exp_036,2,s1,s2,0.0911932568770838,0,2.955372376933558,91.72105137162028,12458.010487660107,0,0
exp_036,3,s1,s2,0.018965485258937077,0,1.4517383317691648,138.80436864312824,12969.92623979072,0,0
exp_036,4,s1,s2,0.1601450640799664,0,3.1382252365018406,176.64891237655422,7845.667100798517,0,0
exp_036,5,s1,s2,0.16578093946258965,0,2.4108209503023534,56.01630932926816,6839.477061606216,0,0
exp_036,6,s1,s2,0.11215027692662541,0,4.083392143583352,166.14866541727716,9156.014668646678,0,0
exp_036,7,s1,s2,0.010555054171322608,0,3.0166209813624136,144.1991580234834,9069.721949110915,0,0
exp_036,8,s1,s2,0.08887361047288717,0,2.681819282473317,86.69916522198265,9055.252214579436,0,0
exp_036,9,s1,s2,0.025776177452196236,0,3.4277689443506114,86.06605485802214,10307.59177185825,0,0
exp_036,10,s1,s2,0.06606200973919649,0,3.26617786520418,105.58470650533376,6121.985644705641,0,0
exp_036,11,s1,s2,0.17929676013814422,0,1.9020736369329536,113.03530809856376,7971.493186889917,0,0
exp_036,12,s1,s2,0.06584779954220638,0,1.9297445599855838,139.74630088369724,10348.788154675898,0,0
exp_036,13,s1,s2,0.1154140730484889,0,4.103083278293367,92.2122345708395,13694.591028404044,0,0
exp_036,14,s1,s2,0.06361833078516264,0,4.662777289179469,165.05483467328108,9764.457362938287,0,0
exp_036,15,s1,s2,0.013339804521927867,0,3.2775246844762953,87.01610182462355,13679.111317392613,0,0
exp_036,16,s1,s2,0.11205467124824726,0,4.002809751955141,184.29350761107617,7029.258857019882,0,0
exp_036,17,s1,s2,0.055905467084589634,0,3.3582345940144527,194.1905515592401,5185.803340550991,0,0
exp_036,18,s1,s2,0.30695253631059466,0,2.523024140045941,134.34234885318597,11164.589351662962,0,0
exp_036,19,s1,s2,0.2567063579320772,0,3.006924721043714,53.828539713930375,9562.430258462946,0,0
exp_036,20,s1,s2,0.05279802690451302,0,2.6096958508883006,154.87113437113535,5636.633332410076,0,0
exp_036,21,s1,s2,0.006810513224866648,0,2.8968719376486245,74.04871405409257,12184.0627769836,0,0
exp_036,22,s1,s2,0.022780748799115166,0,4.358357166430605,153.171786093373,7552.021240155979,0,0
exp_036,23,s1,s2,0.09176858447432842,0,2.6483257571562286,197.36521144448378,8367.16597280095,0,0
exp_036,24,s1,s2,0.09653537561491293,0,2.9444094768007285,118.15492163305191,8917.350962851211,0,0
exp_036,25,s1,s2,0.06241191942182726,0,3.098824045016432,60.61208711897804,8286.973872172635,0,0
exp_036,26,s1,s2,0.012945072682786628,0,2.8663240853451883,99.54586029521568,9017.85245162759,0,0
exp_036,27,s1,s2,0.011175342675612024,0,1.242576629597245,115.5519532684039,9935.774386721821,0,0
exp_036,28,s1,s2,0.057382101772658504,0,3.919186153676953,47.03296563625867,6264.909593202542,0,0
exp_036,29,s1,s2,0.005453304426318238,0,3.7164302036574,157.7866356060446,9985.261241463979,0,0
exp_036,30,s1,s2,0.06307166994142195,0,0.12422657237172485,94.0895777214527,8928.922958311792,0,0
exp_036,31,s1,s2,0.06925285777063907,0,4.924838362079866,114.30079038173125,12112.071607340225,0,0
exp_036,32,s1,s2,0.047421902979969614,0,1.2043867793576832,38.541448324084136,10365.357736257103,0,0
exp_036,33,s1,s2,0.06039530071141633,0,3.3323463714720036,132.97008949242476,13986.563837544456,0,0
exp_036,34,s1,s2,0.12349028840261643,0,3.0780777138959894,113.54606713537207,14635.501381630547,0,0
exp_036,35,s1,s2,0.01721770551805857,0,3.1076034362229508,69.57040972153608,14834.932057997748,0,0
exp_036,36,s1,s2,0.05406067919314526,0,3.1105491195521306,26.11139461233415,11487.986245788887,0,0
exp_036,37,s1,s2,0.0378597344118505,0,2.693005954116598,129.236267351797,8267.236831445984,0,0
exp_036,38,s1,s2,0.04644848449083039,0,2.156403387468287,88.87174646142934,12619.628388892892,0,0
exp_036,39,s1,s2,0.04546646962670139,0,3.1795233015374613,192.44693092809294,8895.276083725534,0,0
exp_036,40,s1,s2,0.07308867070402096,0,4.056041606458555,24.52241887650226,5929.8027644479125,0,0
exp_036,41,s1,s2,0.09705426167665406,0,5.142711034464186,171.97989637150675,9265.69004711536,0,0
exp_036,42,s1,s2,0.0075032034021599555,0,3.2445980696492174,143.17070357808052,6157.132995689696,0,0
exp_036,43,s1,s2,0.07152508294289565,0,2.282441360799947,99.77591018116043,11068.597036029474,0,0
exp_036,44,s1,s2,0.16519613479676964,0,2.2265850733849843,132.4186388854895,13622.925295542114,0,0
exp_036,45,s1,s2,0.041937464726703344,0,5.527010418328605,82.05868145282253,7476.500984746047,0,0
exp_036,46,s1,s2,0.14756948678604284,0,2.8877362328087024,101.47811434360507,11083.685906962359,0,0
exp_036,47,s1,s2,0.06762472609060192,0,2.6934069253216175,129.3425769392434,10410.709207986163,0,0
exp_036,48,s1,s2,0.03805317536354563,0,4.142054592352247,73.62013287104746,9984.07542713205,0,0
exp_036,49,s1,s2,0.050513942307657406,0,3.017183850385528,136.20375253721522,9674.105002574648,0,0
exp_036,50,s1,s2,0.11160669446124433,0,2.1437118763397196,41.65410993142784,14320.458362386227,0,0
exp_036,51,s1,s2,0.11348505714547946,0,2.4543446056374156,138.93413728628948,10437.90189929872,0,0
exp_036,52,s1,s2,0.35542180448312366,0,2.0975852792558745,75.90678422576384,10108.86008224664,0,0
exp_036,53,s1,s2,0.04907307005075954,0,3.0263412887474352,109.42394955447435,12746.76768373454,0,0
exp_036,54,s1,s2,0.1959267550078384,0,2.889616819353965,102.43340215813762,6576.342317168178,0,0
exp_036,55,s1,s2,0.007363490530744393,0,1.5956835833038305,70.8139677155287,5646.04648086321,0,0
exp_036,56,s1,s2,0.07547313306043268,0,3.8601507958725465,67.06839595224848,5080.5262162528115,0,0
exp_036,57,s1,s2,0.18485015896749418,0,3.2163054112483165,105.82828284076679,7090.712853003492,0,0
exp_036,58,s1,s2,0.5215000310070558,0,3.74627759361041,145.0395587014151,8610.905789952927,0,0
exp_036,59,s1,s2,0.078916808075853,0,4.194148148013126,176.3654112097299,12049.846384775807,0,0
exp_036,60,s1,s2,0.008597381262219752,0,2.109168319869218,2.5810746633924353,7606.292978749665,0,0
exp_036,61,s1,s2,0.018949998448907046,0,2.6451492686481846,52.0542954997006,9934.417005625659,0,0
exp_036,62,s1,s2,0.006504685313949852,0,2.229773016889858,127.17621662750139,11038.00768012189,0,0
exp_036,63,s1,s2,0.07544375358961908,0,4.125679932123462,112.15515291642072,6550.942708607095,0,0
exp_036,64,s1,s2,0.0015333489073004892,0,2.3797357033323214,114.68736758369994,6154.336399835092,0,0
exp_036,65,s1,s2,0.1365240463751589,0,3.7837313967528776,30.095099265906246,14174.069260927485,0,0
exp_036,66,s1,s2,0.03804913618266823,0,2.712415852407903,89.66227982853644,6304.623614197261,0,0
exp_036,67,s1,s2,0.006424277327937957,0,2.8622141388077194,58.21993796561272,8208.650450239697,0,0
exp_036,68,s1,s2,0.12260848650098928,0,3.318159327409885,120.68239491411867,10306.372566656522,0,0
exp_036,69,s1,s2,0.01080776662510836,0,2.0903678272552977,169.55212375279726,5856.503939154102,0,0
exp_036,70,s1,s2,0.18481165559201182,0,1.861217063023787,67.30514528840177,13714.520646188432,0,0
exp_037,0,s1,s2,0.29612093721406724,0,1.149506147929902,55.69347085020974,11838.472081316877,0,0
exp_037,1,s1,s2,0.16479560081653322,0,3.4073056154421533,81.88059255796874,5578.524909990914,0,0
exp_037,2,s1,s2,0.0006414279654435889,0,2.3798287244483265,101.61154829484957,14971.75684049713,0,0
exp_037,3,s1,s2,0.13661437740825375,0,2.551487755058996,126.40557609150224,6054.494342363577,0,0
exp_037,4,s1,s2,0.07237815430073773,0,3.6349406734850636,162.71396214794373,11310.59331518171,0,0
exp_037,5,s1,s2,0.14150893199599762,0,3.6870795966389416,41.93930936090779,8921.106691353572,0,0
exp_037,6,s1,s2,0.007230565841153886,0,3.592574154073069,69.98293395569206,13959.30698080457,0,0
exp_037,7,s1,s2,0.033243094977214414,0,3.1371090596042865,116.69342497207452,14570.301050431603,0,0
exp_037,8,s1,s2,0.19939920589296206,0,2.2219645239296124,83.97660505885091,9990.567948601378,0,0
exp_037,9,s1,s2,0.0027179845955510123,0,2.5668728979561966,71.55867281023477,11656.465961444752,0,0
exp_037,10,s1,s2,0.07130998659806384,0,3.5835680383647954,10.989283741694756,6252.026488883673,0,0
exp_037,11,s1,s2,0.14093915670049256,0,2.058927261459743,135.19265819744672,11063.915557763068,0,0
exp_037,12,s1,s2,0.0699774300082171,0,2.8857259450631294,88.68871151761945,14994.827040238524,0,0
exp_037,13,s1,s2,0.010484471660593818,0,4.1971486883706355,101.09856085919745,8006.518730051639,0,0
exp_037,14,s1,s2,0.030206317185696427,0,2.6715619759903593,132.88191392809352,11514.93311252792,0,0
exp_037,15,s1,s2,0.13482781589872309,0,3.5680320125884,154.84377928822354,13954.635577589735,0,0
exp_037,16,s1,s2,0.23617475379760486,0,3.621172632278607,54.83858593462007,5751.284416438185,0,0
exp_037,17,s1,s2,0.03826712647206944,0,4.262276444609258,52.26971159842396,10713.184357861273,0,0
exp_037,18,s1,s2,0.011374155314919566,0,4.929020690396904,136.74453644674554,13815.172573136297,0,0
exp_037,19,s1,s2,0.007266278569798757,0,4.041676189969669,44.65993370077034,5343.316358718119,0,0
exp_037,20,s1,s2,0.022759526572917882,0,3.668801511676504,44.44054501541,7859.606794754474,0,0
exp_037,21,s1,s2,0.09152803980836632,0,2.660879287147539,-2.6558986017044095,7006.739021010029,0,0
exp_037,22,s1,s2,0.0015844880029844601,0,2.115287800065829,28.769670629204256,10643.671729184754,0,0
exp_037,23,s1,s2,0.28835944624800575,0,2.532465515681381,105.85612576615503,11480.810748157035,0,0
exp_037,24,s1,s2,0.012522661554684789,0,2.9222766005462306,214.04470675128889,11026.344867524884,0,0
exp_037,25,s1,s2,0.11339806204255382,0,3.2923229604207336,121.01786553888252,10753.778193299906,0,0
exp_037,26,s1,s2,0.17407754889197208,0,3.3496652708961574,71.17605658691933,14785.963339129832,0,0
exp_037,27,s1,s2,0.01240970887545579,0,2.312682856960069,94.63841643435765,12765.319427707898,0,0
exp_037,28,s1,s2,0.29702344382592766,0,0.385258007200008,98.54660701755917,14077.19023250521,0,0
exp_037,29,s1,s2,0.014316437179367826,0,2.7578440552974586,143.95149495634476,10594.064123578974,0,0
exp_037,30,s1,s2,0.07513953517709476,0,3.5795401132418987,107.60133901335014,14511.270322673778,0,0
exp_037,31,s1,s2,0.17787342696251066,0,2.433852455379181,47.55294692788099,9878.248502545446,0,0
exp_037,32,s1,s2,0.23587421898682026,0,3.424916265490368,100.92848143581786,14838.411716692159,0,0
exp_037,33,s1,s2,0.09127576292955347,0,3.4220829036826554,147.03601117436247,13451.33525520495,0,0
exp_037,34,s1,s2,0.008627171801186547,0,1.7676948163922757,129.30404252625655,6160.63650650674,0,0
exp_037,35,s1,s2,0.22337239185743896,0,1.7118601017602255,135.0711251460536,8867.822977401485,0,0
exp_037,36,s1,s2,0.3622213648004536,0,2.9624837875451453,106.8457609958736,11954.181659859247,0,0
exp_037,37,s1,s2,0.12471467451756871,0,3.8853993762958563,32.679890051432714,8937.054229290045,0,0
exp_037,38,s1,s2,0.07455858389627575,0,0.8693014094177403,156.19685991560019,9638.940204404267,0,0
exp_037,39,s1,s2,0.023362613704015173,0,4.404341457675411,129.18836625760488,9297.412041232745,0,0
exp_037,40,s1,s2,0.38022760932720284,0,3.1258918965464835,68.74092580981656,10836.00773443762,0,0
exp_037,41,s1,s2,0.0036971374360793828,0,3.232405213653683,92.10794001526929,10445.140446092139,0,0
exp_037,42,s1,s2,0.0573385437113892,0,3.9372865549652682,89.79752219809326,8670.311756215859,0,0
exp_038,0,s1,s2,0.1000430147831656,0,3.60670517168112,79.40521324365594,10104.271961272194,0,0
exp_038,1,s1,s2,0.047995829769206994,0,4.5785639075166955,141.203090626456,10938.298741151422,0,0
exp_038,2,s1,s2,0.2528801432023657,0,3.896782430558938,115.16243635636522,10869.584351538735,0,0
exp_038,3,s1,s2,0.0399999432757337,0,2.1388681037734925,103.3616493154737,7301.7463389579425,0,0
exp_038,4,s1,s2,0.14534246634250345,0,2.014543212212719,123.85849545949138,9380.151762580812,0,0
exp_038,5,s1,s2,0.015314209553805611,0,4.128373459939224,181.3246146482192,9727.766456468498,0,0
exp_038,6,s1,s2,0.032605515503964864,0,4.270049296415005,80.09408566340882,12615.508155461024,0,0
exp_038,7,s1,s2,0.13425037794366265,0,2.3890213151029287,121.43092457539052,5990.964503624316,0,0
exp_038,8,s1,s2,0.19768750101119192,0,3.4894600832911244,145.50933071882287,11059.057453155381,0,0
exp_038,9,s1,s2,0.045708220199056904,0,3.6868592573272023,43.48071902321814,14130.346380824769,0,0
exp_038,10,s1,s2,0.057446956869069435,0,1.9228930528244648,53.77237806277703,5237.0524289974865,0,0
exp_038,11,s1,s2,0.07346292307733422,0,3.2508661136981676,141.14788988838038,9814.464104827508,0,0
exp_038,12,s1,s2,0.4651948153377922,0,3.8275431521494214,94.75498727030637,12618.448087837349,0,0
exp_038,13,s1,s2,0.04019389701034308,0,0.5813352376877154,103.20149775192463,6362.232741659649,0,0
exp_038,14,s1,s2,0.044124760594063284,0,3.2985807512008556,122.98563162694991,7775.81074301662,0,0
exp_038,15,s1,s2,0.045872873142088856,0,1.6940367200475874,190.66187249808328,10030.44116364563,0,0
exp_038,16,s1,s2,0.11978860697890314,0,1.6284266198386637,92.73244760437031,10205.739373148293,0,0
exp_038,17,s1,s2,0.04402401570256153,0,2.0059387578036194,39.4900077203627,9390.022174900058,0,0
exp_038,18,s1,s2,0.2176949792744027,0,3.8656796520460586,160.34552449304488,9712.602108817335,0,0
exp_038,19,s1,s2,0.0001831623548428332,0,4.0582732079795925,73.06111130307211,8881.709095177397,0,0
exp_038,20,s1,s2,0.08296982708975965,0,2.645190942132178,109.36215111680688,10985.476179800979,0,0
exp_038,21,s1,s2,0.019681039591379373,0,3.1722079719856855,63.39037448428505,7328.982347992329,0,0
exp_038,22,s1,s2,0.030654673948012152,0,1.4334715038775956,180.50435513407726,6908.005996302896,0,0
exp_038,23,s1,s2,0.060133050551191704,0,2.8776901178138887,111.99433430795717,8334.196955153477,0,0
exp_038,24,s1,s2,0.013502957333362953,0,4.303985992110907,41.60939099489437,7721.550150962677,0,0
exp_038,25,s1,s2,0.0006848407669748447,0,2.4183795395087646,-0.2709974017311101,10663.560374207093,0,0
exp_038,26,s1,s2,0.11514597512802605,0,2.950434852631871,64.09649517573611,7663.624626840185,0,0
exp_038,27,s1,s2,0.2955926453618641,0,2.231990764956534,86.5459345831248,5414.914907715711,0,0
exp_038,28,s1,s2,0.03084371603236328,0,3.4961500556408525,46.82085166346751,13469.665417076332,0,0
exp_038,29,s1,s2,0.037477883995291304,0,4.609133186820746,127.17627956008464,8984.876891393349,0,0
exp_038,30,s1,s2,0.006862752181177359,0,3.4122871338764202,85.4263191171813,13244.80266254895,0,0
exp_038,31,s1,s2,0.009050751280073715,0,3.711834883077215,63.497720308675085,9858.9823198882,0,0
exp_038,32,s1,s2,0.14269789971397748,0,2.3688856949339905,129.58025009743636,10584.49200679989,0,0
exp_038,33,s1,s2,0.012001980446793157,0,4.40140368904455,39.17300574808713,8301.276879287716,0,0
exp_038,34,s1,s2,0.10693206942339782,0,3.8204752550604195,52.668237988795326,8595.89573919929,0,0
exp_038,35,s1,s2,0.1562942144625043,0,2.64348469198022,53.077929811494315,9639.324537746841,0,0
exp_038,36,s1,s2,0.055137946761090864,0,1.3154555184791634,-2.0942839703322003,14888.035252326512,0,0
exp_038,37,s1,s2,0.021462630533887007,0,3.293939848286231,176.24335222049118,9136.284181098541,0,0
exp_038,38,s1,s2,0.1003835115910255,0,2.8900827307970482,158.23936624130835,13648.013689610676,0,0
exp_038,39,s1,s2,0.009849340936284846,0,1.6884003542800896,160.18021973909515,8867.15327272164,0,0
exp_038,40,s1,s2,0.08463444005179373,0,0.6439176197021643,79.98754316735263,8083.234218197314,0,0
exp_038,41,s1,s2,0.09631604097163374,0,0.9616945901325296,103.21834235706453,7049.610188775588,0,0
exp_038,42,s1,s2,0.14892940921295497,0,2.401545948854493,131.33441126673273,7616.490132446003,0,0
exp_038,43,s1,s2,0.027330987899562953,0,3.2772869063531025,119.44989727422063,5745.735232499806,0,0
exp_038,44,s1,s2,0.17877631640658154,0,2.7760741750830515,174.22419614492264,8214.141010200077,0,0
exp_038,45,s1,s2,0.21332292079264487,0,1.7092897067856287,149.57113061182648,9631.958779654482,0,0
exp_038,46,s1,s2,0.21328441940341883,0,3.276882041390418,135.06217713975053,12325.558607170338,0,0
exp_038,47,s1,s2,0.00400908381602269,0,4.603103603190312,144.3629747280748,5203.771470802317,0,0
exp_038,48,s1,s2,0.1856995756667957,0,3.445017597901419,146.48748536638098,10806.958197501985,0,0
exp_038,49,s1,s2,0.18523121758987682,0,3.917529268691118,66.18455727549181,8145.207676682033,0,0
exp_038,50,s1,s2,0.15486088075637447,0,1.9916688238753144,93.55786601263327,8815.198603059906,0,0
exp_038,51,s1,s2,0.026591181138027845,0,3.378473816656591,113.89620974883864,14271.291194325038,0,0
exp_038,52,s1,s2,0.19237800425524368,0,3.639558565501344,132.75015673097252,6312.903941046132,0,0
exp_038,53,s1,s2,0.10847366972882085,0,3.9232698905454546,94.51911701780092,11954.083623956674,0,0
exp_038,54,s1,s2,0.3015680653506317,0,4.574600810527747,40.2562482081271,13800.566733340838,0,0
exp_038,55,s1,s2,0.029380386338722215,0,3.0219085909224477,75.765085430587,9711.120202722414,0,0
exp_038,56,s1,s2,0.036657115341501775,0,3.3624245246135684,127.17574206487838,13581.163831992466,0,0
exp_038,57,s1,s2,0.0176509232497469,0,1.8565164963817373,119.47014802944632,14957.803944681345,0,0
exp_038,58,s1,s2,0.0751462082645389,0,2.780555895853427,110.64114970754513,11660.962177579213,0,0
exp_038,59,s1,s2,0.2437462513437569,0,1.1771154090304854,113.80827241105166,6274.218279575865,0,0
exp_038,60,s1,s2,0.03508983253992178,0,4.349172979072771,53.37424349996843,6786.21407029602,0,0
exp_038,61,s1,s2,0.011216679895969823,0,2.180320383461062,-12.069479362700397,11283.85052217505,0,0
exp_038,62,s1,s2,0.12293976310311885,0,2.667771333246877,130.63999032394878,10286.07822691929,0,0
exp_038,63,s1,s2,0.045577053292020775,0,2.1429320702535657,183.68762490006358,11616.048816209097,0,0
exp_038,64,s1,s2,0.3065855909778789,0,2.179295114086509,59.27747053924742,6862.322047642138,0,0
exp_038,65,s1,s2,0.12873064070758183,0,2.1306176348101222,170.35424167612175,6491.860340634647,0,0
exp_038,66,s1,s2,0.08965489312507285,0,3.551746554869301,86.04699268913951,9414.043998764748,0,0
exp_038,67,s1,s2,0.03462296359443812,0,1.951418687858147,112.7888782142636,10615.490728028784,0,0
exp_038,68,s1,s2,0.005774721146227169,0,3.666259684096563,218.0479841480333,10207.659821389716,0,0
exp_038,69,s1,s2,0.11525334129607073,0,2.9473958523239534,70.245414555636,9440.386630403746,0,0
exp_038,70,s1,s2,0.06157833350835258,0,2.1572960063392532,181.8722407941357,10117.265243245136,0,0
exp_038,71,s1,s2,0.14371410430691875,0,3.4652161576810996,69.76414599688266,5703.307826844396,0,0
exp_038,72,s1,s2,0.06603112514640579,0,2.22202996691039,130.62689293127727,12709.156460354234,0,0
exp_038,73,s1,s2,0.01824965804205879,0,2.8528085446202023,170.8936109736539,11846.383318631068,0,0
exp_038,74,s1,s2,0.24938237900010482,0,1.5696763342694529,75.47452648854643,13671.640966176768,0,0
exp_038,75,s1,s2,0.017627982260771502,0,3.6632287819725002,110.30100700721735,11743.967115353056,0,0
exp_038,76,s1,s2,0.02177594285638662,0,2.538732922981304,67.62342616786462,8914.068328565783,0,0
exp_038,77,s1,s2,0.017335273540412616,0,2.442789961518095,158.03706680044712,14360.867359127264,0,0
exp_038,78,s1,s2,0.1848271816273813,0,2.732489743233463,126.60807826224084,10737.315438221902,0,0
exp_038,79,s1,s2,0.03877964001792119,0,3.6413834996027723,27.213605416395914,13179.95380599782,0,0
exp_038,80,s1,s2,0.009827214884613099,0,2.128157467561758,66.85028947575795,12983.501731560642,0,0
exp_038,81,s1,s2,0.27086314663874395,0,2.797304893181075,64.75454744287882,14145.090427186567,0,0
exp_038,82,s1,s2,0.04225678607839217,0,2.441832402579407,114.86235054652892,9443.875316121423,0,0
exp_038,83,s1,s2,0.06997706183591362,0,2.1921733303564315,149.28319393739983,7641.885725505271,0,0
exp_038,84,s1,s2,0.036092348507326975,0,4.035893296970893,107.67220251385763,13309.413964613068,0,0
exp_038,85,s1,s2,0.005969231648483044,0,4.457260235849736,76.76001712402453,5815.110360339431,0,0
exp_038,86,s1,s2,0.004123841483300031,0,4.2021341870824465,55.557830567144286,10217.564375721147,0,0
exp_038,87,s1,s2,0.053957130122973845,0,3.57323237312721,133.64408106525414,12860.432097339646,0,0
exp_038,88,s1,s2,0.06156803857632113,0,3.8655086271855903,141.24594906679962,14722.986127013362,0,0
exp_038,89,s1,s2,0.02109513379702348,0,3.121654078280215,32.65007375470957,14752.114629741514,0,0
exp_038,90,s1,s2,0.0890212452935194,0,5.032803938969554,113.30220122806338,5739.303907581566,0,0
exp_038,91,s1,s2,0.16893155270507265,0,1.9539157798084306,123.36442890858379,11307.154211994302,0,0
exp_038,92,s1,s2,0.09068552923812072,0,2.893099192937412,90.02059344716004,8909.416228892813,0,0
exp_038,93,s1,s2,0.028088989755443123,0,3.4328146266743387,23.806919748879075,9708.59017060439,0,0
exp_038,94,s1,s2,0.11004905967688546,0,3.1203595441134553,117.10709461955847,10820.959322825418,0,0
exp_038,95,s1,s2,0.18809808683290444,0,1.9318956544170631,121.09024027533538,8147.4869945846285,0,0
exp_038,96,s1,s2,0.13218569051557488,0,3.800032489826628,112.71245795754513,5545.80310589527,0,0
exp_038,97,s1,s2,0.08352231913919288,0,2.777755333730839,121.92866177136439,6548.766037942092,0,0
exp_038,98,s1,s2,0.04315680859449672,0,1.9798701107383312,114.04601305882922,9355.324415472462,0,0
exp_038,99,s1,s2,0.33807185580869153,0,4.815122622549463,14.966299763401647,7975.177350313947,0,0
exp_038,100,s1,s2,0.07803796802718221,0,2.896193969263418,112.50227202318187,8094.270311992908,0,0
exp_038,101,s1,s2,0.06592635649482925,0,2.904880621545891,100.14608712338169,11158.751312048398,0,0
exp_038,102,s1,s2,0.5935972572119265,0,3.897482500650872,28.648776908096394,5046.2165503400665,0,0
exp_038,103,s1,s2,0.0927166186572124,0,4.440963071323191,-25.89084115353908,10439.049674923837,0,0
exp_038,104,s1,s2,0.01947419344941288,0,3.310657374974801,175.59776553572027,7701.944594969942,0,0
exp_038,105,s1,s2,0.2770695261016342,0,3.4444367516125878,-17.06330281113346,7915.097494455817,0,0
exp_038,106,s1,s2,0.038750561402031536,0,3.9519369206494415,165.0003658782106,13779.50680584008,0,0
exp_038,107,s1,s2,0.23153419220217844,0,4.864965643565396,128.47763434324045,5109.984010704598,0,0
exp_038,108,s1,s2,0.1873032816516781,0,3.892010706901951,104.69691732218656,6813.879870312804,0,0
exp_038,109,s1,s2,0.04348603275358235,0,1.8307886672023097,31.440161884964603,5418.860304551021,0,0
exp_038,110,s1,s2,0.03271406687183147,0,3.731109144220908,79.50343210376192,8521.160071317025,0,0
exp_038,111,s1,s2,0.059278928899433404,0,2.08682727263609,85.64472338999884,14903.56757725624,0,0
exp_038,112,s1,s2,0.17476958329695585,0,1.4635904887597804,232.99979690494186,11492.547254630092,0,0
exp_038,113,s1,s2,0.039516505899262366,0,2.8794768093931533,71.67666264939997,14839.775774078607,0,0
exp_038,114,s1,s2,0.02013170003449368,0,2.750569261581112,100.70303685939791,6220.315151785848,0,0
exp_038,115,s1,s2,0.0884771959559331,0,3.5593208304666297,86.03463862061598,9061.697659572348,0,0
exp_038,116,s1,s2,0.023323630868750694,0,4.419690661246281,110.97152446261461,5194.196961973948,0,0
exp_038,117,s1,s2,0.07042488135398224,0,2.6808942602161254,111.00523290774908,14027.985189331455,0,0
exp_038,118,s1,s2,0.030722841014786124,0,3.323257932240746,40.35139952078125,6750.311458180289,0,0
exp_038,119,s1,s2,0.1138501969088194,0,2.0042752335102954,98.73660393126707,14124.90134582048,0,0
exp_038,120,s1,s2,0.11184234704893428,0,0.8436654225446247,139.46237430372844,6348.599046704717,0,0
exp_038,121,s1,s2,0.1229353421329926,0,2.763674113865148,109.90496041790199,9945.676245381424,0,0
exp_038,122,s1,s2,0.06632897568762217,0,4.161275244453249,69.88099191608393,5995.29783806847,0,0
exp_038,123,s1,s2,0.022943734684924402,0,3.714652771537792,79.66790905679503,12458.102440761548,0,0
exp_038,124,s1,s2,0.00882545456534308,0,3.8466506885827534,158.15428559741167,7817.242736003297,0,0
exp_038,125,s1,s2,0.0015581538836946932,0,2.6810275146967943,75.45526319669254,13166.22366152305,0,0
exp_038,126,s1,s2,0.06260734244253179,0,3.7782916252584764,76.01185920976607,6167.24840410757,0,0
exp_038,127,s1,s2,0.0036785900987770567,0,1.3859538749443856,155.34844338374575,8294.256866626472,0,0
exp_038,128,s1,s2,0.11622174411511565,0,2.5547976494627207,143.82609026305676,8250.138220225008,0,0
exp_038,129,s1,s2,0.07632500377654361,0,1.871964577691337,129.08110065399538,14126.791529118726,0,0
exp_038,130,s1,s2,0.10625210552670644,0,3.7805672808206303,112.0853871299344,14072.650805944771,0,0
exp_038,131,s1,s2,0.014566195197267623,0,3.4203784290865347,71.52064456037543,14568.799455439705,0,0
exp_038,132,s1,s2,0.10981534294994061,0,4.705956890242726,58.77070140619228,7288.115763565388,0,0
exp_038,133,s1,s2,0.6197898390343701,0,3.7238463732552614,94.22222230666127,9307.980528637749,0,0
exp_039,0,s1,s2,0.2550119582358579,0,2.774012650488711,146.1589152811459,5383.07221991451,0,0
exp_039,1,s1,s2,0.004971282703056343,0,3.8498886462208914,28.88699088949155,10841.946353345618,0,0
exp_039,2,s1,s2,0.1004651528768545,0,2.718461389842619,60.43752351162161,6548.599975215818,0,0
exp_039,3,s1,s2,0.007830759327879157,0,4.110445944189299,124.82004984893474,12526.266574342824,0,0
exp_039,4,s1,s2,0.16984865192179455,0,4.21454744200496,142.79682293500372,7717.787742083014,0,0
exp_039,5,s1,s2,0.49629938300251397,0,2.4661227843264744,70.37705621082881,7889.218318158469,0,0
exp_039,6,s1,s2,0.3702265857815618,0,3.3559512148443265,214.48731922366676,14706.208456868457,0,0
exp_039,7,s1,s2,0.11894875666358046,0,2.850213782879898,118.15610080927236,8337.747922695657,0,0
exp_039,8,s1,s2,0.19291239871404142,0,3.7974841151321668,100.69893118098425,8367.92788725813,0,0
exp_039,9,s1,s2,0.1258636347554989,0,5.3138872734260305,84.3754326080183,10043.724931391522,0,0
exp_039,10,s1,s2,0.3414757426051437,0,1.9213480075489158,141.66278162993765,14096.769219050846,0,0
exp_039,11,s1,s2,0.03481821644087784,0,2.1948680116140795,87.00917330535482,13999.665197961907,0,0
exp_039,12,s1,s2,0.03370292242290233,0,3.3078438329171895,91.17031531013133,13055.268624050334,0,0
exp_039,13,s1,s2,0.01520782372599246,0,3.1977153746579194,106.44616562749889,5785.112182107439,0,0
exp_039,14,s1,s2,0.17441986026472314,0,4.969340336819593,127.59681699415361,9928.54338904937,0,0
exp_039,15,s1,s2,0.11966764373533734,0,2.951586740787933,74.72899824725287,6509.649931302949,0,0
exp_039,16,s1,s2,0.1734855326036222,0,2.531842325152422,4.984958279131623,9287.507412983116,0,0
exp_039,17,s1,s2,0.14806136810007967,0,4.474971431581151,95.18762270274824,5735.082768026752,0,0
exp_039,18,s1,s2,0.021269083170786664,0,3.6445848930713156,103.71494813873572,5747.578467217803,0,0
exp_039,19,s1,s2,0.004403989156533694,0,3.4147005139839455,49.54819181657514,8989.929166702472,0,0
exp_039,20,s1,s2,0.17461307509819907,0,3.9256766356107624,26.966480874100462,11851.726903015473,0,0
exp_039,21,s1,s2,0.013262128571322718,0,2.836367004350065,122.84316281842308,12131.68763000283,0,0
exp_039,22,s1,s2,0.07427739043379794,0,3.540344914536417,78.36597507486879,13182.380281919299,0,0
exp_039,23,s1,s2,0.05043000515622618,0,1.471658417837119,127.95974953543333,11898.516287463015,0,0
exp_039,24,s1,s2,0.036965425860179715,0,2.5677671476676247,126.31180009260001,5148.0342281846415,0,0
exp_039,25,s1,s2,0.03126690523867902,0,3.0371932786206695,30.665211286621908,7037.032916565763,0,0
exp_039,26,s1,s2,0.14404966012093304,0,3.801850482250719,49.90000909120326,10784.709230137241,0,0
exp_039,27,s1,s2,0.4286706016515625,0,2.3974161868192927,168.98750319388412,12532.767271313036,0,0
exp_039,28,s1,s2,0.3139037839983346,0,3.0335420938248028,78.91726164032232,7179.9830438843455,0,0
exp_039,29,s1,s2,0.08161656076980726,0,5.451698675901089,45.7152134001679,10509.622214187242,0,0
exp_039,30,s1,s2,0.32215553909149164,0,4.180428357247935,108.89605050395788,8198.202868008466,0,0
exp_039,31,s1,s2,0.05764326066897028,0,1.219896762877082,88.09901899415215,8797.902614779552,0,0
exp_039,32,s1,s2,0.09125803226309909,0,4.849368791566663,154.34689500163495,8518.17915420141,0,0
exp_039,33,s1,s2,0.03795510395838727,0,2.015572079472444,114.96435739707695,7530.3154353213995,0,0
exp_039,34,s1,s2,0.004304084701314548,0,2.943783187871528,95.31861070156955,5195.29280296919,0,0
exp_039,35,s1,s2,0.028158150824201596,0,2.49536801081641,108.90946360109079,9367.36677794641,0,0
exp_039,36,s1,s2,0.24430983671230508,0,2.33732594806549,149.60537105757555,14248.054791916471,0,0
exp_039,37,s1,s2,0.03999500889434858,0,2.900102420733516,154.252090898653,11663.765241924038,0,0
exp_039,38,s1,s2,0.11123910143876788,0,2.448123948814203,71.89412039620302,9695.807033518258,0,0
exp_039,39,s1,s2,0.2425579510893784,0,2.9657974085687684,65.25436112219423,11378.728330734764,0,0
exp_039,40,s1,s2,0.11607832693066607,0,2.881018808550049,67.7303452705945,10838.372605023247,0,0
exp_039,41,s1,s2,0.006832759708748287,0,3.386769903030794,56.87891401322767,10216.381965906518,0,0
exp_039,42,s1,s2,0.017653273790576983,0,3.8646627678606658,103.69162898988874,5155.875847753639,0,0
exp_039,43,s1,s2,0.10289941784440336,0,2.7506321616519114,43.49998119537718,13023.43998981953,0,0
exp_039,44,s1,s2,0.03309870033040478,0,1.7467919587581286,188.63615508779426,7343.3179196600795,0,0
exp_039,45,s1,s2,0.07220552499967034,0,3.503237403877222,122.51108166113744,13465.195318772367,0,0
exp_039,46,s1,s2,0.041333269539904516,0,2.3801473716428108,131.5993566586972,12384.251012428833,0,0
exp_039,47,s1,s2,0.2963931835609876,0,2.965219930131058,85.82064198903083,11477.709884140046,0,0
exp_039,48,s1,s2,0.12099096273954785,0,1.8925392196502289,119.01509012224143,5205.225117125153,0,0
exp_039,49,s1,s2,0.1529076173147835,0,4.893452322824519,168.44422926549663,11868.871185923985,0,0
exp_039,50,s1,s2,0.05000736550094066,0,3.930037197223281,47.571376587587544,14284.686523951568,0,0
exp_039,51,s1,s2,0.11592759670890673,0,1.923068253743061,135.304706703594,10351.30200319693,0,0
exp_039,52,s1,s2,0.082673078850099,0,3.1619883436562097,85.93147322363785,6363.537951107575,0,0
exp_039,53,s1,s2,0.0974057233624766,0,2.5224552076649713,1.9114592412292186,7156.631598174139,0,0
exp_039,54,s1,s2,0.2010711029013198,0,3.618051462838173,105.98849907703742,10745.962497043296,0,0
exp_039,55,s1,s2,0.013228420565356086,0,2.286529950710733,182.77165404515597,8072.083868231905,0,0
exp_039,56,s1,s2,0.01673077821595589,0,1.986402449489267,44.98878101595706,6609.052839635004,0,0
exp_039,57,s1,s2,0.0709652412150819,0,2.812105776711361,121.50110370750856,8604.593871067516,0,0
exp_039,58,s1,s2,0.06408679639981633,0,4.333961392289332,113.32916677142093,6903.212231560176,0,0
exp_039,59,s1,s2,0.2053745547318976,0,3.8108930257545044,146.8997672545598,5868.045737146353,0,0
exp_039,60,s1,s2,0.002187828375545532,0,4.037970895704369,113.43614993914635,10844.41464140636,0,0
exp_039,61,s1,s2,0.023982550642001572,0,3.2674330349504146,72.56752189297498,12217.702773178095,0,0
exp_039,62,s1,s2,0.01893844814521696,0,2.9241632797547803,80.49396552893035,10827.18702133022,0,0
exp_040,0,s1,s2,0.09437096844210556,0,3.652472545439366,134.1213751230684,12795.78020749287,0,0
exp_040,1,s1,s2,0.044786075394601964,0,1.904763579399803,36.82979444399549,6655.711258195412,0,0
exp_040,2,s1,s2,0.04098135081991924,0,3.605304092780938,228.1749934064135,8194.273585845398,0,0
exp_040,3,s1,s2,0.13836080272775786,0,2.0019928189685436,148.87348293475887,8232.283927779175,0,0
exp_040,4,s1,s2,0.033900371619854285,0,3.3690686963855745,72.9055847299116,5462.765105152491,0,0
exp_040,5,s1,s2,0.01632020970429112,0,3.119332774450284,83.4733569956163,5444.7459841080345,0,0
exp_040,6,s1,s2,0.15438533944254798,0,2.972124653289361,143.72080739913662,13045.418010122956,0,0
exp_040,7,s1,s2,0.12255728577157719,0,3.6392714703860936,135.42143502498698,7053.67883738732,0,0
exp_040,8,s1,s2,0.06922655895850689,0,2.892635466000899,115.79634591933146,14704.870906370645,0,0
exp_040,9,s1,s2,0.087505692959932,0,5.06097649615911,74.9241768373494,13158.391711776936,0,0
exp_040,10,s1,s2,0.0501218841771696,0,3.1245704810242696,122.73239407828642,6884.144785454733,0,0
exp_040,11,s1,s2,0.028534152325011643,0,1.7929285304409512,108.6195217348812,7827.644352170794,0,0
exp_040,12,s1,s2,0.03666988003351123,0,3.6610465691847747,68.26306358148227,8322.091739787587,0,0
exp_040,13,s1,s2,0.042386076229165154,0,3.9117228856514625,94.67496082796517,11881.73032026683,0,0
exp_040,14,s1,s2,0.00637385256649278,0,3.0762735553070706,73.53325865371117,13870.605617272078,0,0
exp_040,15,s1,s2,0.0390455531503169,0,3.824773207473334,58.090543228690635,11020.913664698273,0,0
exp_040,16,s1,s2,0.08324721058616291,0,2.708649945998818,84.23396334266944,7817.877759240243,0,0
exp_040,17,s1,s2,0.023172896912108252,0,3.323471761741118,215.8476948289779,8232.512358984362,0,0
exp_040,18,s1,s2,0.21855909204436963,0,2.5752727936159454,66.80715323539924,9167.869915679561,0,0
exp_040,19,s1,s2,0.19848828077907804,0,3.4542692066677656,88.16265135980211,9629.076884047166,0,0
exp_040,20,s1,s2,0.10414855945250096,0,2.296644368708079,75.91398016453151,13694.569406580493,0,0
exp_040,21,s1,s2,0.011597911678202429,0,3.424009891929984,171.7347285377252,13611.377816788488,0,0
exp_040,22,s1,s2,0.1265204486547302,0,3.567580450655208,16.749168396924507,5130.736196054473,0,0
exp_040,23,s1,s2,0.064477299313004,0,2.858768708668645,58.85734498630831,6096.118079986772,0,0
exp_040,24,s1,s2,0.3111812416227839,0,3.868307817377632,102.42367085433787,5223.662229657659,0,0
exp_040,25,s1,s2,0.10151537462025564,0,2.3706999852446224,10.897942236491986,13730.873952146898,0,0
exp_040,26,s1,s2,0.3913078299992875,0,3.271684018267082,105.67927728817092,10623.6699862121,0,0
exp_040,27,s1,s2,0.32379639747466693,0,1.920710186143282,60.260169502312905,10720.99326050257,0,0
exp_040,28,s1,s2,0.16235339539877638,0,3.8032162702039383,145.94581966386457,8752.648757355859,0,0
exp_040,29,s1,s2,0.015040074818355101,0,3.681013287731559,59.22324614927492,6475.343390595633,0,0
exp_040,30,s1,s2,0.025224634014758315,0,2.261882307802349,93.4925637319955,7126.920607701298,0,0
exp_040,31,s1,s2,0.016224617533532253,0,3.2684633511159604,149.9044095748894,13497.05923224618,0,0
exp_040,32,s1,s2,0.2020031311808418,0,3.7645790396989405,108.82047078360684,10854.48291484623,0,0
exp_040,33,s1,s2,0.1246758802205361,0,3.8045003676773144,91.84755441266266,13241.625389120267,0,0
exp_040,34,s1,s2,0.018237729228746138,0,3.9062158832190654,108.72216680485853,12930.64493658951,0,0
exp_040,35,s1,s2,0.3284822821744199,0,2.3668414467868466,35.820067817317415,10071.918880181312,0,0
exp_040,36,s1,s2,0.026483724078981127,0,3.8159623694618667,-15.15305925852215,6913.392030013407,0,0
exp_040,37,s1,s2,0.0296639159254648,0,3.3792660472904767,66.65958335239263,8615.51926536133,0,0
exp_040,38,s1,s2,0.024880263955848112,0,2.2343010297717045,100.64945969508567,14234.066063183947,0,0
exp_040,39,s1,s2,0.03488024721185378,0,2.993749601163183,150.74837425950224,13501.504977106406,0,0
exp_040,40,s1,s2,0.02837756335822203,0,3.317850918214468,85.23010151734853,7129.238823717109,0,0
exp_040,41,s1,s2,0.13711903995970032,0,4.23983669221513,61.18138908797768,14076.462659883302,0,1
exp_040,42,s1,s2,0.39974954555711745,0,1.659352061055733,29.063098888241623,14813.877367848545,0,1
exp_040,43,s1,s2,0.19770880808287747,0,3.0910907864845925,71.7917373538011,6812.4477154843835,0,1
exp_040,44,s1,s2,0.5118087344358219,0,3.1812397780315673,44.865926120512775,11651.983700291832,0,1
exp_040,45,s1,s2,0.2765647343910534,0,2.5425132288641703,131.24268734045648,10726.239512925045,0,1
exp_040,46,s1,s2,0.30698947251645625,0,3.887282036495455,155.52494936178897,12549.010792811565,0,1
exp_040,47,s1,s2,0.03893548613073782,0,2.1009320018201167,138.57702505414508,9281.027709077534,0,1
exp_040,48,s1,s2,0.22066280060111745,0,2.9467367467860868,85.04857725565701,7668.217667390595,0,1
exp_040,49,s1,s2,0.022138212415528238,0,3.496619071279219,142.78479200515636,6126.3272041148175,0,1
exp_040,50,s1,s2,0.0682134694194088,0,1.8537572099071702,94.69413008853874,12997.627009912083,0,1
exp_040,51,s1,s2,0.04567699364372829,0,2.297713262754238,129.868965979548,8150.734616138323,0,1
exp_040,52,s1,s2,0.010000924561377763,0,3.172145408662269,125.97914138425061,6009.159835544195,0,1
exp_040,53,s1,s2,0.3565485135762965,0,3.422559977932688,72.00604372111334,5348.513616395865,0,1
exp_040,54,s1,s2,0.09796081251314478,0,1.5687281330108773,111.44637166630429,11431.461427204162,0,1
exp_040,55,s1,s2,0.09598586627620254,0,3.317384368137927,112.59626310046296,10101.04940653566,0,1
exp_040,56,s1,s2,1.684808828981583,7,21.183069349041826,117.0281097236582,13574.036800111908,1,1
exp_040,57,s1,s2,4.026727425370408,10,10.217376639340271,135.8482738615695,8003.111569225627,1,1
exp_040,58,s1,s2,7.311841812921412,3,20.804798073691156,24.898429513505484,7479.451437540812,1,1
exp_040,59,s1,s2,0.8922902849435568,5,19.23186073616393,136.12924055166027,12696.063897805245,0,1
exp_040,60,s1,s2,15.375593799057732,6,12.131887333424945,126.57571756826802,13153.620034711797,1,1
exp_040,61,s1,s2,2.383224153759798,6,20.288176599958003,-21.67696365599616,12033.130814677766,1,1
exp_040,62,s1,s2,2.9690012105038277,7,9.912071094354001,152.11688674513195,7083.974802161699,1,1
exp_040,63,s1,s2,0.030530659702230623,4,18.76151900403701,158.83363528520914,7971.308129551443,0,1
exp_040,64,s1,s2,0.31096274388897155,2,20.837656075907397,124.05675265844035,10907.680595764828,1,1
exp_040,65,s1,s2,1.3822185212920914,6,18.179869698495025,45.50919482563869,14159.540849719828,0,1
exp_040,66,s1,s2,0.43304058219377306,6,26.548418280321155,77.54790292404324,10834.965349643584,1,1
exp_040,67,s1,s2,1.172064334686008,5,11.342754661761523,164.8325047727525,10516.910461084355,0,1
exp_040,68,s1,s2,0.8231988257651935,10,13.202892142802686,87.8867864332338,7668.06675311661,0,1
exp_040,69,s1,s2,1.9185577883613367,6,10.784474496339769,115.3092816052734,12309.80525143228,0,1
exp_040,70,s1,s2,0.4891635133092997,8,13.255427994454879,52.92113747002091,6089.085333945927,0,1
exp_040,71,s1,s2,2.297786740628485,4,23.61719740387545,81.53394588163096,9015.089004745088,1,1
exp_040,72,s1,s2,0.08372468890061502,7,13.380909937375629,187.96697675309147,11802.361962831112,0,1
exp_040,73,s1,s2,2.325906149493485,7,12.42943488428186,106.81414880269689,7663.949166209697,1,1
exp_040,74,s1,s2,3.168084706385245,4,19.50369665136596,93.39520225631891,13566.151283141213,1,1
exp_040,75,s1,s2,1.3148362479173181,3,16.235390674279557,99.41387254331937,10763.430129815986,0,1
exp_040,76,s1,s2,1.0810949649578074,4,17.192046927696307,5.257037374761975,13996.926202776063,0,1
exp_040,77,s1,s2,3.801838443676824,4,8.464268666351334,170.69059111139657,11002.022080701612,1,1
exp_040,78,s1,s2,0.6098675749733644,2,18.78209025335202,130.39605755483223,7529.19413313968,0,1
exp_040,79,s1,s2,1.9381145825340438,6,13.024427986923785,134.9764002215144,13070.791562587321,0,1
exp_040,80,s1,s2,0.30164674857358664,4,19.61740178366186,187.48468066886483,11224.281520696573,0,1
exp_040,81,s1,s2,0.7359335509325986,7,12.400152542352467,154.47277061353913,12183.782847761766,0,1
exp_040,82,s1,s2,1.1606558136922394,6,17.073639754612454,125.24053118408612,8104.003019331635,0,1
exp_040,83,s1,s2,1.5925215623155213,6,18.045946656674378,12.143798991727738,11183.130813761834,0,1
exp_040,84,s1,s2,0.18150049258342804,7,13.632623359859265,109.7351216269978,7785.830472991508,0,1
exp_040,85,s1,s2,0.7530503705889546,7,8.240824344798114,143.06745110624786,6808.253311523738,0,1
exp_040,86,s1,s2,0.055361161757573114,5,5.447750080091417,48.233907414998534,9086.081399197039,0,1
exp_040,87,s1,s2,0.7500383695902629,11,31.859104072083845,84.52132869163705,5406.001019205996,1,1
exp_040,88,s1,s2,0.9353929776452172,4,27.680790504363276,121.50769047476554,8576.943625530062,1,1
exp_040,89,s1,s2,3.5947713526596266,3,15.109436456556868,161.4337907718484,9614.056338385168,1,1
exp_040,90,s1,s2,0.6817508425887288,4,18.753376973138256,104.52134220068767,10738.815907652575,0,1
exp_040,91,s1,s2,0.6975739556228215,3,20.958557679864747,108.46612974305307,14560.44687378041,1,1
exp_040,92,s1,s2,7.170032064345072,4,12.245242604764723,76.14130156768236,8623.51618709468,1,1
exp_040,93,s1,s2,6.114874472877513,6,9.162374355470961,68.12038144461864,7750.067662217714,1,1
exp_040,94,s1,s2,2.7953897918838027,2,18.323312841045666,90.00891744821122,8790.302616459803,1,1
exp_040,95,s1,s2,0.15639674557355981,6,15.855229649645198,38.761183550250465,11594.385611161038,0,1
exp_040,96,s1,s2,8.169547133256557,6,9.167056267344217,193.7759722408011,7660.960924095482,1,1
exp_040,97,s1,s2,1.452894016028619,8,18.051085744389887,105.60372658289198,13879.838539831117,0,1
exp_040,98,s1,s2,3.6659684495482896,4,8.464958594551693,-24.664575747876107,9545.434025275408,1,1
exp_040,99,s1,s2,5.755216711142049,7,4.55276609275324,102.20999591741284,5316.274506846499,1,1
exp_040,100,s1,s2,1.4187304777563625,2,14.8206727656608,171.18171781495866,10207.45361386193,0,1
exp_040,101,s1,s2,8.158616792923253,6,8.57063690747163,70.98227295355514,13392.361481137625,1,1
exp_040,102,s1,s2,1.6148556567710375,8,16.835010916232324,102.9149658824695,14743.136870052853,0,1
exp_040,103,s1,s2,0.3380187860804004,7,9.660864638610423,72.51865732569975,12192.713037887042,0,1
exp_040,104,s1,s2,1.5345651582973427,5,14.815343761374786,97.92396383541889,14203.6031391386,0,1
exp_040,105,s1,s2,1.5248523211262335,5,15.5724307920362,111.48969707772781,5623.255023840773,0,1
exp_040,106,s1,s2,1.190002533177297,4,10.442414855218937,91.13993800369944,8504.878226199127,0,1
exp_040,107,s1,s2,0.4415053298971282,6,14.605705717277543,107.19756464385242,9135.284989835933,0,1
exp_040,108,s1,s2,5.257770752377462,7,19.144862203869444,78.64884030220423,13975.58409886164,1,1
exp_040,109,s1,s2,2.355002849334989,9,16.705459633449745,163.07132313640963,12731.660158572568,1,1
exp_040,110,s1,s2,1.552176213404695,1,8.977461443618834,110.50769993003324,6871.372085978214,0,1
exp_040,111,s1,s2,1.4331076830613783,4,8.303522291922986,48.78861371819115,13663.37896958552,0,1
exp_040,112,s1,s2,1.3193464814081737,1,19.826496823569506,149.9409603624026,9177.836713132278,0,1
exp_040,113,s1,s2,0.3375684213462805,4,18.8326883937298,26.82921348149169,11481.401228647608,0,1
exp_040,114,s1,s2,6.036690011340006,4,13.476628315725995,92.52824502869312,14639.157905858297,1,1
exp_040,115,s1,s2,2.4471661871448265,3,13.718693465044826,11.066943981975385,14128.738429764635,1,1
exp_040,116,s1,s2,2.098615067853716,2,14.910701100952204,29.148763195301886,12053.090605220666,1,1
exp_040,117,s1,s2,1.6591078181817651,8,15.569727253226521,96.71475938472975,5653.064766699303,0,1
exp_040,118,s1,s2,3.945711698932813,2,7.368526751481811,23.839441543117402,7299.573843069854,1,1
exp_040,119,s1,s2,0.6068208380996355,5,22.99074552015839,105.81506675272334,5564.143066445172,1,1
exp_040,120,s1,s2,1.3730841449351603,7,18.972343097399524,98.08840265325303,5534.535478048676,0,1
exp_040,121,s1,s2,0.5480878447145874,5,14.033949995257926,144.20998084572133,7304.975175664131,0,1
exp_040,122,s1,s2,1.775289336684664,4,12.728305754054015,74.52962498432228,12966.287120673038,0,1
exp_040,123,s1,s2,0.7936460712548471,10,6.102190771661808,62.680068828312045,14995.18131415453,0,1
exp_040,124,s1,s2,2.169135103371985,2,12.743948456317673,11.76504080885843,10342.70486601912,1,1
exp_040,125,s1,s2,9.343221198781698,6,8.711043088275769,159.30911747359983,14231.323193405726,1,1
exp_040,126,s1,s2,5.375091246855662,8,5.573975744051236,75.94634215718291,13559.00763150516,1,1
exp_040,127,s1,s2,2.096778292779154,5,16.653912830485268,90.23100980360353,11875.42260552291,1,1
exp_040,128,s1,s2,3.341083035566361,6,11.265652128816331,88.0328243259399,11249.635170932159,1,1
exp_040,129,s1,s2,0.6815706913812298,8,7.521512738327987,0.12718229186166052,13091.64975974397,0,1
exp_040,130,s1,s2,0.910111418714743,2,19.324415599712164,169.62407344351735,5813.940880078941,0,1
exp_040,131,s1,s2,0.30455452290609264,3,10.983788807214381,9.32842209132273,14111.328107904566,0,1
exp_041,0,s1,s2,0.012643368441612002,0,2.3655574105681905,125.10801260131628,7528.962734903714,0,0
exp_041,1,s1,s2,0.15275908683796688,0,2.132195988722054,142.73989575203802,14409.646143463673,0,0
exp_041,2,s1,s2,0.02424349712725485,0,2.018010420157008,85.72215592468633,8205.099551596137,0,0
exp_041,3,s1,s2,0.021534716162799977,0,1.4936195849391753,164.108757980853,7950.07261243857,0,0
exp_041,4,s1,s2,0.14152420999783916,0,3.4630597561292547,28.214098294469924,6945.960928235456,0,0
exp_041,5,s1,s2,0.1254559708732648,0,4.217576311357725,125.54807287256635,5684.9707476267895,0,0
exp_041,6,s1,s2,0.023585582281647265,0,2.6344504133331887,79.59016632348896,6030.140791380507,0,0
exp_041,7,s1,s2,0.08257233756704972,0,4.124909442922837,115.29912760789318,9177.381764437627,0,0
exp_041,8,s1,s2,0.07601093576056196,0,3.016078918846284,112.40323036843954,10735.76087752016,0,0
exp_041,9,s1,s2,0.5501024882726874,0,2.9965404194397296,101.12510887799884,11349.468296029645,0,0
exp_041,10,s1,s2,0.065547094379894,0,3.2432578923788853,106.12368001721104,8096.593083732732,0,0
exp_041,11,s1,s2,0.170856881934348,0,1.7122171523073757,145.35896534187785,12972.996581819936,0,0
exp_041,12,s1,s2,0.05571017344137245,0,4.298010840085472,-16.13230944464863,13079.617307637607,0,0
exp_041,13,s1,s2,0.324102264319275,0,3.0723339360383752,153.83032404902278,10456.960755331153,0,0
exp_041,14,s1,s2,0.03297366827331216,0,3.657897393665917,97.26166516755583,12269.409439386563,0,0
exp_041,15,s1,s2,0.0011948085686117997,0,2.9524565617316436,159.91570540881577,11169.782808672586,0,0
exp_041,16,s1,s2,0.03419918562663998,0,3.4592761613048055,165.08590164863438,11948.257054559152,0,0
exp_041,17,s1,s2,0.046985938046448794,0,1.611571246943078,83.47999451096334,14480.525429208717,0,0
exp_041,18,s1,s2,0.2929139995068817,0,1.8368154915722235,136.23674096835418,12602.105221924912,0,0
exp_041,19,s1,s2,0.039345187073091,0,1.3118887781566122,77.73684884572441,9236.219177212697,0,0
exp_041,20,s1,s2,0.11373033229748906,0,4.059340302206213,134.8154674343345,10514.66684712365,0,0
exp_041,21,s1,s2,0.020045418054121175,0,4.528676869546508,79.50030209920234,11857.331015524998,0,0
exp_041,22,s1,s2,0.011638267916017608,0,2.785229227062578,25.201737736015062,8272.431290000484,0,0
exp_041,23,s1,s2,0.41342912302270396,0,2.7781937092605515,75.73443897739406,8827.22160427296,0,0
exp_041,24,s1,s2,0.06801499984953467,0,3.3643257548998737,18.302978341049247,12677.715701934723,0,0
exp_041,25,s1,s2,0.11599410827032673,0,1.014391541187316,164.7508568401188,13706.945022561538,0,0
exp_041,26,s1,s2,0.061576501192204584,0,3.9311485313724637,27.735999829510337,11921.14996586309,0,0
exp_041,27,s1,s2,0.05082792765595867,0,1.7594279088503801,118.04622481946647,7289.262912441771,0,0
exp_041,28,s1,s2,0.03192882738897512,0,2.981320765679983,209.56831479058016,12973.290857389358,0,0
exp_041,29,s1,s2,0.0063197667472026115,0,3.7680904324722295,47.31535880311899,7924.834431049262,0,0
exp_041,30,s1,s2,0.07377531560385213,0,0.74528321476489,108.45634115426705,12175.467682883338,0,0
exp_041,31,s1,s2,0.09153823492369038,0,3.3729185561408426,100.31963515433306,14400.093261873264,0,0
exp_041,32,s1,s2,0.31108254604567365,0,2.6611043250875808,126.39000582254336,8499.76030978181,0,0
exp_041,33,s1,s2,0.026273533871618522,0,1.8182117351747467,73.7910087517896,7234.538121842532,0,0
exp_041,34,s1,s2,0.028380677087979346,0,2.3601239140004706,110.54036943483125,10725.29873623784,0,0
exp_041,35,s1,s2,0.17108409154086357,0,2.426732885163849,121.90036125178246,14147.317347788052,0,0
exp_041,36,s1,s2,0.1470069009918441,0,2.976857109035049,186.28710760538914,5459.824160063722,0,0
exp_041,37,s1,s2,0.08672766363086333,0,2.222798095951758,145.07103902673984,11670.682182517874,0,0
exp_041,38,s1,s2,0.04368415325681697,0,1.0833338301381745,161.31415026628386,8037.614660177791,0,0
exp_041,39,s1,s2,0.1937348235096377,0,2.2497991003050317,161.60744850979665,9346.316416152089,0,0
exp_041,40,s1,s2,0.11766930303511147,0,3.580437191033795,148.97484448933903,10409.315806826384,0,0
exp_041,41,s1,s2,0.30875369074584735,0,2.6101701526690335,113.90050761404201,10581.390987920191,0,0
exp_041,42,s1,s2,0.05268815690219039,0,1.293243181269522,58.07559262114095,6411.859845797183,0,0
exp_041,43,s1,s2,0.04761088125195878,0,1.8717509887882176,170.4738150673175,10800.065753523651,0,0
exp_041,44,s1,s2,0.08984797825821877,0,3.8355176584902098,223.22763601109847,6169.8823568238795,0,0
exp_041,45,s1,s2,0.024648373587429964,0,3.0112654135953627,171.45203023072568,12060.76315836315,0,0
exp_041,46,s1,s2,0.08437586512794334,0,3.0653195493584686,25.071593477203034,5635.880424657866,0,0
exp_041,47,s1,s2,0.22531511234053397,0,2.326753822485346,151.23657058991276,10888.374693418313,0,0
exp_041,48,s1,s2,0.004000826452167999,0,3.2467636738559174,190.40918451980198,12249.802459988352,0,0
exp_041,49,s1,s2,0.1558575198199959,0,3.157975418565492,58.45321558369682,11499.440338816217,0,0
exp_041,50,s1,s2,0.07271565048256319,0,3.5132324756501068,72.42907503511414,14974.583288395985,0,0
exp_041,51,s1,s2,0.34825241172738347,0,2.581395470000682,170.93167821259843,8373.004978400222,0,0
exp_041,52,s1,s2,0.00710082571925303,0,1.858036405513654,86.10297954230843,7543.347135060284,0,0
exp_041,53,s1,s2,0.2224576204535718,0,3.024635552209949,42.35329497937581,11436.633672643735,0,0
exp_041,54,s1,s2,0.06207648894383771,0,2.866032904234049,118.14627293614579,10273.776630980636,0,0
exp_041,55,s1,s2,0.007844807654347953,0,2.7293629317364556,155.01429145412578,12005.321155919974,0,0
exp_041,56,s1,s2,0.11464766193593204,0,3.0802950513686875,201.99242873703201,7775.187905478407,0,0
exp_041,57,s1,s2,0.09810814409721341,0,4.542479158764433,99.71238365690652,8139.025531672073,0,0
exp_041,58,s1,s2,0.12081089393655123,0,2.9287837951771833,137.4977733077174,7441.596562306218,0,0
exp_041,59,s1,s2,0.24980874815072307,0,0.5416440107639602,63.00752102158981,8533.61571540924,0,0
exp_041,60,s1,s2,0.054994239321554866,0,2.2905801105296737,192.93575952635803,8242.238885592202,0,0
exp_041,61,s1,s2,0.13611634662856817,0,2.4116789650399024,70.6863587208599,11964.355365489568,0,0
exp_041,62,s1,s2,0.2015202041665674,0,2.2878814645674868,70.16777935525046,11703.058812907522,0,0
exp_042,0,s1,s2,0.011443710840107549,0,4.555953724066809,113.84195740651205,10754.66888852987,0,0
exp_042,1,s1,s2,0.1750375894462657,0,2.819764294983509,47.87437314342059,11094.151036580992,0,0
exp_042,2,s1,s2,0.11270165809233493,0,4.081948177713248,146.25821464423063,11514.298121960166,0,0
exp_042,3,s1,s2,0.009896775843233199,0,4.086863166074582,147.2168427398355,14934.799343336272,0,0
exp_042,4,s1,s2,0.1182088804396948,0,3.1565915053864577,198.74934117704592,13679.229085851139,0,0
exp_042,5,s1,s2,0.5755527016469489,0,3.532977365898474,166.09960016013684,5789.548269315682,0,0
exp_042,6,s1,s2,0.12973283786254328,0,3.969182987362268,136.6759231235608,6245.553883994893,0,0
exp_042,7,s1,s2,0.10605436816058177,0,4.010961185861156,60.3269265184421,7403.739540314662,0,0
exp_042,8,s1,s2,0.1151945589255369,0,2.1529531808313873,114.60452089924298,11592.91472788214,0,0
exp_042,9,s1,s2,0.2598426339252376,0,2.4728397647035973,155.66051625221087,14004.570727479824,0,0
exp_042,10,s1,s2,0.15487642030195348,0,2.842486012209915,63.86435658071078,8373.178260096742,0,0
exp_042,11,s1,s2,0.1537959562351674,0,4.697412226438585,58.75089291641821,11024.352555904405,0,0
exp_042,12,s1,s2,0.37147602553238945,0,2.88737994927087,134.09615016086966,12235.782116411494,0,0
exp_042,13,s1,s2,0.17687859567486117,0,1.9361150883200964,41.4347702227529,9344.459512198786,0,0
exp_042,14,s1,s2,0.018544412780686966,0,5.115343219162184,97.54131078647237,9973.639202167176,0,0
exp_042,15,s1,s2,0.10959950023449126,0,3.15998831789187,129.78859983053513,13813.90998636897,0,0
exp_042,16,s1,s2,0.014092553823576662,0,2.7089806827569487,111.36444414227317,9080.102314975367,0,0
exp_042,17,s1,s2,0.03912937989601921,0,1.3181855461336411,136.26199252481345,11373.136296671326,0,0
exp_042,18,s1,s2,0.04578968752867755,0,3.356022503586278,147.97049984285465,7152.982973214461,0,0
exp_042,19,s1,s2,0.0409668061196553,0,2.65227643846903,153.20919764643102,10357.990655656451,0,0
exp_042,20,s1,s2,0.10468036445601892,0,1.6843330070791045,51.405084477974405,9752.549026080285,0,0
exp_042,21,s1,s2,0.024191994478680284,0,2.72276330145322,93.16946732661992,8039.702759710054,0,0
exp_042,22,s1,s2,0.038669844865843066,0,3.094115413499231,124.22054406011061,12873.824254158057,0,0
exp_042,23,s1,s2,0.004643904563529432,0,1.8151599395249811,123.6857513269463,9047.954058617383,0,0
exp_042,24,s1,s2,0.07736470760214094,0,4.575681897225293,135.11021569613064,14778.918579104595,0,0
exp_042,25,s1,s2,0.1645894855440361,0,3.9561290412932575,48.95591490042451,12632.778849269771,0,0
exp_042,26,s1,s2,0.1308354169576149,0,2.3484534230237846,138.99372642153966,5585.41421950078,0,0
exp_042,27,s1,s2,0.051287636005666874,0,2.803552508954289,108.41364906595962,11718.419718044675,0,0
exp_042,28,s1,s2,0.00036224148010782195,0,2.697396976571078,60.410693201711055,5836.022810244141,0,0
exp_042,29,s1,s2,0.18701643572020388,0,3.392954063173441,127.98892473933125,7424.796313956174,0,0
exp_042,30,s1,s2,0.07407568997327595,0,2.415408554344979,57.795496950243766,10160.052921737912,0,0
exp_042,31,s1,s2,0.13280775617527893,0,2.7197718179012433,72.0640873073007,14266.213485719223,0,0
exp_042,32,s1,s2,0.05605820607449691,0,1.1700961388366047,111.50826610035998,12907.768085725791,0,0
exp_042,33,s1,s2,0.01735331706678878,0,3.7991014640218883,65.22399248982975,9336.4592473203,0,0
exp_042,34,s1,s2,0.022506782277214754,0,4.287068178381173,141.78286255911357,6250.712394505691,0,0
exp_042,35,s1,s2,0.03243187542568573,0,2.4406505201956827,35.11872314095872,12634.448955760645,0,0
exp_042,36,s1,s2,0.12507433672237658,0,2.612862423349418,74.96593000955642,7719.558460388496,0,0
exp_042,37,s1,s2,0.015832367325601403,0,2.264826438126621,92.23980435666209,12500.221903877808,0,0
exp_042,38,s1,s2,0.15498528297918274,0,2.1613092554564868,107.59048569077561,13900.831695467581,0,0
exp_042,39,s1,s2,0.3370740789586999,0,3.646151089356125,53.010584583254776,13419.386306424858,0,0
exp_042,40,s1,s2,0.07761886789577144,0,2.7551099349505614,-0.8951138231021449,10122.68750784452,0,0
exp_042,41,s1,s2,0.051188792812489906,0,3.1065165763239078,109.38674076352666,7413.01642254964,0,0
exp_042,42,s1,s2,0.08808202809211729,0,2.1931880463183644,121.1531720562325,8584.257423801488,0,0
exp_042,43,s1,s2,0.23596664914882745,0,1.5677225142679847,116.99818953784565,6227.847981191508,0,0
exp_042,44,s1,s2,0.07302820091116312,0,1.0163659073136264,128.5625849323309,11304.160284191184,0,0
exp_042,45,s1,s2,0.0071157376144413255,0,3.149559597637172,42.65357438322841,5618.156938444539,0,0
exp_042,46,s1,s2,0.2127865398873106,0,3.4178640261994406,57.01061790142522,8912.034417144252,0,0
exp_042,47,s1,s2,0.05104719322259658,0,2.9967631292663506,179.70511600046564,12256.554636438663,0,0
exp_042,48,s1,s2,0.07035839117671826,0,4.448821817787254,125.81429487036871,11073.087429212754,0,0
exp_043,0,s1,s2,0.028509910387307186,0,2.9315147179247907,91.28086907686968,12926.249014508285,0,0
exp_043,1,s1,s2,0.04464575680812709,0,3.4140123797845865,91.72307996236627,5416.307187145013,0,0
exp_043,2,s1,s2,0.14579544821649845,0,3.6836677841391676,98.69973710010613,8934.707441633918,0,0
exp_043,3,s1,s2,0.1231146476970822,0,3.3282165385545004,-6.279044992913074,6384.8160876296715,0,0
exp_043,4,s1,s2,0.29106169987348895,0,2.6082872508830675,107.59492536424354,6552.067791792834,0,0
exp_043,5,s1,s2,0.051054899143665816,0,2.3057358021113163,49.6772056048825,14974.911608761766,0,0
exp_043,6,s1,s2,0.10748431183675589,0,2.8806192981137615,139.25495156754823,12102.822844905679,0,0
exp_043,7,s1,s2,0.061561277079637836,0,3.2286560962770685,-2.4284289091913047,9273.110417874866,0,0
exp_043,8,s1,s2,0.39394275368340165,0,4.377393991698751,99.15137455427592,11668.194682958485,0,0
exp_043,9,s1,s2,0.06532098727170224,0,0.8942953369129993,82.78655580010305,6069.818076320561,0,0
exp_043,10,s1,s2,0.14332573770784568,0,0.8991950791909304,120.20435224138284,6145.087859122582,0,0
exp_043,11,s1,s2,0.005428552977314299,0,2.542009193284906,93.18798028564599,6042.064375378513,0,0
exp_043,12,s1,s2,0.015349806808894606,0,4.258857111290678,115.22312621811875,6934.299594080699,0,0
exp_043,13,s1,s2,0.008433054147608516,0,2.379965733027804,119.67949459904854,7282.850621194035,0,0
exp_043,14,s1,s2,0.012791281885668443,0,3.7573266821057048,67.91364920286865,6325.4410512507575,0,0
exp_043,15,s1,s2,0.514398938133184,0,3.5615667348732245,88.49484931923304,6900.330798355466,0,0
exp_043,16,s1,s2,0.02081287398188656,0,2.3860138112194065,104.46319699620825,13010.028976355929,0,0
exp_043,17,s1,s2,0.05791316787869023,0,2.11287177720526,127.15585489578956,11423.573507861904,0,0
exp_043,18,s1,s2,0.09015761600213805,0,2.1882258327743855,151.2192803653989,14331.655749715092,0,0
exp_043,19,s1,s2,0.3251943312292847,0,3.205900706800346,152.61207054719586,9202.882706613505,0,0
exp_043,20,s1,s2,0.005974195621093665,0,2.6363187279221076,77.45948550444109,11054.16584351749,0,0
exp_043,21,s1,s2,0.0696629679431489,0,3.6688805603019823,82.44386293132195,14013.88615535573,0,0
exp_043,22,s1,s2,0.03448649715043527,0,2.8138412957346293,90.86874249973364,9844.25195391939,0,0
exp_043,23,s1,s2,0.014262229900913746,0,0.47499320882629315,11.579560359965079,13841.10213205657,0,0
exp_043,24,s1,s2,0.03512758876801411,0,4.6113597933206,120.068375296112,10959.147950499064,0,0
exp_043,25,s1,s2,0.3080589862087757,0,3.8384131050763353,110.6691777180487,7450.56389253743,0,0
exp_043,26,s1,s2,0.08226928644662977,0,3.2629613998008606,101.16331984618286,7045.063133991235,0,0
exp_043,27,s1,s2,0.015197867177243926,0,1.6661490815527829,126.95433729400901,11391.5534565029,0,0
exp_043,28,s1,s2,0.3593172571899177,0,3.2300010543211264,37.68926964061031,10867.772882231502,0,0
exp_043,29,s1,s2,0.1085449513483525,0,3.620615015727526,174.22587519009568,6117.530037196628,0,0
exp_043,30,s1,s2,0.1561400272146648,0,3.273822930266507,176.34670211278996,11985.914185865233,0,0
exp_043,31,s1,s2,0.04824768157441281,0,1.647781982580827,126.65403701876993,11878.043336329314,0,0
exp_043,32,s1,s2,0.1581827657338993,0,4.04755377833491,93.62455909434024,13548.165645691179,0,0
exp_043,33,s1,s2,0.21042093699918754,0,1.726868815177291,152.51273438584542,9812.51282371572,0,0
exp_043,34,s1,s2,0.12396367685907544,0,3.6819392136448923,58.680477583329804,10480.886170930402,0,0
exp_043,35,s1,s2,0.010094521112513476,0,2.2723414445200567,104.81100992241034,5143.07285046622,0,0
exp_043,36,s1,s2,0.22038958097710526,0,6.030318146546308,64.70589802092093,7799.377716302669,0,0
exp_043,37,s1,s2,0.07825134432977872,0,3.523299569843536,64.7295266589632,13233.491604038856,0,0
exp_043,38,s1,s2,0.1937079711816127,0,3.1391113205200973,52.627800154688906,13087.509698440328,0,0
exp_043,39,s1,s2,0.013721415219494704,0,2.7573624345476504,170.16537924689942,6097.111688600648,0,0
exp_043,40,s1,s2,0.07259248619116776,0,3.431432419714899,-22.349315817788117,9398.952020255827,0,0
exp_043,41,s1,s2,0.08405211720081787,0,3.8964609201702425,137.03939966359653,11489.82198237844,0,0
exp_043,42,s1,s2,0.022182019614304146,0,2.3105182731765543,91.72857171228532,9516.737280751715,0,0
exp_043,43,s1,s2,0.35179361422273464,0,1.9999474248041884,120.51871667738953,7685.776597754326,0,0
exp_043,44,s1,s2,0.006675286036747403,0,2.948496679553334,32.73457989565591,8448.563814286328,0,0
exp_043,45,s1,s2,0.022810875419389608,0,3.410330086545594,53.54319673085884,10581.023768728512,0,0
exp_043,46,s1,s2,0.18492210889835503,0,3.3643783412933415,83.41657893812976,10779.111725598561,0,0
exp_043,47,s1,s2,0.030955037560045043,0,2.277796718878575,25.40537906690432,9601.272166667943,0,0
exp_043,48,s1,s2,0.008610824101632442,0,0.6217403791150002,83.19397009988545,10122.870843119428,0,0
exp_043,49,s1,s2,0.21846466655731175,0,4.199374585080408,79.84230688010351,8266.02880261977,0,0
exp_043,50,s1,s2,0.10470721261227973,0,3.599875420600028,94.58641406538278,14685.720150491983,0,0
exp_043,51,s1,s2,0.27351656777582245,0,4.35486837760523,79.38031056633332,11541.7935903406,0,0
exp_043,52,s1,s2,0.019809327816223084,0,4.647186189539654,111.8089985928971,13959.122759653093,0,0
exp_043,53,s1,s2,0.1984847039049908,0,2.9578993207965043,39.25206330448402,9782.686294607849,0,0
exp_043,54,s1,s2,0.22900347974349083,0,3.7008100190929323,109.86133654270994,9569.173503317379,0,0
exp_043,55,s1,s2,0.10719866671307349,0,2.479169240692398,150.67103606691904,12059.181105982749,0,0
exp_043,56,s1,s2,0.1203385421348525,0,2.98732805398527,110.3828608738189,12378.323605059231,0,0
exp_043,57,s1,s2,0.004998139455310493,0,1.6526456623991768,91.95656213341013,13405.715517131768,0,0
exp_043,58,s1,s2,0.1832008702907565,0,2.2422600842554425,45.03277936068352,12024.77784460352,0,0
exp_043,59,s1,s2,0.13404262655127994,0,2.76772993126124,151.62341415667194,8269.767215418837,0,0
exp_043,60,s1,s2,0.09084459527640647,0,2.8960870659767677,166.9326312558871,12376.926068316396,0,0
exp_043,61,s1,s2,0.0019345971875302853,0,1.4097480957555224,27.464527259201233,6028.868077485054,0,0
exp_043,62,s1,s2,0.16936553264442253,0,3.626615799231878,164.61722556821456,6014.564721440345,0,0
exp_043,63,s1,s2,0.030427411645704006,0,1.3008886739501757,85.0853600769815,9339.739231529036,0,0
exp_043,64,s1,s2,0.025612854983970645,0,4.310776712493087,35.27767852955218,13923.610807796951,0,0
exp_043,65,s1,s2,0.048618290060353175,0,2.223766200517043,120.39469268947029,10408.179778557615,0,0
exp_043,66,s1,s2,0.25472616436550644,0,3.0989527661440266,45.102419983831425,11796.424640713254,0,0
exp_043,67,s1,s2,0.0059515628543909665,0,1.0984318846509686,-12.320165488255409,14445.803949581168,0,0
exp_043,68,s1,s2,0.038597077872050696,0,3.0881101613135677,18.941483134825155,10343.561529002583,0,0
exp_043,69,s1,s2,0.20111708322699023,0,3.970694014974155,68.06743424566794,14710.073912780117,0,0
exp_043,70,s1,s2,0.1834687760085706,0,3.265007272094624,126.01940013106376,14039.557602771736,0,0
exp_043,71,s1,s2,0.018014469031079644,0,4.004522174790948,145.9988321208724,9391.809464994207,0,0
exp_043,72,s1,s2,0.008309737472645724,0,2.476789454350688,107.14808250034814,8824.024961565496,0,0
exp_043,73,s1,s2,0.05003312643155488,0,5.385644859191283,196.76726823234637,11287.498531944622,0,0
exp_043,74,s1,s2,0.16607585934594948,0,3.775465620999601,138.90924377719142,9322.939343242868,0,0
exp_043,75,s1,s2,0.13000120188554387,0,2.24237508378022,99.24033639121728,13901.81782611727,0,0
exp_043,76,s1,s2,0.2208760617563555,0,3.5955236057954405,87.25788726358375,12579.840385050815,0,0
exp_043,77,s1,s2,0.05121619009568432,0,2.1629164307064617,173.43282068804965,11419.83887980805,0,0
exp_043,78,s1,s2,0.08475256840909137,0,5.183104845059287,118.5116584173312,10376.26322180362,0,0
exp_043,79,s1,s2,0.1063603376033458,0,3.3961651910281803,109.69005876062715,13584.10253882954,0,0
exp_043,80,s1,s2,0.034961052435885494,0,4.150612536929584,30.08175507784474,10269.15445895142,0,0
exp_043,81,s1,s2,0.07817869215152778,0,2.417809147902459,128.11715668342052,14820.755099674587,0,0
exp_043,82,s1,s2,0.0575289885078083,0,2.8640663743484662,126.15788092058506,11017.866688516357,0,0
exp_043,83,s1,s2,0.059840347266715326,0,2.0066771943865294,127.61916413747188,9006.285328404849,0,0
exp_043,84,s1,s2,0.007083147723075226,0,3.46126019824959,104.89000096474133,5459.065151573857,0,0
exp_043,85,s1,s2,0.1077722089761704,0,2.30847200472331,133.15502428987955,7730.74293368547,0,0
exp_043,86,s1,s2,0.022512186468636244,0,2.3621132084900918,83.42882496822051,8703.478712854223,0,0
exp_043,87,s1,s2,0.046033721245772964,0,3.543061879852931,127.72231800086603,12967.233633093647,0,0
exp_044,0,s1,s2,0.09085343104878298,0,3.3534649212690235,117.90082279110422,14460.15605268362,0,0
exp_044,1,s1,s2,0.08295957906814984,0,3.209686259389385,111.74058908832377,10894.208062071002,0,0
exp_044,2,s1,s2,0.15308002838853954,0,3.3305513495162313,55.56054801139976,14534.50956337194,0,0
exp_044,3,s1,s2,0.017668646193342546,0,2.1615827092443407,157.0852089484074,13171.0392371783,0,0
exp_044,4,s1,s2,0.11947188667420704,0,3.1976692235160593,119.87434066125115,9103.105949628616,0,0
exp_044,5,s1,s2,0.0010952292484344886,0,2.583217946790147,166.68621903288673,11706.340948348598,0,0
exp_044,6,s1,s2,0.011100584419072157,0,2.843359625111003,147.59043926718178,14196.917338086818,0,0
exp_044,7,s1,s2,0.12276421727404135,0,3.207578755043543,50.39157042853661,14099.344479417872,0,0
exp_044,8,s1,s2,0.16092907226842001,0,3.550362439231904,95.04020714172074,7685.761808015268,0,0
exp_044,9,s1,s2,0.0470175969404753,0,2.182726786389548,138.20445282753334,10153.74469959548,0,0
exp_044,10,s1,s2,0.1304858864212309,0,2.003270689147552,120.81897347499685,11296.603161278346,0,0
exp_044,11,s1,s2,0.08502935769472429,0,4.26411512556574,111.21348707900793,6838.960225250139,0,0
exp_044,12,s1,s2,0.13925780101301435,0,3.7969499888402547,146.69868543311813,10059.6831347876,0,0
exp_044,13,s1,s2,0.050341770980343974,0,4.490087754847979,66.43831800897163,9978.967025828713,0,0
exp_044,14,s1,s2,0.04131451103187276,0,4.076041063764532,120.03056700185451,5615.087411682817,0,0
exp_044,15,s1,s2,0.35804541195869255,0,3.0269377876323196,53.71787073739379,10602.095440377961,0,0
exp_044,16,s1,s2,0.014874447597241176,0,2.941470427623468,142.62536455840169,6431.205144603933,0,0
exp_044,17,s1,s2,0.12434498802096064,0,3.256132850672928,104.52109894230142,9415.163246877482,0,0
exp_044,18,s1,s2,0.03116960786727185,0,3.060064370210336,94.33156528734357,11172.776892304224,0,0
exp_044,19,s1,s2,0.3597607778127175,0,3.3406865248086834,108.34351079252407,14915.787947795805,0,0
exp_044,20,s1,s2,0.055937032047222585,0,2.6384640451080688,79.2156420810918,8183.752231123167,0,0
exp_044,21,s1,s2,0.07110988866832528,0,2.629161190625271,64.6913922153044,8077.938473829154,0,0
exp_044,22,s1,s2,0.0004094024056216475,0,2.170284916851809,84.23875344342275,9297.113796623891,0,0
exp_044,23,s1,s2,0.021882381657199156,0,3.23132609434321,152.52101985460132,9586.406631983575,0,0
exp_044,24,s1,s2,0.07979352309826225,0,2.066086442355754,84.46468006357401,12658.7981578378,0,0
exp_044,25,s1,s2,0.26298619979099735,0,3.1382699999991277,118.2269056214618,9103.474265166673,0,0
exp_044,26,s1,s2,0.06507775118763166,0,4.034604354195694,125.13327275864266,8745.671375430406,0,0
exp_044,27,s1,s2,0.24862822929246275,0,3.351162007814965,0.01718701891512131,14613.618000356137,0,0
exp_044,28,s1,s2,0.2783834364925079,0,1.9296268566423953,159.71287021997603,7190.350331840035,0,0
exp_044,29,s1,s2,0.008353744209512862,0,3.030913882374933,193.4640643493706,10722.876939442573,0,0
exp_044,30,s1,s2,0.0639402024901261,0,5.695378139261392,67.75398060648658,14142.620061760377,0,0
exp_044,31,s1,s2,0.002980612127446443,0,2.5455665207305516,162.60009564708588,12449.242672829998,0,0
exp_044,32,s1,s2,0.2966684849507222,0,2.4372228099730995,86.71963783558895,7322.984363149257,0,0
exp_044,33,s1,s2,0.025114808211906228,0,3.1179660582314415,86.31915189257101,10567.196848760237,0,0
exp_044,34,s1,s2,0.054088550350673205,0,4.599344912751498,125.61979835369735,6034.713727067793,0,0
exp_044,35,s1,s2,0.08058376413728473,0,2.5381357818302206,154.4579572300886,12630.17987622639,0,0
exp_044,36,s1,s2,0.1867048945876234,0,3.4977812056797024,153.12461522491776,12173.445183964586,0,0
exp_044,37,s1,s2,0.154963801043985,0,2.6517518052249875,184.21887260608332,6591.209428719556,0,0
exp_044,38,s1,s2,0.037067332264221174,0,2.4362128999450237,40.43895769947361,9893.310801824282,0,0
exp_044,39,s1,s2,0.31953221956548106,0,4.128650228853584,-22.318853999561796,6240.825856156474,0,0
exp_044,40,s1,s2,0.16535498297115875,0,2.654395673330248,47.96637635650487,5689.121799278813,0,0
exp_044,41,s1,s2,0.0743584184739449,0,4.519674058421769,131.35329205353926,8394.61488682953,0,0
exp_044,42,s1,s2,0.08928953007555601,0,3.885639327198257,139.56913666444183,8016.418464500371,0,0
exp_044,43,s1,s2,0.0070104843260749465,0,2.0172484631009158,84.62193367422212,6844.889355212722,0,0
exp_044,44,s1,s2,0.14530774251870027,0,3.0361159037724508,227.28125978895167,11230.075856245327,0,0
exp_044,45,s1,s2,0.014791961315782726,0,1.9661852050029323,25.725729882029402,8144.977693797888,0,0
exp_044,46,s1,s2,0.19981662066923392,0,4.599378530031584,128.39316923718476,7367.060898756965,0,0
exp_044,47,s1,s2,0.030662575946502665,0,3.72060801015708,47.35462937654784,8490.409956905183,0,0
exp_044,48,s1,s2,0.05193352824328815,0,3.623388714775542,59.518844118737654,6946.272910490164,0,0
exp_044,49,s1,s2,0.08779174994256593,0,1.3616718890898194,135.98850864084383,5687.262798766287,0,0
exp_044,50,s1,s2,0.05094940398035628,0,2.513545870222127,75.85553274594488,10225.88871028741,0,0
exp_044,51,s1,s2,0.11181656296178387,0,3.138992506853932,62.325668795004646,7462.016434484607,0,0
exp_044,52,s1,s2,0.11187070253443097,0,3.518684895299402,126.20474301928884,8698.613582407343,0,0
exp_044,53,s1,s2,0.08376405484145978,0,4.127244342492457,117.69043942192039,8723.569979015265,0,0
exp_044,54,s1,s2,0.06077185978275538,0,2.5937585518290063,109.34143972460926,8856.359604206255,0,0
exp_044,55,s1,s2,0.0350566169444601,0,1.7365397439258403,78.2618211748928,11023.983181945565,0,0
exp_044,56,s1,s2,0.05953901917925472,0,3.8636860694169712,44.72159002411254,8074.069255965323,0,0
exp_044,57,s1,s2,0.0470257524809469,0,2.8496708485336715,188.7582105078277,10564.5437859584,0,0
exp_044,58,s1,s2,0.1841033732163315,0,2.7058181081374433,127.57208542282753,13929.3841762056,0,0
exp_044,59,s1,s2,0.14022455406231338,0,3.1973714424410287,122.24054791942477,11744.773829841586,0,0
exp_044,60,s1,s2,0.0003470424058938307,0,1.579398822481694,93.98346436124832,8240.814591690074,0,0
exp_044,61,s1,s2,0.3854491822013759,0,3.233519956678334,78.24731439753137,6729.448418708732,0,0
exp_044,62,s1,s2,0.000742886531202462,0,1.7522376850280383,100.2612590577211,14654.662559815772,0,0
exp_044,63,s1,s2,0.022777518216251673,0,7.147895050333843,58.84499952760007,5532.432870639859,0,0
exp_044,64,s1,s2,0.027451879246379953,0,2.8577399693336334,163.06927290414362,9346.100415857716,0,0
exp_044,65,s1,s2,0.11999042500017217,0,3.9646153139527405,139.56259648363755,13304.823250861944,0,0
exp_044,66,s1,s2,0.026429196160538196,0,2.826928450122443,68.66116662931071,13550.979106231523,0,0
exp_044,67,s1,s2,0.008124114515564383,0,4.7190655029103645,132.46659050274198,9814.072132822972,0,0
exp_044,68,s1,s2,0.02946065831097965,0,2.4805114850439156,89.46764663433831,7925.835473386801,0,0
exp_044,69,s1,s2,0.004539284952288569,0,3.515956828740867,114.67026552911183,11335.13128453593,0,0
exp_044,70,s1,s2,0.10691599666580638,0,1.786102128874691,95.08431088676942,5077.251412533697,0,0
exp_044,71,s1,s2,0.04215579016991337,0,1.0532119513757254,50.16564448573324,9459.585063313812,0,0
exp_044,72,s1,s2,0.0558222826214566,0,4.400103063715785,137.63542580992234,12849.580232545803,0,0
exp_044,73,s1,s2,0.10486936455698843,0,3.612705966739795,95.76132152139418,12110.196963712662,0,0
exp_044,74,s1,s2,0.05562729529201865,0,4.306385565420026,89.02688709895567,9405.408877224378,0,0
exp_044,75,s1,s2,0.0726235868448773,0,3.8142326145738057,74.96053501015491,10222.8548030332,0,0
exp_044,76,s1,s2,0.08041590537423056,0,1.0273160759516744,64.43500517251505,7135.147813291187,0,0
exp_044,77,s1,s2,0.23963890420373218,0,2.91239427119956,149.23658642280594,6345.608506728635,0,0
exp_044,78,s1,s2,0.0013455744176803892,0,2.4592222623570503,96.383435999822,11095.559419197602,0,0
exp_044,79,s1,s2,0.09375370214936729,0,3.9777382355681574,82.51364494874231,9742.96502490115,0,0
exp_044,80,s1,s2,0.006158107360334377,0,3.0284517359752248,98.23357602844497,12436.97430028513,0,0
exp_044,81,s1,s2,0.2086518662863643,0,3.3189072917871862,76.66279986401138,11551.043649581892,0,0
exp_044,82,s1,s2,0.026434744315036215,0,3.0606911031332134,120.44051870648183,14068.779753971354,0,0
exp_044,83,s1,s2,0.1959656133138252,0,3.436722334884671,-1.3406544487897465,9313.682994046718,0,0
exp_044,84,s1,s2,0.12346986118128814,0,4.373944570221173,121.23281266762727,5117.522595979845,0,0
exp_044,85,s1,s2,0.11640896869395012,0,1.9214291419681275,64.61807146078581,13012.413663586723,0,0
exp_044,86,s1,s2,0.009345523358831211,0,2.310877284537378,68.4195002936708,9198.254450597018,0,0
exp_044,87,s1,s2,0.038910484683948386,0,3.967381840997457,153.4877800607923,8254.70891106039,0,0
exp_044,88,s1,s2,0.0574441506036036,0,3.6309184348097325,46.06309638057435,8962.227401325756,0,0
exp_044,89,s1,s2,0.014251575073577858,0,2.623531131891193,60.512304662612515,12473.250286361957,0,0
exp_044,90,s1,s2,0.0025835209640624607,0,2.300603228017941,74.90301477378243,14564.778213056148,0,0
exp_044,91,s1,s2,0.12217349682855501,0,2.2860122862025984,67.44565407266855,13580.305453872767,0,0
exp_044,92,s1,s2,0.02110009426061915,0,3.2490527303406895,72.89147234867583,11096.427925841737,0,0
exp_044,93,s1,s2,0.863465643640526,0,2.6833066662757266,167.217454171295,11766.114481630837,0,0
exp_044,94,s1,s2,0.1702921755824965,0,1.2286681619426125,105.35252649266643,7101.056422863697,0,0
exp_044,95,s1,s2,0.034995675674212294,0,2.640311663800135,152.35375308844834,7866.641585663175,0,0
exp_044,96,s1,s2,0.16393159887828662,0,3.0846203229116567,78.92199833222725,13736.318031862716,0,0
exp_044,97,s1,s2,0.05277746997097561,0,2.9368450026923356,12.140677178846904,12174.771676920793,0,0
exp_044,98,s1,s2,0.07269223189196426,0,2.300001260246168,177.42712860871166,12847.758312702352,0,0
exp_044,99,s1,s2,0.10483657971894343,0,3.8754420543693557,108.8897364715769,5213.220734807127,0,0
exp_044,100,s1,s2,0.016845931682787803,0,2.386755521910668,108.7837166019683,11449.704850606913,0,0
exp_044,101,s1,s2,0.4142762648213072,0,3.2331819509809594,148.57798067729857,13939.766743059621,0,0
exp_044,102,s1,s2,0.012360160089743255,0,0.7489897441452511,28.506487999229225,8364.475869929911,0,0
exp_044,103,s1,s2,2.0141841763806258e-05,0,3.236303323736416,116.63652455452684,11528.575155997887,0,0
exp_044,104,s1,s2,0.01380752360936889,0,3.6783557099056328,90.26455498824396,11169.296050695466,0,0
exp_044,105,s1,s2,0.09248536303850703,0,3.1217847785929735,142.0436204849781,10976.232485569792,0,0
exp_044,106,s1,s2,0.04242133040611275,0,4.465986172636571,49.229835130821385,8204.35216631312,0,0
exp_044,107,s1,s2,0.08189551513698805,0,2.2132271382457995,73.98394983208834,9544.024589387014,0,0
exp_044,108,s1,s2,0.024519236522779524,0,2.6960383722112717,130.8388428358364,10974.02095539321,0,0
exp_044,109,s1,s2,0.030576707884514404,0,2.210831862671221,36.07442493638955,14158.74567320949,0,0
exp_044,110,s1,s2,0.049675464969255,0,2.5157903821837353,125.6952964768631,5481.695431364311,0,0
exp_044,111,s1,s2,0.15217838812891696,0,3.2789064006383675,256.7332665712315,7722.058492494136,0,0
exp_044,112,s1,s2,0.007506521539803003,0,4.107922547516924,97.41443502686643,6200.220137034858,0,0
exp_044,113,s1,s2,0.2647485054190922,0,3.2509863685807407,12.167688279634492,5665.083954665818,0,0
exp_044,114,s1,s2,0.05534662741683667,0,2.5204923454199877,112.82693544528829,14293.505244877419,0,0
exp_044,115,s1,s2,0.06338759730377322,0,3.9539838098062905,91.13996346583276,8279.983483710397,0,0
exp_044,116,s1,s2,0.07451336251589376,0,3.3145803641541036,152.65062032112127,12251.923426447116,0,0
exp_044,117,s1,s2,0.025985059187666328,0,2.5480263613872602,71.16570877125521,9930.486462870567,0,0
exp_044,118,s1,s2,0.16142734084629268,0,3.866815746130638,2.3691255821351787,13048.124609782379,0,0
exp_044,119,s1,s2,0.027282822718656355,0,3.1244094582576563,90.80666755458668,6893.369451789777,0,0
exp_044,120,s1,s2,0.12935182492313232,0,4.2172409175324646,89.37098800046358,13085.554128042613,0,0
exp_044,121,s1,s2,0.3210475243326863,0,2.184260828136464,62.49675917740873,5315.079752885993,0,0
exp_044,122,s1,s2,0.05283382373713022,0,3.5261593904510002,97.68152241929765,13307.852941719731,0,0
exp_044,123,s1,s2,0.01824716297142403,0,2.4704585480607646,124.56669833915804,5777.6506985777705,0,0
exp_044,124,s1,s2,0.18145128847359948,0,3.32639281956891,114.26214052717772,6187.555842664422,0,0
exp_044,125,s1,s2,0.03330330180001079,0,3.8087074715828315,130.7027155145465,8539.741220496651,0,0
exp_044,126,s1,s2,0.017426934267604274,0,4.339710303961876,149.20037566577048,10036.07853895028,0,0
exp_044,127,s1,s2,0.015658488568389133,0,3.4190046004179004,149.68181519665808,13691.642488308353,0,0
exp_044,128,s1,s2,0.27026011913091524,0,3.127121945068994,124.19303001004215,12281.741018955056,0,0
exp_044,129,s1,s2,0.12020031963008132,0,2.819231645991254,102.27793887335521,8559.066820856362,0,0
exp_044,130,s1,s2,0.010544753467884966,0,2.592587581338759,90.56904485853352,14200.314966513317,0,0
exp_045,0,s1,s2,0.08158567474122617,0,2.023322304692645,10.008023230578122,12975.235474416057,0,0
exp_045,1,s1,s2,0.017686768275546112,0,3.112337948732377,219.5936694728642,8050.716374793491,0,0
exp_045,2,s1,s2,0.1300243852748196,0,1.8029449951735894,235.33439704877506,11676.693147712002,0,0
exp_045,3,s1,s2,0.16209555261395223,0,3.074851812215618,113.67607837375085,13744.39985400383,0,0
exp_045,4,s1,s2,0.00010921371877243602,0,1.5179267245175738,107.8519585098384,5941.924570831372,0,0
exp_045,5,s1,s2,0.07592250556324438,0,2.461473546431521,175.7588196721778,11701.074493444348,0,0
exp_045,6,s1,s2,0.06727942220589621,0,1.2593205635126166,73.8934906887126,8825.935145010046,0,0
exp_045,7,s1,s2,0.04304685513478102,0,2.1717942943407027,115.76548133852955,5926.36368687806,0,0
exp_045,8,s1,s2,0.1078847880362444,0,0.7722004426634181,173.88464365160763,6524.428844079035,0,0
exp_045,9,s1,s2,0.052937512672836855,0,3.274930781070087,110.2222585261587,12025.765699642201,0,0
exp_045,10,s1,s2,0.006178197816843348,0,1.8449701595919816,137.99564215882418,8152.512430264051,0,0
exp_045,11,s1,s2,0.021799832069444393,0,3.6488018161515754,160.1979482505117,11118.350545991809,0,0
exp_045,12,s1,s2,0.11025378124725121,0,2.675927816198218,22.94834654497685,11332.537215489892,0,0
exp_045,13,s1,s2,0.10122346884228653,0,2.3280238466465044,146.059451891228,12703.361216968224,0,0
exp_045,14,s1,s2,0.05801479791999164,0,2.485135337596218,198.9325643774252,14486.101697909433,0,0
exp_045,15,s1,s2,0.019760040387464126,0,3.786120547598246,189.87724223429933,6727.310409477446,0,0
exp_045,16,s1,s2,0.006828562430057236,0,2.5362027303501207,120.25148022220965,6865.06682785776,0,0
exp_045,17,s1,s2,0.3836647664787793,0,2.030720801655635,142.19946260595984,10909.489601516012,0,0
exp_045,18,s1,s2,0.0763809670232194,0,3.4820397972196493,136.20471012530467,13317.211254931857,0,0
exp_045,19,s1,s2,0.023763122768986723,0,2.620108791312416,105.7930379421,5689.406122792201,0,0
exp_045,20,s1,s2,0.12501111022689235,0,3.0629450965419935,81.23524151432898,13404.0509844453,0,0
exp_045,21,s1,s2,0.047794194795705264,0,3.1754136418264114,117.35331361001386,10784.472430027752,0,0
exp_045,22,s1,s2,0.026140220623673095,0,3.5304234639752377,80.08306886556237,9663.641188326113,0,0
exp_045,23,s1,s2,0.07563758023849126,0,3.7843671357705464,135.64024024774312,11426.508330805682,0,0
exp_045,24,s1,s2,0.2787610025839554,0,3.5506793226250375,143.40877397779468,11633.258578816676,0,0
exp_045,25,s1,s2,0.010953608446920107,0,2.816683157976696,45.311579988724574,6465.365507890733,0,0
exp_045,26,s1,s2,0.23193591407734454,0,3.71716997461329,71.78197876579833,13030.461265598735,0,0
exp_045,27,s1,s2,0.2908647651406315,0,1.502141325220533,73.04446696491755,12584.101904270625,0,0
exp_045,28,s1,s2,0.035563675838851234,0,3.1531931405580775,169.11913728449701,12939.27275234954,0,0
exp_045,29,s1,s2,0.03227979883652138,0,5.839622914807913,117.80162335635701,14431.080677201322,0,0
exp_045,30,s1,s2,0.031006071932857704,0,3.8616488623231526,134.6758832112703,11054.25045880057,0,0
exp_045,31,s1,s2,0.027981974234849827,0,3.306456320649569,87.01263083008453,12251.394025958332,0,0
exp_045,32,s1,s2,0.02397866357471075,0,2.0275962603893785,206.68228023409486,6586.551699630939,0,0
exp_045,33,s1,s2,0.07589817077793312,0,2.4860037216716613,86.09328308550914,9669.582985454108,0,0
exp_045,34,s1,s2,0.08918629155430281,0,2.883782736748613,73.10858150674888,7576.619198366853,0,0
exp_045,35,s1,s2,0.0031130144581985215,0,3.499258485581664,73.90582931474779,9394.918664781391,0,0
exp_045,36,s1,s2,0.015909654814366566,0,2.700606156667757,70.38778111879932,12980.155187044524,0,0
exp_045,37,s1,s2,0.04532800085068858,0,2.6802597857324955,43.29361687607837,10553.115572870574,0,0
exp_045,38,s1,s2,0.00300306226784574,0,1.663730363448646,181.29889800031992,5097.258751311944,0,0
exp_045,39,s1,s2,0.11205186881178353,0,3.867579477506272,171.50863718093896,8419.302175984223,0,0
exp_045,40,s1,s2,0.07541822014687359,0,4.5353337166385135,56.82158201450537,10835.801862336886,0,0
exp_045,41,s1,s2,0.008533908204817134,0,4.378229846670149,152.66435669761998,8707.021806146993,0,0
exp_045,42,s1,s2,0.20857476310091344,0,2.6723924739078884,117.29718339900333,14042.663084858685,0,0
exp_045,43,s1,s2,0.05813775161359095,0,3.8301176644952264,129.56706605863528,10051.124210696898,0,0
exp_045,44,s1,s2,0.050932997509099055,0,2.8911461192672987,108.40128008797657,7569.700777191445,0,0
exp_045,45,s1,s2,0.04488220535492979,0,3.46313847997504,82.1849341133969,7582.029594685693,0,0
exp_045,46,s1,s2,0.3528164540370698,0,3.5746929937075995,66.45428111576145,7227.658764169499,0,0
exp_045,47,s1,s2,0.34783469301801423,0,4.415910640492677,150.05324212853816,7178.165192852075,0,0
exp_045,48,s1,s2,0.22321854763246948,0,3.852408877798197,119.6273907618703,14564.81097231227,0,0
exp_045,49,s1,s2,0.013426420633502323,0,3.2385841879306048,152.14327047798042,8660.005477505207,0,0
exp_045,50,s1,s2,0.1057363737032922,0,1.9496158926501939,60.98696372606011,9881.452095272654,0,0
exp_045,51,s1,s2,0.024354248656477756,0,3.600116455244506,98.92908525238317,13397.840356173905,0,0
exp_045,52,s1,s2,0.28409689728461845,0,2.4658783583871045,156.3228878564579,13120.452385515591,0,0
exp_045,53,s1,s2,0.2562856215803546,0,3.1405564032067494,117.14914836831592,7113.666438151132,0,0
exp_045,54,s1,s2,0.004053990240019842,0,4.15423480489976,93.83790305744331,9650.441535582911,0,0
exp_045,55,s1,s2,0.10812172144382132,0,4.9979482045129,51.26324090437897,6715.211880531785,0,0
exp_045,56,s1,s2,0.14462629213413875,0,4.119566116981092,76.08836960707858,5979.690903950673,0,0
exp_045,57,s1,s2,0.11386739088536263,0,3.937225173666614,67.21243696804304,9021.704270424105,0,0
exp_045,58,s1,s2,0.10946689705673207,0,1.6543720816718532,147.57760390395433,9943.967027742625,0,0
exp_045,59,s1,s2,0.004284034835883121,0,2.677758846164279,34.36958664236549,13340.444162214822,0,0
exp_045,60,s1,s2,0.06532866391790315,0,4.003137003305565,111.58963813129624,8088.189135888453,0,0
exp_045,61,s1,s2,0.12063065958402426,0,2.674545671094994,119.7902470365104,8564.781651478324,0,0
exp_045,62,s1,s2,0.39025764593420825,0,2.8695851731828883,87.65883347617213,8977.319573036873,0,0
exp_045,63,s1,s2,0.058161582543208856,0,3.817866424949636,112.16107866261129,8303.480119071624,0,0
exp_045,64,s1,s2,0.18970168935280346,0,2.287222115172406,100.32739833183172,8924.8980123423,0,0
exp_045,65,s1,s2,0.22708744025724645,0,3.8017851843284856,49.68459972034566,8023.653923900669,0,0
exp_045,66,s1,s2,0.004596023021670335,0,4.2263899439219195,110.38136990079542,9094.684483426194,0,0
exp_045,67,s1,s2,0.09604877551365294,0,3.1299189044112796,108.9699019590223,6938.7639939281935,0,0
exp_045,68,s1,s2,0.13219457056244316,0,4.684446339410836,100.64819707358797,9945.155505222181,0,0
exp_045,69,s1,s2,0.013691787928399436,0,2.6868384771198865,239.16175711236644,10179.217336414418,0,0
exp_045,70,s1,s2,0.21111588899485048,0,2.888083314800795,147.55284312407326,9557.320412800884,0,0
exp_045,71,s1,s2,0.07239919445736002,0,3.642993154733334,101.39832719893133,11494.004673774934,0,0
exp_045,72,s1,s2,0.03249783381205079,0,5.246188013558266,127.83979734138904,11397.717210139645,0,0
exp_046,0,s1,s2,0.05835868863584427,0,5.257039875342436,143.98054746025664,11657.660847303056,0,0
exp_046,1,s1,s2,0.007980022174200607,0,3.150049605882086,133.53603546884497,14311.492196038196,0,0
exp_046,2,s1,s2,0.09993964856266077,0,4.788386586237914,7.8330796917740475,13295.03274040285,0,0
exp_046,3,s1,s2,0.03947118790477172,0,2.9557884862837773,129.63857736515234,14562.370020973864,0,0
exp_046,4,s1,s2,0.21265886202973616,0,2.8101989411554813,178.00842980827954,10869.451443143202,0,0
exp_046,5,s1,s2,0.18203405180131502,0,4.674214971208467,115.48323065231956,12906.590510067632,0,0
exp_046,6,s1,s2,0.07196867513488246,0,1.6007904270055247,108.39240600565434,7447.391777070842,0,0
exp_046,7,s1,s2,0.23532804945152883,0,2.2544846453615808,96.4048828848994,14688.231384571689,0,0
exp_046,8,s1,s2,0.35870182629082503,0,1.4896829995002432,177.6706387057571,10119.927501945793,0,0
exp_046,9,s1,s2,0.14367430458986435,0,2.689027613978376,26.147026888352464,12372.686902530848,0,0
exp_046,10,s1,s2,0.05031757551612925,0,3.008117599835532,74.31126822154975,12374.111625395466,0,0
exp_046,11,s1,s2,0.37643105429971135,0,3.0465118448755217,73.03041995011101,9499.386621389574,0,0
exp_046,12,s1,s2,0.027766413898727194,0,1.9549247205461442,121.40042215872117,7838.647673148528,0,0
exp_046,13,s1,s2,0.1522147945890131,0,3.194664155769766,99.21947808175337,8864.60744148794,0,0
exp_046,14,s1,s2,0.06222434592969161,0,1.9753665946864922,61.19499295029672,14222.814111948172,0,0
exp_046,15,s1,s2,0.13816119014798264,0,4.241538549821819,48.331004497855524,14657.837504365607,0,0
exp_046,16,s1,s2,0.0076932844396687145,0,2.1801575815471876,67.75961138780958,13697.831636444102,0,0
exp_046,17,s1,s2,0.019746402289955365,0,3.430172739978641,5.883471252535466,11210.943555869497,0,0
exp_046,18,s1,s2,0.16512174617879374,0,3.882713061160839,-19.44465364731538,14654.620750442053,0,0
exp_046,19,s1,s2,0.03529130809740271,0,3.831897748603446,50.246756111309935,12711.362712004719,0,0
exp_046,20,s1,s2,0.05357655598713282,0,3.657595253626824,66.16558441280765,11704.92895279038,0,0
exp_046,21,s1,s2,0.20893125100266252,0,2.59264060419572,123.78940456448112,13323.391800886804,0,0
exp_046,22,s1,s2,0.01925825101214,0,3.3741742845822578,125.17168129853766,10698.610742823985,0,0
exp_046,23,s1,s2,0.10278416905431853,0,3.9999799994908845,73.65482124172192,9657.855731799726,0,0
exp_046,24,s1,s2,0.0252822174427492,0,2.5136195250743,129.98054484329342,13154.937232409418,0,0
exp_046,25,s1,s2,0.06032690566353325,0,1.260827244622162,86.03295747223478,14001.740208993524,0,0
exp_046,26,s1,s2,0.009297670773272442,0,3.372792276778312,51.22242681943139,13501.152657563482,0,0
exp_046,27,s1,s2,0.010031907862319873,0,3.905059914461316,143.61850096845745,10815.227301649282,0,0
exp_046,28,s1,s2,0.06669494537486419,0,1.8821921744715988,32.68078765586221,11744.334724154707,0,0
exp_046,29,s1,s2,0.006751606023888439,0,1.3867548438422341,130.96269601159395,9666.059119439426,0,0
exp_046,30,s1,s2,0.08186641879370318,0,3.196416844750072,147.8976278200097,7271.59571639019,0,0
exp_046,31,s1,s2,0.008279423057990978,0,3.7656819141880256,207.92029101390014,11717.97896576062,0,0
exp_046,32,s1,s2,0.061506931725995334,0,2.9397367194161395,74.48901630641149,9616.0321677132,0,0
exp_046,33,s1,s2,0.11914462486694162,0,4.071155172111669,75.36642082154515,8428.640579458624,0,0
exp_046,34,s1,s2,0.04193377219033465,0,3.705610853071678,46.803679766974525,5765.872274170598,0,0
exp_046,35,s1,s2,0.045107210420547994,0,2.121199796811185,62.15673612488387,5609.833171739412,0,0
exp_046,36,s1,s2,0.021119412558340506,0,3.2072670095439,-48.89607850711546,7695.046737897934,0,0
exp_046,37,s1,s2,0.10505181051129137,0,1.8325825641717695,27.79973216249917,12826.243341211075,0,0
exp_046,38,s1,s2,0.08028877667922621,0,2.8643586681848414,121.84426623177103,13278.404959944035,0,0
exp_046,39,s1,s2,0.1340699910408649,0,1.99642678467611,179.67283597799727,13191.251017427465,0,0
exp_046,40,s1,s2,0.0012052166124917353,0,2.666037874746128,114.05299204305689,7902.49043962628,0,0
exp_046,41,s1,s2,0.34762938506423047,0,2.8500251037518396,77.72611975621254,5845.287756435065,0,0
exp_046,42,s1,s2,0.1921442773627539,0,3.9395682876946623,131.75553866505768,10272.795117619728,0,0
exp_046,43,s1,s2,0.044273096392821676,0,5.097624616376486,109.28677893225989,7289.374214587568,0,0
exp_046,44,s1,s2,0.01495456200794022,0,2.438074908747344,42.54880784633431,6483.782912014763,0,0
exp_046,45,s1,s2,0.017057165930615608,0,3.6001629846251406,73.87554734135783,9383.093861372387,0,0
exp_046,46,s1,s2,0.1000862762980276,0,3.1472609476879736,62.621361176813025,7899.9540317330175,0,0
exp_046,47,s1,s2,0.010005235462887844,0,3.203813229322882,140.145110084151,7417.076272440189,0,0
exp_046,48,s1,s2,0.05441204814528786,0,4.369636972295471,51.142887227190606,11074.33176027494,0,0
exp_046,49,s1,s2,0.001998046269108079,0,2.897801243376307,29.403651349295245,9454.857922537905,0,0
exp_046,50,s1,s2,0.07270657295046254,0,3.979790191239501,157.81844556645942,8728.134221419914,0,0
exp_046,51,s1,s2,0.21003108216266814,0,3.1294083687657266,66.53635469307426,14496.854925695297,0,0
exp_046,52,s1,s2,0.07964685274592564,0,1.9049604442624855,93.2856134444906,13101.890952716114,0,0
exp_046,53,s1,s2,0.04680773098562981,0,2.0589465381118206,131.30785360492933,5418.63202932149,0,0
exp_046,54,s1,s2,0.03645162532753398,0,3.656079396306553,80.80062059508441,13646.73778584754,0,0
exp_046,55,s1,s2,0.07633426804890593,0,2.223029268036703,113.54879499037649,12006.22264719447,0,0
exp_046,56,s1,s2,0.0012034386577807245,0,3.8813483352429996,123.3469026281562,9692.177196461162,0,0
exp_046,57,s1,s2,0.17665654610503656,0,3.6714307632261565,155.1357245139651,9451.492813978337,0,0
exp_046,58,s1,s2,0.03173224323304439,0,3.3790678965044463,146.02987870880406,12980.168352505762,0,0
exp_046,59,s1,s2,0.08028882272581407,0,2.4658286586522316,38.256126116840015,9400.834445374267,0,0
exp_046,60,s1,s2,0.25430781494543403,0,2.1622135092216737,185.42088905406587,12570.581928374357,0,0
exp_046,61,s1,s2,0.15840238337412912,0,4.593276505674354,80.6456483327811,13399.372805196774,0,0
exp_046,62,s1,s2,0.26377240612336844,0,4.413448735616474,120.92554233944291,9945.64870209647,0,0
exp_046,63,s1,s2,0.0042555788787813215,0,3.186584474479325,155.63581115115787,8831.500030112677,0,0
exp_046,64,s1,s2,0.05272580183627451,0,2.2124384036657174,96.61321831434667,7746.654115799202,0,0
exp_046,65,s1,s2,0.19080221116397988,0,3.4171446595971333,180.15689659133898,9807.03984669963,0,0
exp_046,66,s1,s2,0.029971846674417848,0,5.419466236972917,64.46403647560939,12126.379514315806,0,0
exp_046,67,s1,s2,0.018228978260154818,0,2.470238086749196,153.78924336766758,10032.580832903554,0,0
exp_046,68,s1,s2,0.09362493786613905,0,5.737700468240538,77.35318328995815,6115.234646828712,0,0
exp_046,69,s1,s2,0.056590758629207864,0,2.5498767941632456,88.06486367491054,6916.4922563199425,0,0
exp_046,70,s1,s2,0.09224208990823622,0,2.4824583198732015,75.39044921902851,10528.304323866363,0,0
exp_046,71,s1,s2,0.23507517719941015,0,3.1168241393917904,104.16282404892097,10829.802022965152,0,0
exp_046,72,s1,s2,0.05275133601554696,0,2.0750615873893272,144.5037934760074,5780.539580054037,0,0
exp_046,73,s1,s2,0.042253211351095055,0,4.043703515313709,40.31598370104459,10513.626788118143,0,0
exp_046,74,s1,s2,0.014880514077820251,0,3.1872473816187776,140.97504087182662,9576.842254237768,0,0
exp_046,75,s1,s2,0.27677194304049924,0,3.10446650983031,92.73662012591872,8646.655057200092,0,0
exp_046,76,s1,s2,0.118872219143111,0,3.031645801853568,138.47623101993346,5226.388234287473,0,0
exp_046,77,s1,s2,0.0029272520301637816,0,4.109970032284352,66.61336326098066,7882.613430735828,0,0
exp_046,78,s1,s2,0.04071694610221306,0,2.6570449540751278,112.70902620891377,13468.129619628855,0,0
exp_046,79,s1,s2,0.030896361395625217,0,2.9344428992840497,130.47514061194832,7564.381059984581,0,0
exp_046,80,s1,s2,0.07366204996102059,0,1.8501530427644706,157.8556574210276,12252.71203161024,0,0
exp_046,81,s1,s2,0.02906893242470909,0,3.12624412492247,50.77258193692013,6511.186758941303,0,0
exp_046,82,s1,s2,0.2821524859208274,0,3.7496450233318965,76.11628272763437,5601.508837403752,0,0
exp_046,83,s1,s2,0.305762040713122,0,3.15156222251443,89.50727748446539,10173.422136356045,0,0
exp_046,84,s1,s2,0.05628117754528315,0,3.767181401798865,75.2965079002038,6997.513975329502,0,0
exp_046,85,s1,s2,0.12774086562236106,0,2.1486387266586995,111.98058623231358,9195.211891519995,0,0
exp_046,86,s1,s2,0.006859899947742606,0,2.060987100174952,35.7709959530419,13531.766083396029,0,0
exp_046,87,s1,s2,0.18200816418458673,0,3.019205419153364,85.4690972317536,7235.437556032824,0,0
exp_046,88,s1,s2,0.03857993990753855,0,1.8796016532496183,69.80620797569308,14300.486636415286,0,0
exp_046,89,s1,s2,0.0009400009894029713,0,4.0212823933111865,111.55008041858031,6863.071741153468,0,0
exp_046,90,s1,s2,0.08915866348670033,0,3.185715054497497,116.85336703762903,9968.426413714917,0,0
exp_046,91,s1,s2,0.1454954910093094,0,2.606211239802462,61.680261064671775,5268.96388576857,0,0
exp_046,92,s1,s2,0.10357069049010977,0,4.122453573451764,145.099861617606,13954.557782349511,0,0
exp_046,93,s1,s2,0.2754796410087444,0,2.0049229014011156,98.89039864448759,9664.173098721572,0,0
exp_046,94,s1,s2,0.08120970882093818,0,2.8132358460525526,137.6249532929329,6134.536862707098,0,0
exp_046,95,s1,s2,0.02418061164621807,0,2.5303971087305754,46.80618737424231,13764.892839452321,0,0
exp_046,96,s1,s2,0.05761973917772831,0,1.728168946964158,113.33488399419569,9928.482809843965,0,0
exp_046,97,s1,s2,0.20685231361981318,0,2.578770122779613,133.71675605384306,11657.162493399674,0,0
exp_046,98,s1,s2,0.015827255241763292,0,2.833462834862122,103.13212016028714,11006.447010702179,0,0
exp_046,99,s1,s2,0.10382893709800547,0,4.481534997128393,59.102162872506426,11515.484273479355,0,0
exp_046,100,s1,s2,0.018421881468361455,0,3.3240232484116143,1.1770090925585897,13465.102703846069,0,0
exp_046,101,s1,s2,0.3097988189815446,0,3.3376322659907682,202.3656231494931,14430.22115856759,0,0
exp_046,102,s1,s2,0.0017115065255255521,0,4.8970533432698,65.01510968425686,7175.83713867956,0,0
exp_046,103,s1,s2,0.1294157888983783,0,2.9041009228415975,58.98837630028991,11762.349561907047,0,0
exp_046,104,s1,s2,0.03102782926044678,0,3.286493946811005,122.20556953122924,11332.624111184941,0,0
exp_046,105,s1,s2,0.2626601455709663,0,1.962374614730701,110.51956132070424,6768.644749350079,0,0
exp_046,106,s1,s2,0.014177548808721291,0,2.056355310829313,24.68974073952266,12968.390646846874,0,0
exp_046,107,s1,s2,0.021227026958718392,0,2.930596705707562,189.15856921051798,14996.599211282728,0,0
exp_046,108,s1,s2,0.149871288622939,0,2.9344760698679386,109.74561863337911,6230.5019316625785,0,0
exp_046,109,s1,s2,0.0705008863276178,0,2.9785390755929915,46.58285017218057,7699.410261753804,0,0
exp_046,110,s1,s2,0.06754000219951166,0,2.9305370496947623,107.40239346050555,14934.340493695612,0,0
exp_046,111,s1,s2,0.026049432412152348,0,3.220119195499429,28.272976550979035,13420.449383160854,0,0
exp_046,112,s1,s2,0.13843104071856122,0,2.041833008999437,149.26820876293098,5225.167760703238,0,0
exp_047,0,s1,s2,0.0446285242379795,0,2.5682256720670167,207.1742193926306,14634.586620379476,0,0
exp_047,1,s1,s2,0.04344554347820562,0,2.122510489265062,143.43645064240994,10087.530926261468,0,0
exp_047,2,s1,s2,0.08042346235882157,0,2.6644954501892406,-1.5869743737757291,7792.786378984922,0,0
exp_047,3,s1,s2,0.0006018858718208231,0,3.6936922352576005,50.70267635180441,12709.63024485377,0,0
exp_047,4,s1,s2,0.03287858665889853,0,2.52637032548055,95.29287378962935,7370.629010976806,0,0
exp_047,5,s1,s2,0.15105853025067165,0,1.7110424655040795,123.21517927413122,7574.419951224321,0,0
exp_047,6,s1,s2,0.16971878693225095,0,2.372869005471831,44.99523295159681,11643.586916546443,0,0
exp_047,7,s1,s2,0.08235119025723953,0,3.931545085853252,95.44065285663444,7197.1046271505165,0,0
exp_047,8,s1,s2,0.1352549733093014,0,3.3684036250303286,45.73664708014864,13706.235634113133,0,0
exp_047,9,s1,s2,0.06123080863536941,0,3.812038072041685,128.42376058746788,6360.264248776028,0,0
exp_047,10,s1,s2,0.12235868933557459,0,3.142480673060088,139.16377765562692,6861.222445287561,0,0
exp_047,11,s1,s2,0.013575389665959545,0,2.5297746669145917,85.75254536517103,10133.940715850475,0,0
exp_047,12,s1,s2,0.00722531977651001,0,2.679724338168728,26.287717307576695,9739.147504020215,0,0
exp_047,13,s1,s2,0.08333257255399379,0,2.8653061328493443,103.05839513087476,5806.209521757833,0,0
exp_047,14,s1,s2,0.006278981294448523,0,2.4651323829046525,95.51410856038726,12460.812668313263,0,0
exp_047,15,s1,s2,0.02523151616112708,0,2.977761446164906,135.91966291736728,9463.257524422017,0,0
exp_047,16,s1,s2,0.15165793382673576,0,3.7734489466366705,176.81725736096843,14351.4670625037,0,0
exp_047,17,s1,s2,0.0548630059358243,0,2.5347182162491784,159.86060175519387,13383.456742961049,0,0
exp_047,18,s1,s2,0.030039538383011113,0,3.9951178975866357,41.05114498947662,7127.132949517963,0,0
exp_047,19,s1,s2,0.02602669085898708,0,4.079932883000862,41.232618192427964,13893.880924232319,0,0
exp_047,20,s1,s2,0.11226006764984398,0,3.169388983165416,163.73665038290355,5689.2322134514525,0,0
exp_047,21,s1,s2,0.010587866266002518,0,1.0754061213680315,130.39577742864324,7205.680736369426,0,0
exp_047,22,s1,s2,0.06278406930764445,0,1.9189021520628105,178.25507203042963,13025.422571573416,0,0
exp_047,23,s1,s2,0.1341409896451272,0,3.958964443280298,32.158792472338135,13554.783401603136,0,0
exp_047,24,s1,s2,0.0866368908068128,0,2.5973974529770345,168.12232119375795,10904.913456548047,0,0
exp_047,25,s1,s2,0.005727577781376619,0,3.3975340286970566,137.72992119659966,6860.500328086995,0,0
exp_047,26,s1,s2,0.0031520019862749772,0,2.712263539266409,150.60560593582068,7638.648760399199,0,0
exp_047,27,s1,s2,0.08247899779070651,0,4.836572634028904,52.106730228566,9837.932330545136,0,0
exp_047,28,s1,s2,0.11947922100408968,0,2.6560915078190153,119.9619088125745,8294.328805654868,0,0
exp_047,29,s1,s2,0.05741481495401549,0,2.890691303419229,118.75264051725502,8810.998495926295,0,0
exp_047,30,s1,s2,0.10597931646781589,0,3.58022324965239,94.80499338149254,13944.68760475444,0,0
exp_047,31,s1,s2,0.07203308877918703,0,2.4885771613463374,108.37629875811243,11957.30528032398,0,0
exp_047,32,s1,s2,0.12282684782827316,0,1.7797148158603826,69.35309986327573,14150.784018170167,0,0
exp_047,33,s1,s2,0.055635468751725904,0,2.7487971871406414,104.13689611274394,9140.671665768363,0,0
exp_047,34,s1,s2,0.16996843949968,0,4.473158757314463,19.728316683208224,7098.558004845395,0,0
exp_047,35,s1,s2,0.053875478510179466,0,3.1166985632258033,137.54958108890028,14019.314590929314,0,0
exp_047,36,s1,s2,0.23229847532722947,0,2.838783394407564,76.2784795675121,11208.040852687936,0,0
exp_047,37,s1,s2,0.05146850560009652,0,2.977588136206124,77.39284912047087,9421.307422703801,0,0
exp_047,38,s1,s2,0.14140737213746055,0,2.0896376725668278,64.48597223616956,7559.3895767662625,0,0
exp_047,39,s1,s2,0.03620318704397179,0,2.3065634572279907,220.74753168561875,8368.945651790578,0,0
exp_047,40,s1,s2,0.04689068841444599,0,3.278029467578935,96.201681046768,7329.969880529526,0,0
exp_047,41,s1,s2,0.17040868923766622,0,2.1314866126956122,183.68598837413234,10552.030889142896,0,0
exp_047,42,s1,s2,0.029205280442335137,0,3.690302928091935,141.08510612574096,6783.750019360905,0,0
exp_047,43,s1,s2,0.05478852648481902,0,4.499514029392778,77.72278733164774,13376.609057760554,0,0
exp_047,44,s1,s2,0.009957188149898967,0,4.529997981081266,118.40369732855389,12861.905940651584,0,0
exp_047,45,s1,s2,0.016016115174791214,0,4.1508019570579195,104.10441252452718,8185.1857658528415,0,0
exp_047,46,s1,s2,0.05535885613088316,0,2.575743127102722,140.38202904427453,5014.503165911272,0,0
exp_047,47,s1,s2,0.026678089199706795,0,1.9896661497635615,134.05810322980818,14347.423629769824,0,0
exp_047,48,s1,s2,0.0726589279023808,0,0.6607680995931271,28.98324336172633,11925.876396716318,0,0
exp_047,49,s1,s2,0.060195960068418514,0,2.2457318387085365,93.66083466806651,10293.659874977611,0,0
exp_047,50,s1,s2,0.10422703069760315,0,3.859630094362937,67.8837641250286,11697.758460373638,0,0
exp_047,51,s1,s2,0.10507973692222106,0,3.5015982477225656,95.70115291877886,7741.891679492476,0,0
exp_047,52,s1,s2,0.08620523434483057,0,4.088633900991555,57.54391483997116,5477.914838701215,0,0
exp_047,53,s1,s2,0.004698036411476249,0,2.7214018064864316,165.8777435282937,8411.800546003557,0,0
exp_047,54,s1,s2,0.09352871827649889,0,2.052671477686265,132.00566753959063,6854.3124140473155,0,0
exp_047,55,s1,s2,0.3173681349825911,0,1.2605925342538855,170.96731161137566,13014.416946695064,0,0
exp_047,56,s1,s2,0.07447751810140955,0,2.2551131412519005,67.19141762037316,8968.592661698218,0,0
exp_047,57,s1,s2,0.19653692776094822,0,1.7590785151828476,128.07359889358784,11058.668475118884,0,0
exp_047,58,s1,s2,0.04830550972783039,0,3.1842084426511423,55.51717582269295,11830.42747084586,0,0
exp_047,59,s1,s2,0.11402865805587381,0,3.0037324092913726,213.77043618464447,10194.726168593257,0,0
exp_047,60,s1,s2,0.10096131904777317,0,4.065406101794091,165.44026122250824,10869.455649134517,0,0
exp_048,0,s1,s2,0.09122374283563538,0,3.9446984637177005,59.631382801397834,6968.023458940164,0,0
exp_048,1,s1,s2,0.1546049740392137,0,2.700288245376313,89.95972524783701,9788.225545308036,0,0
exp_048,2,s1,s2,0.1677806729909969,0,2.660822691717628,95.85554040888273,10533.097122982637,0,0
exp_048,3,s1,s2,0.11409084596387427,0,2.389553797884134,174.9075945945545,5970.1963149240055,0,0
exp_048,4,s1,s2,0.0877855024986978,0,3.3937057466979947,92.49162487423625,10027.121080613277,0,0
exp_048,5,s1,s2,0.06391629987775226,0,1.92463071840209,36.36692491076366,10127.54784079912,0,0
exp_048,6,s1,s2,0.036624169589361426,0,2.8524692834632708,147.45413118737633,7920.220840130243,0,0
exp_048,7,s1,s2,0.016888601945287286,0,4.979567301324379,1.2538811224209967,8397.846108803316,0,0
exp_048,8,s1,s2,0.13855656158192842,0,6.114749002777726,136.10773831884376,7458.393191938222,0,0
exp_048,9,s1,s2,0.04869201350726645,0,3.409249452720259,4.50956514858415,7549.923964109491,0,0
exp_048,10,s1,s2,0.09703145938696682,0,2.030142137264641,-40.13053952142691,14426.071398153263,0,0
exp_048,11,s1,s2,0.12247209771305326,0,3.02836849889184,13.884995018647906,9666.728190519783,0,0
exp_048,12,s1,s2,0.15850019516948455,0,2.4782013152535973,140.16127802622603,13211.514539062364,0,0
exp_048,13,s1,s2,0.019784308117862755,0,2.2197319140387517,140.80789469298864,7979.311574132959,0,0
exp_048,14,s1,s2,0.19137090943509288,0,3.1522590227577725,98.75966462361335,6519.430299074411,0,0
exp_048,15,s1,s2,0.06224073735279021,0,1.9526681982547278,80.73613999803506,5903.832428034507,0,0
exp_048,16,s1,s2,0.07590887133001108,0,3.0144457687066484,-14.467756076899295,14989.033679394519,0,0
exp_048,17,s1,s2,0.07314021163060543,0,3.8187288360195737,171.13354161260506,11853.298584573216,0,0
exp_048,18,s1,s2,0.08452897529193533,0,2.9707177438519814,102.31479364301131,14929.372693269417,0,0
exp_048,19,s1,s2,0.11381491230936605,0,3.8066809042333003,94.65679175960719,12949.861896174554,0,0
exp_048,20,s1,s2,0.05603049146022483,0,3.723702033903058,132.98709215190502,12448.587327255555,0,0
exp_048,21,s1,s2,0.03226248410099255,0,3.0822903398371224,50.517289262002954,5372.561899410344,0,0
exp_048,22,s1,s2,0.020013656310337122,0,3.6969274644194488,40.046940860820676,9688.205244482318,0,0
exp_048,23,s1,s2,0.06132506799842227,0,2.751533790259271,177.05475446885188,8484.887429180464,0,0
exp_048,24,s1,s2,0.32821097468143595,0,4.319136865442034,125.5125976438042,13164.129547585642,0,0
exp_048,25,s1,s2,0.004716826860134669,0,4.0240082550725775,148.61507576347296,7140.794214562681,0,0
exp_048,26,s1,s2,0.011965669689268332,0,2.166541409711959,141.53754055664427,5016.738040836773,0,0
exp_048,27,s1,s2,0.025305214182974885,0,1.7723794278213294,55.70133506508067,14199.370671792445,0,0
exp_048,28,s1,s2,0.02646597286315219,0,3.5866644094253983,97.91812253151156,13791.994913702221,0,0
exp_048,29,s1,s2,0.03699895838499786,0,3.9143053146445106,15.010253362157155,14178.628507542298,0,0
exp_048,30,s1,s2,0.0010050129243223108,0,4.0695436245027725,83.65908285300912,9104.69978386776,0,0
exp_048,31,s1,s2,0.12731616779484053,0,2.0054916493160504,132.40138554319583,9495.945043669832,0,0
exp_048,32,s1,s2,0.08351410513043457,0,3.838392971982411,128.01619421641885,12599.332111694934,0,0
exp_048,33,s1,s2,0.002871996557020684,0,2.9673816142718628,203.66653004360208,10738.617358535868,0,0
exp_048,34,s1,s2,0.046675485263341726,0,3.9728631577547873,159.87118310112044,10794.864814563654,0,0
exp_048,35,s1,s2,0.19776472119539232,0,2.6949253071348163,69.48129782577895,9951.304152028279,0,0
exp_048,36,s1,s2,0.3184590619868975,0,2.789246009725646,72.3149292518777,14258.9055372595,0,0
exp_048,37,s1,s2,0.22822685531574935,0,2.592369043770927,138.8512487788836,13468.357797510054,0,0
exp_048,38,s1,s2,0.07038834321977182,0,1.6469240553664188,131.02705348603897,12066.73888919101,0,0
exp_048,39,s1,s2,0.03970463022958945,0,4.235890309899062,29.48741011468744,7398.319221740709,0,0
exp_048,40,s1,s2,0.025416828368547265,0,4.262580189161378,70.29595714808562,7246.820490631492,0,0
exp_048,41,s1,s2,0.154795902291955,0,4.075450382243041,158.73461874759613,9747.556737134106,0,0
exp_048,42,s1,s2,0.13699795084931662,0,3.002788696001867,93.04402629034124,14238.364290370244,0,0
exp_048,43,s1,s2,0.19917192394463937,0,3.0263811488680434,78.71953306325821,5042.8710141693355,0,0
exp_048,44,s1,s2,0.15586257378699167,0,4.057057168290192,61.965865675938105,14447.933417035718,0,0
exp_048,45,s1,s2,0.3733251666337005,0,2.855421634055358,109.62965855299659,6946.001699279969,0,0
exp_048,46,s1,s2,0.09829125759860742,0,2.7541236174443227,101.10423285737176,8917.273511513291,0,0
exp_048,47,s1,s2,0.2371838771886599,0,2.8978435237019604,106.8719857856466,8819.630691572607,0,0
exp_048,48,s1,s2,0.08218127414162656,0,3.106049675551932,158.4674364358082,14681.998124630349,0,0
exp_048,49,s1,s2,0.1604709797545805,0,2.1728138088788764,62.35696294308229,13643.834254567315,0,0
exp_048,50,s1,s2,0.008847907628293544,0,4.224222411573981,82.54549012480811,13132.393318411736,0,0
exp_048,51,s1,s2,0.01494085539608264,0,0.01606725856323621,9.079085819882637,8237.214524392184,0,0
exp_048,52,s1,s2,0.24910995269001246,0,2.8396999834526477,67.13322421493649,13351.375620988107,0,0
exp_048,53,s1,s2,0.05493683934093228,0,3.131965556601905,152.9758495186333,10617.092362466075,0,0
exp_048,54,s1,s2,0.0006886619008340338,0,3.325534205881859,126.3279608958648,9872.823511687731,0,0
exp_048,55,s1,s2,0.00860259459743437,0,2.32464910702091,175.45076884120164,10702.286311466745,0,0
exp_048,56,s1,s2,0.03472770657183021,0,2.2266200470570325,43.25329496522227,13138.28023413713,0,0
exp_048,57,s1,s2,0.05559825912740123,0,2.357712784845342,9.787917618090159,5322.873659464683,0,0
exp_048,58,s1,s2,0.22127835379816208,0,2.055644858766696,106.18478475448055,7884.069319491353,0,0
exp_048,59,s1,s2,0.41075969207662455,0,1.3833135935885055,136.06140960038366,9263.456613659942,0,0
exp_048,60,s1,s2,0.02990461050834995,0,3.8189872752630003,74.88889502125679,9785.570667139235,0,0
exp_048,61,s1,s2,0.020198722909279383,0,2.5066909648759106,160.5892865575876,12077.291878066204,0,0
exp_048,62,s1,s2,0.18154150842130543,0,3.0215547521601867,89.05873868262108,7642.409618750001,0,0
exp_048,63,s1,s2,0.06331849705482714,0,3.0029468885659414,60.37475645974744,6248.556531781404,0,0
exp_048,64,s1,s2,0.182379367843305,0,2.914380869077879,102.60808362562973,13363.503547279342,0,0
exp_048,65,s1,s2,0.03929810972959433,0,1.9250519261444212,75.30138951333072,13353.04121492478,0,0
exp_048,66,s1,s2,0.051869948112806485,0,3.0310617474596726,99.13079267356395,8012.383626467606,0,0
exp_048,67,s1,s2,0.17803839842793734,0,3.8751603667989682,119.88997813498916,14761.179867028974,0,0
exp_048,68,s1,s2,0.2051699405716418,0,4.237500702537925,81.04720021605932,12116.508103070932,0,0
exp_048,69,s1,s2,0.0063582893448959595,0,2.939197018159001,138.38356849205584,6344.505656962559,0,0
exp_048,70,s1,s2,0.05540430148170118,0,4.354532865275369,195.76122523421108,10747.93646786303,0,0
exp_048,71,s1,s2,0.02954982502082408,0,3.7471381877884804,112.16782740288573,8886.669465516008,0,0
exp_048,72,s1,s2,0.09958218358686383,0,2.4362939122402403,105.3406200269914,12235.845949204733,0,0
exp_048,73,s1,s2,0.1109731977293004,0,1.7941152633608424,11.182978277726374,14177.609364772998,0,0
exp_048,74,s1,s2,0.0013220634249122246,0,3.7795636838560003,105.8282413943059,14139.872477695968,0,0
exp_048,75,s1,s2,0.08786476178240225,0,2.190059056423179,88.0082856535539,6737.842038123505,0,0
exp_048,76,s1,s2,0.11384140388261266,0,2.4576417846872474,105.2425670360316,7397.674201916326,0,0
exp_048,77,s1,s2,0.09018970954757759,0,3.6670624031106946,121.84055112150335,11107.074623297363,0,0
exp_048,78,s1,s2,0.06134928520648998,0,2.0494561882257494,136.72583728592122,6097.843261955502,0,0
exp_048,79,s1,s2,0.14348586505423183,0,3.0902419789916973,126.6830403054137,9825.423709978604,0,0
exp_048,80,s1,s2,0.07644374703901047,0,0.2888908137087567,49.49287925812339,14470.356941462129,0,0
exp_048,81,s1,s2,0.06534711693940908,0,3.0964660246323397,92.39042489061805,8915.616034079147,0,0
exp_048,82,s1,s2,0.12402687573591192,0,4.6625180643166235,131.02670448145457,5619.939570356795,0,0
exp_048,83,s1,s2,0.0034460317412552213,0,4.499609187980475,52.854030891712604,7236.825269059941,0,0
exp_048,84,s1,s2,0.05681029587283735,0,3.300195238772504,116.04662425814692,13913.521852889884,0,0
exp_048,85,s1,s2,0.24667729865412213,0,5.008505734288778,104.04065923038068,11188.909120156943,0,0
exp_048,86,s1,s2,0.03695409867363102,0,2.0866682474941363,36.52497912564213,7184.577320076922,0,0
exp_048,87,s1,s2,0.14162734797122953,0,2.401099003363517,170.12438970537968,13246.126161667149,0,0
exp_048,88,s1,s2,0.15106600999436753,0,1.6235656472838222,135.27722337310794,6040.3576783014705,0,0
exp_048,89,s1,s2,0.02912194229135702,0,3.4084948304572458,100.41575526140673,5636.872402003586,0,0
exp_048,90,s1,s2,0.022323355638445935,0,1.5367194004080629,147.6001188155188,13585.042994398842,0,0
exp_048,91,s1,s2,0.01501451974031641,0,4.047545434585983,70.63261898635625,13078.08065559946,0,0
exp_048,92,s1,s2,0.12213747273243421,0,1.1313307442604654,74.23827165055113,14629.57936181727,0,0
exp_048,93,s1,s2,0.014996543174555413,0,0.8226048723422403,131.70218666102795,6469.078900722069,0,0
exp_048,94,s1,s2,0.13493666089751322,0,2.8497634925054522,81.59362572223415,10621.91225420091,0,0
exp_048,95,s1,s2,0.051485995634676776,0,3.255174917794598,92.78647961755065,14309.70388498664,0,0
exp_048,96,s1,s2,0.05380161921508706,0,1.4131700419898776,56.231450235626056,13557.561929123605,0,0
exp_048,97,s1,s2,0.08391336127285585,0,0.5899782571003214,149.80361695594826,8378.649436435579,0,0
exp_049,0,s1,s2,0.07395815432591313,0,0.8994856837662004,132.6440185736144,11902.553594121204,0,0
exp_049,1,s1,s2,0.06376298675867498,0,1.8083514611012916,56.63427456228342,14256.512069332595,0,0
exp_049,2,s1,s2,0.034388496419887706,0,1.0492326726284984,58.54499739419467,5861.7882742803595,0,0
exp_049,3,s1,s2,0.020571431976818558,0,3.5913201605738436,52.593802678372874,9065.854099658092,0,0
exp_049,4,s1,s2,0.15231114340078067,0,2.1006267986581033,130.512212889476,10629.169201201006,0,0
exp_049,5,s1,s2,0.13583245723376344,0,4.260429399223258,183.8317670318482,12396.10887400768,0,0
exp_049,6,s1,s2,0.005845650933166729,0,2.0781413200724215,146.91956670297932,10718.72254509354,0,0
exp_049,7,s1,s2,0.02774743419848514,0,2.9286821094851807,162.1475101521031,11429.412120249835,0,0
exp_049,8,s1,s2,0.15802774588273447,0,3.2984278994828182,125.41843383609753,6487.6857619040575,0,0
exp_049,9,s1,s2,0.1927801688500994,0,4.442578172252443,178.1444909839088,14213.405598049216,0,0
exp_049,10,s1,s2,0.02861253589803646,0,3.081655224772774,19.415077903140286,12508.630665348652,0,0
exp_049,11,s1,s2,0.05928326493062838,0,2.250224124968189,205.72717311506509,11103.871804869686,0,0
exp_049,12,s1,s2,0.17274464257107772,0,3.5608432859764205,54.13966518324874,12874.257393381833,0,0
exp_049,13,s1,s2,0.05925987579396861,0,2.3854706608264666,153.05658784743997,8573.094694080502,0,0
exp_049,14,s1,s2,0.040948241132409885,0,4.901384665586316,99.40814268798378,12718.631310005108,0,0
exp_049,15,s1,s2,0.04985195227301269,0,4.245821554963504,146.03772826286192,7969.173316773816,0,0
exp_049,16,s1,s2,0.010161362130537015,0,3.31162882372473,134.71996710736187,11481.104088762915,0,0
exp_049,17,s1,s2,0.0060708547750844164,0,3.267391300797406,164.33848781876267,13478.844173175661,0,0
exp_049,18,s1,s2,0.36714790721258717,0,3.754465828935119,24.659917758235462,5380.6823114987965,0,0
exp_049,19,s1,s2,0.14748270231930133,0,2.786369691514614,53.56083150082919,13174.460023253014,0,0
exp_049,20,s1,s2,0.11885884083765484,0,3.1015559856102444,86.5936484686075,14689.484917533215,0,0
exp_049,21,s1,s2,0.10649684308648442,0,2.359900348283093,39.06444496153173,14766.505556584678,0,0
exp_049,22,s1,s2,0.02536703023587348,0,0.9498609574446468,163.3591065869442,12683.152979282217,0,0
exp_049,23,s1,s2,0.2020337299373962,0,4.26519888795295,37.226599515379135,10490.476975177273,0,0
exp_049,24,s1,s2,0.03263459668675937,0,3.2932713754434304,13.434659516362323,6540.028735322998,0,0
exp_049,25,s1,s2,0.16650029307222247,0,2.1929119402624186,83.32881458587936,9757.000212554925,0,0
exp_049,26,s1,s2,0.051028558701520704,0,2.2957054305157953,127.85512234680702,14355.21285464403,0,0
exp_049,27,s1,s2,0.049779988253712076,0,0.45046065526331924,58.0450888714476,7805.47023287719,0,0
exp_049,28,s1,s2,0.22542168063498896,0,3.845460532974367,9.769854530538835,7400.335843743302,0,0
exp_049,29,s1,s2,0.15964001485032345,0,2.2638029156173256,149.5523523463726,11815.540731434536,0,0
exp_049,30,s1,s2,0.12169686628470727,0,5.038641925048266,163.3401804221667,10744.546382907958,0,0
exp_049,31,s1,s2,0.0085410191202792,0,2.639802091515065,201.4544929974533,9384.572805414135,0,0
exp_049,32,s1,s2,0.1966107276258407,0,3.877909797753002,38.39007668434478,6182.988900407215,0,0
exp_049,33,s1,s2,0.09209205078845689,0,1.311407799372593,139.22681187649167,11735.312598991562,0,0
exp_049,34,s1,s2,0.1863351326882383,0,2.817032959433499,36.68206725767953,8191.8771012384095,0,0
exp_049,35,s1,s2,0.03331802568846701,0,2.766326708275076,153.80893668024572,8390.763418039127,0,0
exp_049,36,s1,s2,0.09251058244548872,0,2.306766663283053,63.991949021408054,10202.887308715046,0,0
exp_049,37,s1,s2,0.052640083787648895,0,2.7538401756814785,94.3428731684512,10207.742386385216,0,0
exp_049,38,s1,s2,0.1696135914536634,0,2.5692695350339823,128.60388105024717,10996.412039474882,0,0
exp_049,39,s1,s2,0.19371180790645626,0,3.6891895986981487,92.72161751285579,14029.78529129553,0,0
exp_049,40,s1,s2,0.023336296385785587,0,2.246879049567338,71.59691928151996,6960.543514547023,0,0
exp_049,41,s1,s2,0.23844687719286523,0,4.377879641818474,200.39780479311605,8905.476467244598,0,0
exp_049,42,s1,s2,0.09988509196391097,0,1.5801424654150273,40.46452840274195,9308.196881586438,0,0
exp_049,43,s1,s2,0.06997892521219777,0,2.411198433380499,170.35496445805566,8306.131093612335,0,0
exp_049,44,s1,s2,0.1753763468765602,0,2.5666445588293625,128.3620853403452,8146.718227113083,0,0
exp_049,45,s1,s2,0.17436345028827227,0,2.7656339782805626,71.69951357399884,9483.501070408613,0,0
exp_049,46,s1,s2,0.020711226089184312,0,2.7040724597912367,36.96779420056722,12545.217247348557,0,0
exp_049,47,s1,s2,0.18340386470971326,0,3.6957197008450766,61.596482226781596,10405.98706055662,0,0
exp_049,48,s1,s2,0.03970205251202067,0,2.3358872853702866,55.46659333771495,9292.88950300952,0,0
exp_049,49,s1,s2,0.019498283699328996,0,4.5773272970504735,74.72752393222427,11715.152436963861,0,0
exp_049,50,s1,s2,0.023989166876388524,0,3.172812279771284,-5.965068384410377,11378.44179887727,0,0
exp_049,51,s1,s2,0.07828421143930098,0,0.3994640725709764,38.21469879889381,9982.64499295018,0,0
exp_049,52,s1,s2,0.05697824535150129,0,3.9903862366113527,105.27503748981397,11328.293130546117,0,0
exp_049,53,s1,s2,0.12823700262348775,0,4.702147323502177,158.01053840535474,10783.498284481802,0,0
exp_049,54,s1,s2,0.0027234024494325946,0,2.131323084519027,88.46719155659757,5969.284504409325,0,0
exp_049,55,s1,s2,0.15775853916825358,0,4.34225352630361,83.49159687465846,7727.864706808315,0,0
exp_049,56,s1,s2,0.029633646968883938,0,3.6551002716225307,29.843079595550016,13149.993898456001,0,0
exp_049,57,s1,s2,0.06019564012567141,0,3.2925984457408304,96.26973054406227,6167.540360116388,0,0
exp_049,58,s1,s2,0.06667636706252965,0,2.142865289565459,90.24091635427114,7682.003620882192,0,0
exp_049,59,s1,s2,0.002885349998215424,0,3.271273030109293,147.40750059010554,13150.184978702508,0,0
exp_049,60,s1,s2,0.07372128726899967,0,4.605198015209526,139.7633606241102,14080.116274642149,0,0
exp_049,61,s1,s2,0.009623768641405746,0,4.224981408055885,50.464323930595285,14583.505630013928,0,0
exp_049,62,s1,s2,0.39532319753348366,0,1.8508010653119376,125.89866881450827,6192.089114139568,0,0
exp_049,63,s1,s2,0.2919579786625019,0,1.6587901881329528,85.48140779920334,14338.925157776011,0,0
exp_049,64,s1,s2,0.011040016177310163,0,3.771191905329739,170.66864623426034,5877.346643808918,0,0
exp_049,65,s1,s2,0.04136214744720687,0,3.3204616215115825,46.32282782380551,9771.130316774288,0,0
exp_049,66,s1,s2,0.00042842891347622566,0,2.9720160073292052,104.42517369089408,7582.0439283705,0,0
exp_049,67,s1,s2,0.025159826886653754,0,2.25288373896738,18.995283040247145,13713.55916178089,0,0
exp_049,68,s1,s2,0.10269081060294527,0,3.7963100828535357,86.87515697696226,12497.242022136,0,0
exp_049,69,s1,s2,0.025864186101986854,0,3.6389230223745517,110.87103212181479,9964.608784504126,0,0
exp_049,70,s1,s2,0.132280289857565,0,2.743110016075111,80.00913344626998,10950.96437342649,0,0
exp_049,71,s1,s2,0.03223505600399238,0,2.8945146328422235,125.49656206783976,9572.30405732365,0,0
exp_049,72,s1,s2,0.12093274263276682,0,0.6619912832084487,124.05351847553862,5766.378751545788,0,0
exp_049,73,s1,s2,0.09074439540380855,0,3.397266335621498,139.30481600521875,8814.950100469521,0,0
exp_049,74,s1,s2,0.01366517583323109,0,4.476753729848928,63.91889043853175,9107.634398907558,0,0
exp_049,75,s1,s2,0.0697691367460087,0,1.518154498918705,107.87587486663999,8398.059454957624,0,0
exp_049,76,s1,s2,0.10340298378018596,0,3.0745640620604964,81.21410454731416,7834.422394537497,0,0
exp_049,77,s1,s2,0.11071013010159095,0,3.4300776483674853,67.31546565018716,11456.397197629782,0,0
exp_049,78,s1,s2,0.3548833478353163,0,2.748220925857382,123.89059231346923,5273.16572725437,0,0
exp_049,79,s1,s2,0.10652797260601084,0,2.643583465977257,103.87991948726685,6226.775292025926,0,0
exp_049,80,s1,s2,0.08787582327024811,0,2.6505287620826232,47.240702768441366,5432.02864352174,0,0
exp_049,81,s1,s2,0.06335053405514872,0,3.770783147981256,133.6363488878345,9989.89466596573,0,0
exp_049,82,s1,s2,0.010078176383498042,0,3.638516579248364,91.23458399179856,7296.125565197147,0,0
exp_049,83,s1,s2,0.03853014429244871,0,3.854267561578362,145.1356574142485,14122.022880249324,0,0
exp_049,84,s1,s2,0.049121695436400804,0,0.03478947011465916,166.3777325354618,14277.521710224531,0,0
exp_049,85,s1,s2,0.1466769713944262,0,2.843055194722821,107.08882803997446,12918.466928681599,0,0
exp_049,86,s1,s2,0.056735852632156095,0,1.9392683760444662,173.72301633034178,13681.155732234804,0,0
exp_049,87,s1,s2,0.1325286316822513,0,2.6707954366710838,34.58904010518147,11247.352021229628,0,0
exp_049,88,s1,s2,0.2061348934817461,0,4.361623458308817,90.3111839892151,12829.656628006329,0,0
exp_049,89,s1,s2,0.05353548758213206,0,4.911894164497444,100.4673588182865,5311.484346469398,0,0
exp_049,90,s1,s2,0.22146787431052514,0,2.247242503142894,140.52653813947745,14811.799531889756,0,0
exp_049,91,s1,s2,0.019770774251088828,0,2.7459794338293255,129.96314127003993,12631.467101641358,0,0
exp_049,92,s1,s2,0.06094985388535365,0,2.3005104949493003,124.026483126098,7695.064583864828,0,0
exp_049,93,s1,s2,0.010520255532535612,0,2.5879443452394235,136.93040330467076,11944.762294166634,0,0
exp_049,94,s1,s2,0.17160280601214428,0,2.8920165332547296,107.00900155007963,12369.020115909616,0,0
exp_049,95,s1,s2,0.13050794891226333,0,0.309724368646465,86.38889141136521,14185.734798846095,0,0
exp_049,96,s1,s2,0.0445882293172517,0,2.9332291822892542,135.95916904746437,14643.528966401658,0,0
exp_049,97,s1,s2,0.133695124518927,0,1.9213392289694478,113.002725773039,7976.21002050974,0,0
exp_049,98,s1,s2,0.09770109683933359,0,5.513643468208903,159.54429664332596,5788.279971102012,0,0
exp_049,99,s1,s2,0.06945241966130507,0,2.8249148497262944,104.19011798056702,12602.67776323962,0,0
exp_049,100,s1,s2,0.08590282378077309,0,2.523901530557154,128.13549187862807,13332.736842131184,0,0
exp_049,101,s1,s2,0.009933534270843187,0,1.707570837399887,79.31996428373662,13760.208322908742,0,0
exp_049,102,s1,s2,0.12205081504292015,0,2.2467675233353805,77.9604151994043,11303.044775601958,0,0
exp_049,103,s1,s2,0.1090039938128208,0,3.2084572170523664,-11.832257661035772,9991.797565084658,0,0
exp_049,104,s1,s2,0.09246773754169303,0,2.687432941978673,73.88200370729427,13331.094174196363,0,0
exp_049,105,s1,s2,0.17390166062423795,0,3.9506278731265123,53.69689178254934,11720.373787178572,0,0
exp_049,106,s1,s2,0.06415494659558581,0,3.2245906332499916,91.37378133366268,11778.511843068347,0,0
exp_049,107,s1,s2,0.018511697017782398,0,4.031018217042444,143.72938229049038,13868.802851210407,0,0
exp_049,108,s1,s2,0.02521080713004307,0,4.6716594366486115,153.54411460857344,9189.528952658606,0,0
exp_049,109,s1,s2,0.06444288451994482,0,3.296772507084235,139.92840633742165,9970.009582346862,0,0
exp_049,110,s1,s2,0.013736680979513216,0,2.7363009341269215,105.21431611160995,12820.564688688231,0,0
exp_049,111,s1,s2,0.04795695131481777,0,3.147968880632763,56.0491556917625,7801.201966013881,0,0
exp_049,112,s1,s2,0.1077557333719939,0,4.2844943775351325,149.55297121112818,14924.65078777759,0,0
exp_049,113,s1,s2,0.04888973323728321,0,4.389775295320786,92.08768137791921,10783.700230218854,0,0
exp_049,114,s1,s2,0.0037968995993483503,0,2.9155632136444685,67.36318572182438,7528.522699826139,0,0
exp_049,115,s1,s2,0.013528937516365185,0,1.8299963135601371,133.89816447996674,5189.491553448094,0,0
exp_049,116,s1,s2,0.05420063694475226,0,1.8896458390583226,41.981351116626755,9452.700281815614,0,0
exp_049,117,s1,s2,0.11053768988421053,0,3.6105283942093265,108.13172349500886,10177.166663025215,0,0
exp_049,118,s1,s2,0.06397389526993268,0,3.684083978776116,61.61649228475956,6407.757762142847,0,0
exp_049,119,s1,s2,0.0675568376716397,0,4.826220478461134,54.61711458792677,14176.214699566588,0,0
exp_049,120,s1,s2,0.29298619802105025,0,2.4769160033053406,63.52194609262044,13116.353199647067,0,0
exp_050,0,s1,s2,0.03693865892277452,0,3.9846766948245462,166.27612846770296,5910.396692097381,0,0
exp_050,1,s1,s2,0.08610180378547568,0,2.557209062072152,68.47507428766234,9592.112786357788,0,0
exp_050,2,s1,s2,0.01158001790270365,0,3.574826484461862,124.51287222142597,14944.639698960014,0,0
exp_050,3,s1,s2,0.05597589294211461,0,2.918449204910221,35.139423041686335,5600.108188560877,0,0
exp_050,4,s1,s2,0.0969491138445175,0,1.6526567808405623,118.53527835577918,12979.02758894126,0,0
exp_050,5,s1,s2,0.003798095364686391,0,2.388269963581455,111.38769606294179,7512.255193123229,0,0
exp_050,6,s1,s2,0.1279822520734817,0,3.0921212820729713,9.478855913481931,14152.482695201144,0,0
exp_050,7,s1,s2,0.005090847795108157,0,4.5325330906092764,32.0466751555609,12790.912537636126,0,0
exp_050,8,s1,s2,0.04986419501263342,0,2.765477073919014,40.13011568498499,12718.876450029446,0,0
exp_050,9,s1,s2,0.15176008603632918,0,2.3668136606347665,73.75367396098004,14205.607021003498,0,0
exp_050,10,s1,s2,0.004499635187090532,0,2.564591029381914,89.64880196569844,9806.845363474285,0,0
exp_050,11,s1,s2,0.03544816890893316,0,4.783914198183148,55.201501638164785,7098.26035948717,0,0
exp_050,12,s1,s2,0.04415352380071562,0,3.6121619263953537,160.1598679071188,8262.754911512387,0,0
exp_050,13,s1,s2,0.10915421419420601,0,3.49979173049696,171.68750171071179,7394.968325010085,0,0
exp_050,14,s1,s2,2.4532060063111065e-05,0,3.5096631077101232,123.92048416718883,11976.04501394362,0,0
exp_050,15,s1,s2,0.007967211866504132,0,4.236318179706405,116.4104484214382,8896.683201081656,0,0
exp_050,16,s1,s2,0.022064758660264278,0,4.209279538888993,116.23716601755477,5488.699587070656,0,0
exp_050,17,s1,s2,0.09086976751323772,0,4.188599180534435,183.12062989111286,11500.336842370485,0,0
exp_050,18,s1,s2,0.0997976246310672,0,2.6412937592338332,74.99154513130482,11189.940052890102,0,0
exp_050,19,s1,s2,0.0017851556233286128,0,4.431019780125256,158.29433697342083,7391.747598616585,0,0
exp_050,20,s1,s2,0.09116336672360745,0,1.3119781554031247,112.02313724008516,9629.740118747546,0,0
exp_050,21,s1,s2,0.24037823914592993,0,4.914904504978405,45.87794781097821,5353.508210406942,0,0
exp_050,22,s1,s2,0.008099328209188468,0,1.791648050504401,66.78595127628395,12473.245684517227,0,0
exp_050,23,s1,s2,0.018628146194689908,0,2.5782881481564974,22.607976936066933,8314.380690146132,0,0
exp_050,24,s1,s2,0.08804222924628695,0,1.9287817769892908,18.86467146280656,13628.86608249486,0,0
exp_050,25,s1,s2,0.21587569906461268,0,3.2071212770708737,109.3023856075606,10697.28669339117,0,0
exp_050,26,s1,s2,0.10391173816843276,0,4.4416461833422005,114.43048256492466,10510.004857614442,0,0
exp_050,27,s1,s2,0.011774462151384418,0,3.5924210073873066,135.19036911257874,13203.005952826254,0,0
exp_050,28,s1,s2,0.02112513736380398,0,2.0669720291587357,47.836120294464145,10080.805361856736,0,0
exp_050,29,s1,s2,0.014372844534542137,0,1.8221636449236964,78.76278050644962,7647.627130327364,0,0
exp_050,30,s1,s2,0.1225494866502047,0,2.4956879664956833,103.58156383880848,5852.492450115503,0,0
exp_050,31,s1,s2,0.12210648263221915,0,3.786860068735157,129.52261503923623,9742.415117703049,0,0
exp_050,32,s1,s2,0.19647386725402827,0,2.487181190543657,65.86839889939391,6345.021476019713,0,0
exp_050,33,s1,s2,0.15971994122396135,0,2.430830222319211,77.58563678773389,11231.106875880561,0,0
exp_050,34,s1,s2,0.008021491772490012,0,1.587416817455939,115.15081462374815,7330.049479775958,0,0
exp_050,35,s1,s2,0.1665842132061991,0,4.9220369396065475,100.88106554884267,9527.554512749155,0,0
exp_050,36,s1,s2,0.027143874715296903,0,3.0626561449357967,122.44837777851069,6309.819037679124,0,0
exp_050,37,s1,s2,0.05210275572780298,0,1.9050193818877172,67.32003574091644,14334.399892402595,0,0
exp_050,38,s1,s2,0.2127959704706854,0,2.442224637481237,43.25129175503712,12623.153916708216,0,0
exp_050,39,s1,s2,0.023383304105503586,0,4.648412607694487,137.77308569354815,11539.723257107664,0,0
exp_050,40,s1,s2,0.1225566411406079,0,3.8331303283983447,83.11018684713358,5218.070625151067,0,0
exp_050,41,s1,s2,0.03399624690550355,0,3.140910878386947,78.96903287719893,6007.903707316195,0,0
exp_050,42,s1,s2,0.18689010031172804,0,2.780892837666373,103.4083550193293,12147.77365434623,0,0
exp_050,43,s1,s2,0.19807548668883188,0,2.838170736985644,102.7769370445833,13579.195484604064,0,0
exp_050,44,s1,s2,0.13185008168254309,0,1.4810048367427975,46.13055180505315,9798.2018140744,0,0
exp_050,45,s1,s2,0.20181714882020285,0,2.575923406633021,86.82502635369806,13646.363729610499,0,0
exp_050,46,s1,s2,0.002664160574697652,0,2.736294694423446,127.89688907621868,10082.227016882676,0,0
exp_050,47,s1,s2,0.0141904088598008,0,3.2461177294504044,119.81339582827516,14241.555866080342,0,0
exp_050,48,s1,s2,0.11495763250086065,0,2.427303848941687,52.909863383752224,9868.485751034734,0,0
exp_050,49,s1,s2,0.09346028941339218,0,2.815545529345432,133.8920048858942,12030.72021907146,0,0
exp_050,50,s1,s2,0.3244420553746368,0,4.596089292194241,72.77359415326521,7935.383387370837,0,0
exp_050,51,s1,s2,0.04064419124252058,0,4.593106221502925,48.09465067694829,6064.337186997015,0,0
exp_050,52,s1,s2,0.06711955672323282,0,1.5516440820416961,85.3812323453157,8002.698358518022,0,0
exp_050,53,s1,s2,0.3414840664273365,0,2.0622133336588395,65.41857872883436,10362.091710683335,0,0
exp_050,54,s1,s2,0.11115699803340105,0,3.931469519553989,141.23297814246266,5368.324915147531,0,0
exp_050,55,s1,s2,0.050047999214285634,0,3.2489346118611167,108.42253849662472,11022.001233327832,0,0
exp_050,56,s1,s2,0.005372451426125551,0,2.293670293303708,91.427103467958,12485.378626845846,0,1
exp_050,57,s1,s2,0.00656115972449623,0,2.664716525482663,36.556370369711054,9626.48367114872,0,1
exp_050,58,s1,s2,0.05216872319031443,0,4.804104664586301,84.51591089816361,8692.688229555415,0,1
exp_050,59,s1,s2,0.07935211699656651,0,1.9917139320356723,32.27551913188248,11137.989590420808,0,1
exp_050,60,s1,s2,0.06743149290967697,0,3.460238943227918,184.78062666390431,13035.740853838728,0,1
exp_050,61,s1,s2,0.05859231856490804,0,5.073256706682891,94.53154667947709,7212.439444120489,0,1
exp_050,62,s1,s2,0.04876455967212276,0,2.6909397414230303,104.09483376003956,9369.714336339417,0,1
exp_050,63,s1,s2,0.09134196980042641,0,3.059661893696978,9.284593930519147,5564.143726600913,0,1
exp_050,64,s1,s2,0.027542998978218294,0,2.573237171161432,115.56976787060094,7576.905248339566,0,1
exp_050,65,s1,s2,0.2883162835970608,0,3.512583152688558,129.4511539820961,13645.574903021568,0,1
exp_050,66,s1,s2,0.13847183500074958,0,3.0457391290026634,47.60668470055142,9442.43920802322,0,1
exp_050,67,s1,s2,0.037273402966114234,0,2.86538456693677,162.69658985877402,5602.976013575497,0,1
exp_050,68,s1,s2,0.03215361545234973,0,3.3855271268417795,86.49940062743991,11474.381006389998,0,1
exp_050,69,s1,s2,0.08218360676509366,0,5.190785514210701,104.85203136222447,12548.755467771247,0,1
exp_050,70,s1,s2,0.0808299268317833,0,2.850037977103729,133.95960709620894,13595.923912473852,0,1
exp_050,71,s1,s2,5.997032449748096,6,28.359429367466525,55.61545035754763,11038.585624378753,1,1
exp_050,72,s1,s2,6.861482644063517,8,3.7031455808415115,70.03627608674277,10556.911944786389,1,1
exp_050,73,s1,s2,0.32119289395983514,9,16.13710633968858,47.65710207708311,8957.128699580293,0,1
exp_050,74,s1,s2,4.008770319343298,6,18.98589174204168,70.40262187161643,14803.784690587428,1,1
exp_050,75,s1,s2,3.7158761060223,5,16.150083688774792,118.24256104645588,11809.7742269322,1,1
exp_050,76,s1,s2,7.485582044473369,5,6.230572966206057,115.77307661362072,14150.267805923953,1,1
exp_050,77,s1,s2,1.5006508059339647,6,12.711053235704904,116.92870950408243,9372.149690046685,0,1
exp_050,78,s1,s2,3.0010530205020998,4,18.61228868764783,109.69192685774199,6110.25948211689,1,1
exp_050,79,s1,s2,2.2330915486282246,2,22.24706884498434,91.0890493716072,6607.194100993283,1,1
exp_050,80,s1,s2,4.529455566766084,7,12.354436663627471,89.1143479391255,13037.699525411146,1,1
exp_050,81,s1,s2,14.804405169593418,2,13.019529810244626,59.06479482863423,8936.982130576498,1,1
exp_050,82,s1,s2,7.024499212169577,3,13.867558899854107,46.169582312848526,12804.236689714766,1,1
exp_050,83,s1,s2,0.08179911699254915,3,15.482885909754199,74.67433019517554,8461.809254097021,0,1
exp_050,84,s1,s2,1.3009537595951621,4,21.912093150035766,123.18569396377235,8123.972838671949,1,1
exp_050,85,s1,s2,0.06550160555688311,3,13.103952350367209,91.60822838097846,8163.492877630321,0,1
exp_050,86,s1,s2,1.301829416316565,6,19.823387291820257,112.47565746893665,5797.697977501939,0,1
exp_050,87,s1,s2,2.017993290253661,8,16.44883572178268,59.65389570951088,14538.810960981878,1,1
exp_050,88,s1,s2,1.5676432783971883,8,8.711185207191358,154.8156956125332,12933.600122366799,0,1
exp_050,89,s1,s2,1.675381421672661,5,13.069615094848972,117.78698038114402,14772.513952392785,0,1
exp_050,90,s1,s2,0.1820072372767784,6,22.214700339189655,96.4064607094613,10602.547245168338,1,1
exp_050,91,s1,s2,0.5206781902850417,6,6.096898564267912,113.4399712937375,10419.64787426101,0,1
exp_050,92,s1,s2,3.0757228824944938,4,15.851014123067694,74.33112562426754,8837.038995637096,1,1
exp_050,93,s1,s2,0.39486467992970564,3,18.49132768246048,102.19070964158804,11191.10437681604,0,1
exp_050,94,s1,s2,3.233332692537079,4,20.42612386783889,82.2488744968584,8779.34106345053,1,1
exp_050,95,s1,s2,4.454121284050374,4,19.833524906983005,175.31479574435778,9410.415222565269,1,1
exp_050,96,s1,s2,0.6871481112377611,6,14.180485449874148,121.27683963480142,9041.638215329933,0,1
exp_050,97,s1,s2,5.959612913422095,6,14.726765276177648,92.17476756995723,10725.909140644579,1,1
exp_050,98,s1,s2,0.10886970440925284,4,3.578953453568663,118.41634993273222,14653.82976358824,0,1
exp_050,99,s1,s2,0.4362392885278083,4,20.96991136589422,171.5312198499197,12694.67274634464,1,1
exp_050,100,s1,s2,0.23758640203954057,4,19.63883945519088,77.91458145944385,12742.912903811603,0,1
exp_050,101,s1,s2,2.587409187392262,9,14.16268657534478,93.49719317814281,8189.9377417307205,1,1
exp_051,0,s1,s2,0.11891868194687708,0,3.519502814193426,16.89863109947325,12152.484260057729,0,0
exp_051,1,s1,s2,0.18184273767120557,0,4.624191327722064,84.43673928478232,8017.8297173984965,0,0
exp_051,2,s1,s2,0.023958643102288152,0,2.495021764992701,44.05767409343131,5358.79681788849,0,0
exp_051,3,s1,s2,0.033266805443789946,0,4.290160023765993,166.38489314658332,5735.538064914912,0,0
exp_051,4,s1,s2,0.033885694168431624,0,1.184518086680688,134.79806276518022,9179.880241888735,0,0
exp_051,5,s1,s2,0.12476138976479834,0,2.883215474223602,121.71457306578654,10270.885849096398,0,0
exp_051,6,s1,s2,0.13235895967982245,0,3.1954299160265185,108.96592505799015,8729.50920640802,0,0
exp_051,7,s1,s2,0.04697822132029061,0,2.1920048308851277,150.64452870186864,6170.940811399981,0,0
exp_051,8,s1,s2,0.029778015387684625,0,2.452825395856232,93.11715607636613,9786.802542001747,0,0
exp_051,9,s1,s2,0.1347102543664003,0,2.2137025946251416,101.26228145408164,9401.496313459586,0,0
exp_051,10,s1,s2,0.12341042581148097,0,1.8189949915690549,74.95043651347915,14347.807913084203,0,0
exp_051,11,s1,s2,0.08707047521484994,0,4.006883578682245,47.71413630188358,8749.290513593289,0,0
exp_051,12,s1,s2,0.01416968040491992,0,3.684493024696896,36.999605117387226,5518.7610599699165,0,0
exp_051,13,s1,s2,0.03184011625663728,0,2.3926730895823027,70.3628135294026,11827.62411975971,0,0
exp_051,14,s1,s2,0.17476483303835974,0,3.90371836104992,166.93389871165272,14164.51771817864,0,0
exp_051,15,s1,s2,0.006016663091109779,0,2.6943499049109194,40.62969225731591,8724.516435038677,0,0
exp_051,16,s1,s2,0.054137350006658085,0,2.541233170333807,80.78886925841309,10091.93247457928,0,0
exp_051,17,s1,s2,0.2631818927136849,0,2.509671555657394,94.20006369197071,12061.673428895245,0,0
exp_051,18,s1,s2,0.03440477260593059,0,2.2140844371904915,43.00343640320522,12238.155239078764,0,0
exp_051,19,s1,s2,0.17082608826552328,0,1.2763146214409884,142.75008173551112,8104.782331172782,0,0
exp_051,20,s1,s2,0.013274124762042164,0,3.1870201076939377,129.3312441308411,5269.746198558641,0,0
exp_051,21,s1,s2,0.10857960541458236,0,3.4454791746875264,97.50908345469988,13190.688248064069,0,0
exp_051,22,s1,s2,0.01879160816044452,0,2.881612162655772,190.2677229562962,6870.451636699282,0,0
exp_051,23,s1,s2,0.11997812920992999,0,2.5224000486263485,102.40960886299148,11465.87950528826,0,0
exp_051,24,s1,s2,0.10078225557852692,0,2.6038652796344355,53.31828917052785,10858.9897075104,0,0
exp_051,25,s1,s2,0.014940879016893614,0,5.303784309217493,126.95470521275512,9037.407965014865,0,0
exp_051,26,s1,s2,0.03406143621262019,0,2.376085798155087,58.8998739942546,13209.471574549681,0,0
exp_051,27,s1,s2,0.017790742890588986,0,3.6819811693226465,154.5881745458322,8264.455251408326,0,0
exp_051,28,s1,s2,0.07908838212286597,0,1.9426954124686866,92.09529815704045,14071.853217341757,0,0
exp_051,29,s1,s2,0.0843082017255404,0,3.043184176216773,102.53536269318371,5797.759253094232,0,0
exp_051,30,s1,s2,0.02322734346747822,0,3.237797363139059,87.24891306093993,13624.466264552024,0,0
exp_051,31,s1,s2,0.07507159346427121,0,2.916089101215998,98.48936366078586,13279.74916078038,0,0
exp_051,32,s1,s2,0.06763141684571058,0,1.8919466731705576,188.79234473955978,8455.075470124819,0,0
exp_051,33,s1,s2,0.025128638834328077,0,3.7447382697153193,151.51583477368354,8607.289844960862,0,0
exp_051,34,s1,s2,0.03873052033114552,0,3.277842809471848,217.2209693881898,9348.032044850224,0,0
exp_051,35,s1,s2,0.17573710327496372,0,0.580870861924244,104.08213672105796,6612.56347524985,0,0
exp_051,36,s1,s2,0.17186280194843426,0,2.1492760094534047,107.95826301606941,11488.983979970759,0,0
exp_051,37,s1,s2,0.05535082813863082,0,4.516744797533817,132.89563157963806,5565.908476021657,0,0
exp_051,38,s1,s2,0.08215613002194816,0,2.979212816109099,181.9648567603638,10935.500895043371,0,0
exp_051,39,s1,s2,0.229212187963853,0,3.9239743341675952,127.2805331690414,13504.901885825635,0,0
exp_051,40,s1,s2,0.10262297604196245,0,3.5170276448247577,142.9275735051689,5873.769159067908,0,0
exp_051,41,s1,s2,0.14356674282612056,0,2.4518371210598513,66.63451972645207,8946.506269986648,0,0
exp_051,42,s1,s2,0.03777046203988623,0,2.059146470417819,74.63274020079821,7938.710471095444,0,0
exp_051,43,s1,s2,0.001985847063078911,0,4.562244210638291,92.12190222231114,13622.473692248397,0,0
exp_051,44,s1,s2,0.17171821500089152,0,4.587580912842366,71.22072730773543,7878.907740952125,0,0
exp_052,0,s1,s2,0.13456551628038585,0,2.6123236588541787,35.44002334144829,6692.117713350707,0,0
exp_052,1,s1,s2,0.04469083669885006,0,4.104043936048547,125.70980291109326,8019.349376853995,0,0
exp_052,2,s1,s2,0.033091068806958474,0,2.4478419894506285,164.91444017131437,13184.753678688414,0,0
exp_052,3,s1,s2,0.5017708298302649,0,2.389803310328229,91.23789317775675,12380.406327170607,0,0
exp_052,4,s1,s2,0.38152248901147356,0,4.533244551282104,120.76860814572322,8995.722587142272,0,0
exp_052,5,s1,s2,0.05457434860041171,0,3.0941396455572914,215.0662204683924,5186.282927777175,0,0
exp_052,6,s1,s2,0.012056799461328729,0,4.355742432247155,118.83601070385781,12631.03145429956,0,0
exp_052,7,s1,s2,0.134729120737573,0,1.364446268273911,110.38429244085386,10921.784727814334,0,0
exp_052,8,s1,s2,0.08161873450788894,0,3.505818680691384,32.05993572544885,12972.941161006098,0,0
exp_052,9,s1,s2,0.1640448120894321,0,3.8691568961944913,120.3167750701293,10212.170824492156,0,0
exp_052,10,s1,s2,0.12293783711523065,0,3.0593580100903166,86.88987292679045,14619.091444366017,0,0
exp_052,11,s1,s2,0.10817982611221742,0,3.1223432174864154,139.13270256868293,13433.787377759276,0,0
exp_052,12,s1,s2,0.013257460278781795,0,0.92773066460204,93.19334978857889,12191.858537410359,0,0
exp_052,13,s1,s2,0.2329154086465548,0,1.7261420189458194,126.51188552246279,14308.768675291138,0,0
exp_052,14,s1,s2,0.07504740893571588,0,3.5763766945019677,116.23170187405903,14898.319320989027,0,0
exp_052,15,s1,s2,0.07053492217966206,0,3.288131904611463,166.37250898604705,9864.53945995806,0,0
exp_052,16,s1,s2,0.077156832877058,0,0.34938825120214734,73.61071888055451,12237.206905139878,0,0
exp_052,17,s1,s2,0.028724992043979315,0,4.492119095228076,140.7717088900675,13920.908333907051,0,0
exp_052,18,s1,s2,0.040328321357856786,0,4.214884624125852,133.2730896289276,9057.069598188735,0,0
exp_052,19,s1,s2,0.30393795008028435,0,1.7816047150584022,154.82861664404234,9042.613472340228,0,0
exp_052,20,s1,s2,0.09616948597356823,0,3.7660031971276315,59.897250706096074,7246.915162696431,0,0
exp_052,21,s1,s2,0.08959715609775827,0,3.7806911214579357,121.37625228934624,12339.004157889332,0,0
exp_052,22,s1,s2,0.16035805580378282,0,3.1866425044593036,139.41362122028357,13462.800106620167,0,0
exp_052,23,s1,s2,0.026379919381908812,0,2.4473108695273535,131.25068552473613,14346.292187427798,0,0
exp_052,24,s1,s2,0.040043777254961846,0,2.7130508303882337,86.61775828146712,6872.722169378324,0,0
exp_052,25,s1,s2,0.05933748049271104,0,3.865545633532452,102.31657384422888,8810.148029276956,0,0
exp_052,26,s1,s2,0.024523874824455425,0,2.4011722891786773,119.98201722167688,13922.833720151879,0,0
exp_052,27,s1,s2,0.052661569201047365,0,1.8050018019047338,121.67520399881664,6455.291490798367,0,0
exp_052,28,s1,s2,0.1603651559485031,0,3.2546533830000404,98.16108746620814,10242.979444524515,0,0
exp_052,29,s1,s2,0.18685513863762804,0,4.137680686672443,141.70103557361043,9773.637124355024,0,0
exp_052,30,s1,s2,0.017686273544822925,0,3.8320411851467906,112.21500649689882,14313.191995782689,0,0
exp_052,31,s1,s2,0.13708242051232394,0,3.6066308069820847,80.64698964162659,13888.23066701695,0,0
exp_052,32,s1,s2,0.04576675615691127,0,3.2082311462834623,91.19025568580729,13850.973152528144,0,0
exp_052,33,s1,s2,0.010636778339414859,0,3.0362542117463587,125.5892750222916,14937.301949429362,0,0
exp_052,34,s1,s2,0.058880203060147344,0,1.2856557366094177,112.19643311740786,13989.474455153695,0,0
exp_052,35,s1,s2,0.05864693436814819,0,2.949812576172331,174.13429653288085,5054.07879733106,0,0
exp_052,36,s1,s2,0.025652317757716904,0,3.611749582931938,62.790553293903514,9772.021897932185,0,0
exp_052,37,s1,s2,0.01740182012866646,0,3.0284561757814887,15.124016043329124,5196.381973196739,0,0
exp_052,38,s1,s2,0.055186567695405524,0,3.201150164487836,200.86712828593102,10980.995410754987,0,0
exp_052,39,s1,s2,0.03954426764062801,0,3.4856671754656796,75.15350346488668,14056.348714363605,0,0
exp_052,40,s1,s2,0.07148623992583562,0,3.1112704367822985,3.197324886581321,13789.855206373955,0,0
exp_052,41,s1,s2,0.11757299075572752,0,2.586628669795967,143.18876304958704,12119.79128337496,0,0
exp_052,42,s1,s2,0.1058571637270362,0,4.003101367153822,227.2611383658614,10509.77883139597,0,0
exp_052,43,s1,s2,0.18949296502657542,0,3.8012135155127207,106.58456121925131,6347.399851590942,0,0
exp_052,44,s1,s2,0.05324909193569023,0,2.880708389547091,144.7850778183642,11887.396540045986,0,0
exp_052,45,s1,s2,0.014956138720955862,0,2.6641398527585745,102.60794487700244,14923.394809279871,0,0
exp_052,46,s1,s2,0.06776526098511508,0,5.320705258044072,76.84989786067888,5079.045341954621,0,0
exp_052,47,s1,s2,0.0841968293109991,0,1.5586734607169528,145.95712061687664,12268.524097682985,0,0
exp_052,48,s1,s2,0.04739021244615141,0,2.27529740646965,122.15495675092336,14136.978160410179,0,0
exp_052,49,s1,s2,0.2115751843013446,0,4.7918887816181845,125.67220126756811,13402.937923765287,0,0
exp_052,50,s1,s2,0.008726953439666257,0,2.470581694379079,58.23489222083712,9772.044813870136,0,0
exp_052,51,s1,s2,0.042473127396259136,0,1.6367440331787015,101.26879024722916,11821.541399331647,0,0
exp_052,52,s1,s2,0.005734830606287448,0,1.901580718843933,76.29247713849186,12299.332718706804,0,0
exp_052,53,s1,s2,0.21511810860780012,0,1.2126037825153746,141.10313280684653,8219.735998673303,0,0
exp_052,54,s1,s2,0.04763760167189345,0,2.7893458240345717,221.4630979420525,11536.350264068351,0,0
exp_052,55,s1,s2,0.004010753473408385,0,3.6956723272871126,56.97016254119486,6152.583116920388,0,0
exp_052,56,s1,s2,0.10466970086492595,0,3.561630804161149,120.26353595671695,12343.061396880104,0,0
exp_052,57,s1,s2,0.257027312320859,0,5.014963410502736,111.88072200888666,8695.50085088352,0,0
exp_052,58,s1,s2,0.0010443796369456924,0,3.5321494371578366,118.46628082232391,6739.24477009727,0,0
exp_052,59,s1,s2,0.0029058901428029474,0,1.9989740967383491,61.56542241073185,5145.898248432163,0,0
exp_052,60,s1,s2,0.03524768357820063,0,1.9162745717335807,60.870497528706416,13880.690204626342,0,0
exp_052,61,s1,s2,0.1913959990741212,0,2.4934100274288435,89.90569938340572,14919.894404667426,0,0
exp_052,62,s1,s2,0.11416376070427048,0,2.7863838944510304,128.81396412694158,11476.854190829941,0,0
exp_052,63,s1,s2,0.11223843080198335,0,3.278304050770785,58.468422816741935,8364.399483625863,0,0
exp_052,64,s1,s2,0.1669498087337568,0,3.4344438068220473,114.06468882044538,8437.028772804832,0,0
exp_052,65,s1,s2,0.020399106688099616,0,3.5131215741323825,92.36021149766023,9913.726338472527,0,0
exp_052,66,s1,s2,0.08129210809177431,0,1.99188946416611,103.64256973368863,7705.161646812297,0,0
exp_052,67,s1,s2,0.06104400870665634,0,3.8354381926432755,149.56416666879895,11427.082352997653,0,0
exp_052,68,s1,s2,0.21223119644836907,0,2.865009071532709,108.63052071208172,5576.165655203956,0,0
exp_052,69,s1,s2,0.0535307787911242,0,4.540552383847611,163.24854470171468,7675.127615183586,0,0
exp_052,70,s1,s2,0.1965262963695882,0,3.5847721243364212,88.08775610879832,9716.014013032214,0,0
exp_052,71,s1,s2,0.001044502589684086,0,3.4410124093777066,79.9638827395276,7644.6882881443,0,0
exp_052,72,s1,s2,0.003286116874191994,0,2.860933605102277,165.86366031738729,10995.054402689939,0,0
exp_052,73,s1,s2,0.040981549027549295,0,2.868371812978772,76.98638890078124,10182.863702935721,0,0
exp_052,74,s1,s2,0.001175542863431296,0,3.9283169372121236,108.77319320089066,7178.405224200263,0,0
exp_052,75,s1,s2,0.26141386509481224,0,2.508266043185307,134.54197254643464,14578.434079084673,0,0
exp_052,76,s1,s2,0.05388800373064341,0,3.271483965413895,46.90410340761302,14966.147040452663,0,0
exp_052,77,s1,s2,0.2295525559832523,0,3.5717413857996214,17.78963609826225,6153.676596768166,0,0
exp_052,78,s1,s2,0.06196082926442548,0,1.0273420409872394,112.31835573049004,9841.870829370057,0,0
exp_052,79,s1,s2,0.25249596673115365,0,4.2845525896467915,100.02670806214108,8173.904291634339,0,0
exp_052,80,s1,s2,0.3554496207456967,0,3.177336599784074,57.88253744702551,12898.877951668026,0,0
exp_052,81,s1,s2,0.16822289860576947,0,2.5820593794347295,35.89460668804878,11241.96172464103,0,0
exp_052,82,s1,s2,0.03796258991191653,0,1.8340584154723587,176.12808485292203,8508.663225852224,0,0
exp_052,83,s1,s2,0.011436557476037917,0,5.83155035139955,76.45632132638188,8722.210225284805,0,0
exp_052,84,s1,s2,0.014704172812810163,0,1.4828994231034585,85.8870412776895,13376.830467772104,0,0
exp_052,85,s1,s2,0.43266704984780424,0,3.072206539137605,149.68349206381436,11281.317451820445,0,0
exp_052,86,s1,s2,0.29588709326709906,0,5.149942149982746,130.00376851013095,11292.295037423282,0,0
exp_052,87,s1,s2,0.12314164662774606,0,4.396359944381337,157.37618613001933,12258.944722327982,0,0
exp_052,88,s1,s2,0.16560015129937722,0,4.48574309549177,70.70473992988396,6002.037591539623,0,0
exp_052,89,s1,s2,0.20889920609798468,0,2.2659663683597646,20.18073308820717,13036.104126575085,0,0
exp_052,90,s1,s2,0.10133167376165163,0,1.960487657099304,63.777690696820144,14577.1444871059,0,0
exp_052,91,s1,s2,0.009187010080174645,0,4.440992912092907,134.71109946415018,12316.338316090469,0,0
exp_052,92,s1,s2,0.198966758408321,0,2.788006301485951,22.265345848197782,11417.152406558891,0,0
exp_052,93,s1,s2,0.07751498902801224,0,3.2992796793946053,42.82425363759786,13865.286494339756,0,0
exp_052,94,s1,s2,0.05421739261466646,0,4.0689152493633,177.87811438567965,8770.431368545162,0,0
exp_052,95,s1,s2,0.08330329070346754,0,3.2294230530328627,27.90284892599091,12988.29590490379,0,0
exp_052,96,s1,s2,0.14227416452849762,0,2.1794210201350115,84.97614483988264,12999.42565039866,0,0
exp_052,97,s1,s2,0.030793796416931085,0,2.9212404551609903,67.88544902619019,12394.705295465476,0,0
exp_052,98,s1,s2,0.165283269545271,0,3.818507371684491,22.924620254166616,13113.436971160249,0,0
exp_052,99,s1,s2,0.026667105299674605,0,1.3377631578507256,18.2616745099608,12729.367330983212,0,0
exp_052,100,s1,s2,0.027566418499422148,0,3.0113154214656332,125.34544910537397,7820.668366053141,0,0
exp_052,101,s1,s2,0.03344719221906344,0,4.3918151637077285,121.23120350927701,8762.400483910022,0,0
exp_052,102,s1,s2,0.05669403169213715,0,1.5924713838683264,47.17448540639483,9911.417236519208,0,0
exp_052,103,s1,s2,0.01816425795110775,0,3.6715113507233292,95.49268555561038,5274.020977972133,0,0
exp_052,104,s1,s2,0.01800163149305205,0,2.5449453679995853,117.17246829835732,7712.808995027454,0,0
exp_052,105,s1,s2,0.06066739757736531,0,3.202748139163916,119.62700043999479,11711.44911743172,0,0
exp_052,106,s1,s2,0.12856982638799283,0,2.440294388507692,89.15104712173907,14875.89709495422,0,0
exp_052,107,s1,s2,0.08684824976048408,0,4.494317608659276,96.6879519388825,14769.592068119899,0,0
exp_052,108,s1,s2,0.31039858608835846,0,2.4795120555939834,162.0947656611208,5659.594915779067,0,0
exp_052,109,s1,s2,0.010355878167694753,0,4.217577281880936,145.00014298228584,10132.084566500378,0,0
exp_052,110,s1,s2,0.0271601731712289,0,2.765828971603175,121.82484224726853,12396.712609496346,0,0
exp_052,111,s1,s2,0.028161476215914173,0,3.3576356031257744,143.76446303106704,11426.95020556732,0,0
exp_052,112,s1,s2,0.010243949349100704,0,3.788531391058152,-27.469094005292515,7940.3628841111,0,0
exp_052,113,s1,s2,0.2128418462688353,0,2.976337454077789,162.62753332918277,8400.312026441148,0,0
exp_052,114,s1,s2,0.16171791587407747,0,1.312241301137736,96.16789705818701,11903.751213619475,0,0
exp_052,115,s1,s2,0.10610031831893521,0,0.9074765704165637,129.87558105173855,13504.562449857303,0,0
exp_052,116,s1,s2,0.12368498923232725,0,3.0130812529054456,11.506151054645331,6562.7120882426325,0,0
exp_053,0,s1,s2,0.1877857328331448,0,1.3308335068362491,178.15089464297301,7643.303602078515,0,0
exp_053,1,s1,s2,0.08473671821334561,0,4.499687779746367,108.85566600766404,14280.201887640573,0,0
exp_053,2,s1,s2,0.039889270573495374,0,2.5646140466805805,34.2213954862605,9375.413024132042,0,0
exp_053,3,s1,s2,0.004068688852702509,0,2.1001651897663174,125.43182656776388,6563.501233368678,0,0
exp_053,4,s1,s2,0.0050009641321053745,0,4.279524188836341,81.73482145479058,9902.959447989104,0,0
exp_053,5,s1,s2,0.0456213875585168,0,2.149833269031475,89.28768112204139,6035.481727379828,0,0
exp_053,6,s1,s2,0.0503102895892997,0,1.632794657184071,100.62039205025197,11846.356862604369,0,0
exp_053,7,s1,s2,0.054247454328713224,0,3.2463571061262324,63.318340231371806,8569.448186951387,0,0
exp_053,8,s1,s2,0.005373994507814153,0,3.097962049684238,130.81957119308277,9777.203690306373,0,0
exp_053,9,s1,s2,0.19599702952585468,0,3.4552235428558973,121.32190257279545,5544.02794677599,0,0
exp_053,10,s1,s2,0.12446007731505077,0,3.1415001371922746,67.34024286644349,11692.36777138674,0,0
exp_053,11,s1,s2,0.045737757575071265,0,3.2156239207208657,113.66118042777198,14259.597136213963,0,0
exp_053,12,s1,s2,0.037817517873205767,0,2.820125112330736,24.142189564999605,13173.211718640308,0,0
exp_053,13,s1,s2,0.024351869527778073,0,2.4064088596308957,8.364029093809433,7718.24850165441,0,0
exp_053,14,s1,s2,0.061863621805156976,0,2.691606598865648,159.26929220914656,11364.057677419396,0,0
exp_053,15,s1,s2,0.02643405219046508,0,4.714830168925766,163.6506499450353,6115.1982446199745,0,0
exp_053,16,s1,s2,0.05164773508399596,0,3.174885368247051,109.43625425976354,10223.99110361322,0,0
exp_053,17,s1,s2,0.23377372512257213,0,3.402693177688406,54.55232065595834,7488.835765021954,0,0
exp_053,18,s1,s2,0.10372201641073514,0,2.3724819040863254,130.04271611780445,11372.765685720373,0,0
exp_053,19,s1,s2,0.14235628457478192,0,2.9676077280043605,98.84283115421431,8517.797660956998,0,0
exp_053,20,s1,s2,0.014589822327110043,0,1.0841925034183413,182.9484267226636,9624.243381009055,0,0
exp_053,21,s1,s2,0.07827731960295285,0,1.565823531128771,168.11908310993184,5270.693531369651,0,0
exp_053,22,s1,s2,0.012389523923166633,0,2.2152754090119195,169.255600079164,8344.374358426448,0,0
exp_053,23,s1,s2,0.2198030129023518,0,3.9447013852208377,98.16875464710202,13866.385104021996,0,0
exp_053,24,s1,s2,0.008357868456864957,0,2.945958182719791,126.43101111092199,12608.606757545762,0,0
exp_053,25,s1,s2,0.12246666771089137,0,5.355068127337002,118.23154769818991,14499.181814991947,0,0
exp_053,26,s1,s2,0.2622122407596727,0,4.292873101930983,163.2531291331866,7469.38693391838,0,0
exp_053,27,s1,s2,0.17638923575824283,0,4.096918863326401,122.29205147687263,11578.524102879766,0,0
exp_053,28,s1,s2,0.03557040240506222,0,1.3738026291301322,132.37916458660013,11305.095145908143,0,0
exp_053,29,s1,s2,0.006044711026155044,0,1.605877095251378,63.803863716611446,8703.34078001113,0,0
exp_053,30,s1,s2,0.005581236344407391,0,2.405263582045023,117.39211144841846,5144.026263481533,0,0
exp_053,31,s1,s2,0.2924139344415927,0,3.476971104486513,77.67351836205862,14644.705997571244,0,0
exp_053,32,s1,s2,0.07638297635959436,0,0.7554621652171072,122.1081536562946,9255.948647753949,0,0
exp_053,33,s1,s2,0.06579256012806373,0,2.6081778476192072,49.61044729561307,13161.084426094452,0,0
exp_053,34,s1,s2,0.020137975961052837,0,3.850490451891533,164.48063071698934,5572.977752826591,0,0
exp_053,35,s1,s2,0.00226842209084334,0,4.350708603587718,48.173287421791485,8304.179273606616,0,0
exp_053,36,s1,s2,0.11018173211033006,0,4.058028913144356,128.55274171698625,5994.8561470384475,0,0
exp_053,37,s1,s2,0.08606878536675291,0,4.19754790307358,49.61864283795103,14738.779750040814,0,0
exp_053,38,s1,s2,0.04193421722920071,0,1.3021707193771952,107.44979459127093,11754.896206096148,0,0
exp_053,39,s1,s2,0.04566308337126104,0,5.703853528049624,63.30987975783861,11862.423299072767,0,0
exp_053,40,s1,s2,0.006193036404726514,0,0.9394225127943683,182.17220541008956,6337.650864796671,0,0
exp_053,41,s1,s2,0.02332401866376991,0,3.689679057512225,104.24857990406433,14080.057110224157,0,0
exp_053,42,s1,s2,0.0866458046681425,0,2.874956902027345,43.82702284731065,12251.643669290057,0,0
exp_053,43,s1,s2,0.30310824965965755,0,4.224005622583608,70.72527684217559,11833.407532817237,0,0
exp_053,44,s1,s2,0.008152765156129985,0,1.6938645383946889,111.9633070581334,11835.492921777644,0,0
exp_053,45,s1,s2,0.09418261197852901,0,3.7401481335829025,153.6511422414828,13009.455985168914,0,0
exp_053,46,s1,s2,0.031035711601738455,0,2.808883678147673,157.97210012679963,7619.0848467444175,0,0
exp_053,47,s1,s2,0.0010664410808325269,0,3.1025552833271863,153.8783191803032,14753.820837519926,0,0
exp_053,48,s1,s2,0.1254148791790452,0,3.1612989907362263,61.62978748425277,5171.245398233475,0,0
exp_053,49,s1,s2,0.08159519761518043,0,4.297223539994938,32.19554174015465,10415.742062462707,0,0
exp_053,50,s1,s2,0.030293152105999366,0,2.6766739981600893,42.71564148170411,14868.363148496046,0,0
exp_053,51,s1,s2,0.05721668449177447,0,4.228539790356901,7.362673538487574,12511.96513328482,0,0
exp_053,52,s1,s2,0.07515894572235453,0,4.593990179922065,104.61923288841793,8132.877173189003,0,1
exp_053,53,s1,s2,0.009498180668321183,0,2.015196111867628,77.92886382945784,14659.442041334332,0,1
exp_053,54,s1,s2,0.08615931638641945,0,3.853401128558706,94.47020453183778,14003.613873671033,0,1
exp_053,55,s1,s2,0.05373360727052387,0,2.656885732761869,134.93511966017837,10651.222843406213,0,1
exp_053,56,s1,s2,0.0314284237549868,0,5.113206579287455,53.67544982988281,11156.122523372904,0,1
exp_053,57,s1,s2,0.13423095901511964,0,3.874620944704538,133.47829252306417,7342.874094896916,0,1
exp_053,58,s1,s2,0.04628397407247171,0,3.4744886715153207,93.86034664364624,9093.118570852082,0,1
exp_053,59,s1,s2,0.025086065929849518,0,1.9460119980463015,195.89132456513278,7500.800631157483,0,1
exp_053,60,s1,s2,0.1255741560703771,0,3.5014691240165954,42.0752622595552,9305.30709737077,0,1
exp_053,61,s1,s2,0.03844384718793995,0,2.8493567746256923,119.13071749194337,8475.073741499682,0,1
exp_053,62,s1,s2,0.20451434179457714,0,3.67371793861128,20.122121024305685,8843.00160110138,0,1
exp_053,63,s1,s2,0.09379089324574919,0,2.5061368391079117,64.77945363132929,10651.623338124717,0,1
exp_053,64,s1,s2,0.6120328830081463,5,13.823968057732246,138.33556412163148,8046.55146895482,0,1
exp_053,65,s1,s2,1.4906739856076032,6,16.591600941681097,28.099841427199124,12669.856486155375,0,1
exp_053,66,s1,s2,0.3391399018359103,4,17.87933877620526,117.83621402192962,8352.86376171862,0,1
exp_053,67,s1,s2,3.1645102496795854,2,23.633239773541913,177.15788717885388,8021.565544238195,1,1
exp_053,68,s1,s2,0.20607126440232104,7,16.128615688258517,69.71167210963428,14769.756442566835,0,1
exp_053,69,s1,s2,0.14736431849867154,7,4.67058438054516,184.83880981332828,12149.480551367946,0,1
exp_053,70,s1,s2,0.7724961189358815,7,21.738401108397586,87.16159785567126,8306.76218763182,1,1
exp_053,71,s1,s2,0.4509933697103629,3,18.183456882547876,82.04994738443742,10404.97657956771,0,1
exp_053,72,s1,s2,0.9690817886124994,2,22.755485151413293,137.57114749533224,13797.817654459795,1,1
exp_053,73,s1,s2,3.6947455163991965,7,15.814934105060345,120.89676752919227,12899.097504655247,1,1
exp_053,74,s1,s2,1.005516071531886,5,12.460847097626347,50.12162997469787,7630.626753416717,0,1
exp_053,75,s1,s2,4.557503723521077,4,14.5273352396143,125.12274677573768,12273.099955366648,1,1
exp_053,76,s1,s2,0.508494739519597,5,19.89410853388832,165.6943907957246,8417.200424485265,0,1
exp_053,77,s1,s2,0.5125927288592138,6,9.309126879243658,136.54269137834518,7528.389599657102,0,1
exp_053,78,s1,s2,3.1875670774912375,5,15.09683005698058,98.54062123116044,11240.896278303322,1,1
exp_053,79,s1,s2,2.046890828002757,9,11.148571592610086,101.81785257391437,6849.595874023396,1,1
exp_053,80,s1,s2,6.103557261421788,4,20.388387299572596,91.84106283379785,8762.169778193564,1,1
exp_053,81,s1,s2,1.0886420081144128,3,21.02073690696458,100.58783852790513,10520.731039476319,1,1
exp_053,82,s1,s2,2.339481522064009,4,15.784482214809959,125.97623283339837,5523.403002905941,1,1
exp_053,83,s1,s2,8.9121522239733,3,18.80011527437981,2.7817828818146317,11798.09285844963,1,1
exp_053,84,s1,s2,5.136889255358453,5,19.935344125595364,90.50446709906102,6502.915048791948,1,1
exp_053,85,s1,s2,5.424470284881898,4,23.290183170892917,83.27283503823408,10912.997031711762,1,1
exp_053,86,s1,s2,8.123407698926158,7,17.2036405497205,101.4818786275658,5424.69161947004,1,1
exp_053,87,s1,s2,1.4865541508571267,1,11.972743569778533,106.60201733424985,13575.583966481834,0,1
exp_053,88,s1,s2,4.113778200808185,1,11.572662130316633,166.6298659438954,10750.257879383249,1,1
exp_053,89,s1,s2,0.7879013264706524,3,16.771372588981276,180.72421522423784,11091.783079397184,0,1
exp_053,90,s1,s2,1.5875664465918078,5,9.105386430924959,129.52760646657103,13600.663207239564,0,1
exp_053,91,s1,s2,5.02360335692048,8,13.379228313719626,68.37512269374297,7115.222683689134,1,1
exp_053,92,s1,s2,7.619194551951212,8,10.89409175365583,44.93819769884622,10289.092375778246,1,1
exp_053,93,s1,s2,0.8164238246411138,8,13.242565983124237,96.23616241119241,13394.773946996347,0,1
exp_053,94,s1,s2,0.4872809636997628,6,18.418985438431406,146.73497107577901,8192.14107346533,0,1
exp_053,95,s1,s2,1.6843816351551153,5,7.478646710254393,223.6291956693791,6196.830335772626,0,1
exp_053,96,s1,s2,4.513445296505503,8,14.680816766853594,107.95986834965632,9119.542980709723,1,1
exp_054,0,s1,s2,0.07518410283049863,0,1.7921757072241544,50.56705072548209,10446.962964475864,0,0
exp_054,1,s1,s2,0.03955417406728858,0,2.6627243297903433,121.22061569107991,13823.017914128526,0,0
exp_054,2,s1,s2,0.10909193146300727,0,3.001439172123947,64.53489425695597,14123.788300320484,0,0
exp_054,3,s1,s2,0.1312281927784681,0,2.6516478587851653,104.54168546317152,8541.637884126094,0,0
exp_054,4,s1,s2,0.04244230184195866,0,1.3395595820480375,114.4279074728171,7671.557151777601,0,0
exp_054,5,s1,s2,0.09698518592119094,0,3.1611135602805542,122.35805359823306,11681.301239810351,0,0
exp_054,6,s1,s2,0.4284160697283212,0,2.6006951114386734,180.0774463902903,9288.233547520063,0,0
exp_054,7,s1,s2,0.02552837796383165,0,0.08776170374236081,117.2813587094215,8454.500078463287,0,0
exp_054,8,s1,s2,0.058473262005746596,0,3.594009910307324,92.15686875388032,14802.516574758352,0,0
exp_054,9,s1,s2,0.18319624835545448,0,2.693023249863141,156.37191911980867,12461.363977777533,0,0
exp_054,10,s1,s2,0.022488586905672583,0,3.789300073759515,71.87492669173271,12471.592218218515,0,0
exp_054,11,s1,s2,0.06956438045161004,0,1.9902086542896242,127.74653840221298,11677.6362234628,0,0
exp_054,12,s1,s2,0.0008008147128490127,0,3.062111131716432,163.5342360593407,14438.784516095817,0,0
exp_054,13,s1,s2,0.06504024289820895,0,1.3994812385913686,-7.208298559780091,8597.28620275296,0,0
exp_054,14,s1,s2,0.01823316574561509,0,2.6458261034607866,154.61395404092062,10291.084281888585,0,1
exp_054,15,s1,s2,0.002008732261075039,0,3.139560958246144,68.42490662287756,13792.28082513609,0,1
exp_054,16,s1,s2,0.06800253062058235,0,3.299191215908384,129.6603677981221,14661.955545114572,0,1
exp_054,17,s1,s2,0.008593772230195206,0,3.333220300632145,182.35620833180718,10731.794337584197,0,1
exp_054,18,s1,s2,0.06333737206018467,0,3.996341870984246,158.90696226928375,11544.377156800809,0,1
exp_054,19,s1,s2,0.11881377428033875,0,1.7098903459048331,43.34966636970461,12843.379782705064,0,1
exp_054,20,s1,s2,0.005454913346610405,0,3.699209647851276,128.87898358617588,10215.979595862678,0,1
exp_054,21,s1,s2,0.24095924685706113,0,1.682713036347584,94.4936160309376,8613.986487066728,0,1
exp_054,22,s1,s2,0.2363051977769413,0,2.995243366439162,101.50265600315139,6668.465455936579,0,1
exp_054,23,s1,s2,0.03373335998157911,0,5.108375473832034,177.93000220167283,11300.594066935799,0,1
exp_054,24,s1,s2,0.18039537536525552,0,1.9952993941016912,144.36510853642432,8950.440606960005,0,1
exp_054,25,s1,s2,0.1831435769082243,0,1.9322993388681196,121.34599381649564,8255.388040803186,0,1
exp_054,26,s1,s2,0.15658561093595852,0,3.5287096339523716,54.628002166026924,10635.365362315732,0,1
exp_054,27,s1,s2,0.015955263495110072,0,2.1856122782655802,121.50429664734673,8984.355791096812,0,1
exp_054,28,s1,s2,0.03689787903808129,0,4.029105326872377,134.62576542051525,6683.165819559134,0,1
exp_054,29,s1,s2,4.178239974252294,1,26.668873203138123,115.82177059169054,7397.00530334675,1,1
exp_054,30,s1,s2,0.02476432519325229,3,6.597324873154351,4.811091066257589,10528.646478382048,0,1
exp_054,31,s1,s2,3.814262923734091,3,20.738738483731566,126.77186307271079,7826.901724810437,1,1
exp_054,32,s1,s2,1.4905343504997348,3,22.81048812445912,56.10268615096098,8581.631218512068,1,1
exp_054,33,s1,s2,0.4430806498301181,5,24.76740867854574,106.54159264599491,8170.752003942208,1,1
exp_054,34,s1,s2,2.6148352130533974,6,8.999533325347004,97.77028523067685,14487.490867040846,1,1
exp_054,35,s1,s2,0.7086691367393687,4,6.045122309287788,57.54530994534183,6058.776176484121,0,1
exp_054,36,s1,s2,1.6564820007444716,7,21.140456801959736,47.92986621720547,10380.047848847837,1,1
exp_054,37,s1,s2,4.887750582965461,6,15.533605765921257,94.65354824471473,5783.552805476346,1,1
exp_054,38,s1,s2,0.9286053776233126,5,17.358440325065597,66.48392421215765,9113.068554060239,0,1
exp_054,39,s1,s2,1.8959850371591536,10,15.994285728913118,227.2931186797285,12832.801433323342,0,1
exp_054,40,s1,s2,0.7764768871760139,1,5.5098041224439696,103.63909606384789,8833.618817377674,0,1
exp_054,41,s1,s2,0.3569586761263007,3,7.044149470180013,118.81065719123906,14409.612633398885,0,1
exp_054,42,s1,s2,1.7898874319639217,3,14.560669660269795,135.08499169891402,10210.790229509967,0,1
exp_054,43,s1,s2,11.144513878324432,9,16.16511458692647,83.61931503922419,8660.632915820524,1,1
exp_054,44,s1,s2,2.425124974616317,7,20.66964999595283,194.99647592417492,8181.37219240821,1,1
exp_054,45,s1,s2,1.8552947942228017,7,12.848618207521453,145.21351158115507,14272.924998454011,0,1
exp_054,46,s1,s2,1.9537640277638118,7,16.657310742178026,86.62989623548066,14221.55380793886,0,1
exp_054,47,s1,s2,2.4636401826863312,6,17.725041762089173,123.8766539882214,9011.75436473992,1,1
exp_054,48,s1,s2,2.5468817966357937,6,22.60861449754283,71.19407928043316,6007.036273123576,1,1
exp_054,49,s1,s2,4.190736127250076,4,15.912028795900396,93.35442308453636,5217.294027351859,1,1
exp_054,50,s1,s2,5.879305807005247,2,14.480929514212999,171.24148935857377,6451.966302300424,1,1
exp_054,51,s1,s2,2.902297811992993,3,17.604115929929947,161.10910582525767,14226.573391246013,1,1
exp_054,52,s1,s2,1.9810387896051393,3,7.45578704470239,112.70229656776029,6521.3820430219175,0,1
exp_054,53,s1,s2,2.5912463302667144,1,19.504752685890555,32.476052210720006,13122.493457324497,1,1
exp_054,54,s1,s2,0.9362560439132466,6,15.007179293403095,34.93012765153271,9522.966839087212,0,1
exp_054,55,s1,s2,3.716666249300756,3,0.4143301378906017,162.9053139432565,14888.589747340482,1,1
exp_054,56,s1,s2,2.2257882905959434,7,19.43610704735148,162.822545203885,12597.96359667946,1,1
exp_054,57,s1,s2,0.5353419041387226,5,18.515058049347633,69.40271340853424,7424.866930842187,0,1
exp_054,58,s1,s2,3.2760217560278653,8,18.162183948443587,45.30401037583878,10484.673282084135,1,1
exp_054,59,s1,s2,4.071927714409467,5,9.663979100669083,59.1807564129869,9146.768519949217,1,1
exp_054,60,s1,s2,0.9560832904464429,1,21.82188047098611,160.0633021605325,11606.26575289043,1,1
exp_054,61,s1,s2,1.838022152279843,4,16.300846643811433,159.00134694788647,14574.273352691922,0,1
exp_054,62,s1,s2,1.4122877477960685,6,18.021826579347355,177.10324291158437,10783.107305376814,0,1
exp_054,63,s1,s2,2.8350045584150707,6,11.704678991303476,90.54398756233958,9578.990970764813,1,1
exp_054,64,s1,s2,0.4402945180338433,8,19.049888359827396,-6.614801792397995,13401.662954934007,0,1
exp_054,65,s1,s2,5.845531565265322,4,12.921479008864274,89.7802693092542,7430.318123242156,1,1
exp_054,66,s1,s2,7.8651577771447005,5,12.086224309977172,29.50501346341121,5872.317578388918,1,1
exp_054,67,s1,s2,2.7650684809810313,8,14.445483544592943,93.30076795805327,8115.956014469229,1,1
exp_054,68,s1,s2,2.050554605391547,3,22.068558953874856,72.82204893275507,13885.831168907382,1,1
exp_054,69,s1,s2,1.0238430796410791,6,14.123628935532572,139.42418660876243,9459.60375562666,0,1
exp_054,70,s1,s2,0.3389668962828213,2,5.431265575651675,63.50635106212659,13038.397358004919,0,1
exp_054,71,s1,s2,0.2832370323499159,5,13.07743964227201,51.65893612827435,9008.82823659052,0,1
exp_054,72,s1,s2,0.986639275971145,10,21.165251892827712,13.54869129945988,11933.230591844951,1,1
exp_054,73,s1,s2,3.1849348259554873,3,9.750924744340491,126.04603596620422,8939.12324751353,1,1
exp_054,74,s1,s2,8.46226359760429,2,16.685953524955863,44.89038430712872,9439.955225777863,1,1
exp_054,75,s1,s2,1.9879442113331447,8,13.109809331485598,52.643673218539405,5678.233719711887,0,1
exp_054,76,s1,s2,0.6835645090872153,2,11.953885013155853,125.15203702897567,6809.685632024086,0,1
exp_054,77,s1,s2,0.0732022459232199,6,18.271604963506867,155.82123376471594,7414.265541574198,0,1
exp_055,0,s1,s2,0.0049267046020271986,0,3.359692104317047,142.43304760861113,8104.342531827344,0,0
exp_055,1,s1,s2,0.02073321648375315,0,2.1968077048729437,138.63114929840165,5242.529360432551,0,0
exp_055,2,s1,s2,0.05062870252071135,0,1.7183300833470123,96.63028734031037,5440.483361625497,0,0
exp_055,3,s1,s2,0.020964196322288124,0,2.432411645015251,112.16697826320811,10550.370305569939,0,0
exp_055,4,s1,s2,0.01583066230343617,0,2.561049229501179,37.535153713242664,6008.253360537314,0,0
exp_055,5,s1,s2,0.019019668773673087,0,1.6727159621218533,41.14898059886529,12492.714856757319,0,0
exp_055,6,s1,s2,0.007772622334992156,0,3.2698236323771814,115.37764588642239,12659.916396919383,0,0
exp_055,7,s1,s2,0.03701544752254043,0,2.557774473991847,122.5074880029866,6244.092058550283,0,0
exp_055,8,s1,s2,0.004599821545194372,0,2.835844566506183,118.78106158515207,14176.178801779059,0,0
exp_055,9,s1,s2,0.03182973904294554,0,2.9926111301196765,140.69202853253444,13659.46286798892,0,0
exp_055,10,s1,s2,0.3011168728282499,0,2.1813149567888015,11.505433205471082,12192.40187335744,0,0
exp_055,11,s1,s2,0.03571891071312622,0,2.8454411801122603,104.60311477732812,10234.983842885422,0,0
exp_055,12,s1,s2,0.013046579247774645,0,1.9771873559273037,56.21093624736225,13389.320735626661,0,0
exp_055,13,s1,s2,0.021507277706571844,0,3.55184758064251,128.95224489689184,9988.830555572298,0,0
exp_055,14,s1,s2,0.026636850301572753,0,2.8032181666172638,23.390879195927216,5088.090073935163,0,0
exp_055,15,s1,s2,0.07579006679720252,0,3.5115256721178874,104.06235381199012,13605.221394916001,0,0
exp_055,16,s1,s2,0.18996573103843262,0,2.450679469716747,146.28812252284888,13906.168312668122,0,0
exp_055,17,s1,s2,0.283600320306022,0,0.7787664992248757,96.78674357851949,9142.290156058561,0,0
exp_055,18,s1,s2,0.04067756292128394,0,3.5248137030093494,36.29012597795985,10625.968862453228,0,0
exp_055,19,s1,s2,0.062098480320758445,0,1.6407109485798355,182.52604515439867,5598.084753523295,0,0
exp_055,20,s1,s2,0.04393865211275506,0,3.566786390588205,166.82970377722498,8627.860229869968,0,0
exp_055,21,s1,s2,0.02129516551286477,0,3.8468697346842524,114.39971562135,11462.727180159138,0,0
exp_055,22,s1,s2,0.16761326479999641,0,4.808224009149148,108.92942994168251,13962.267737783524,0,0
exp_055,23,s1,s2,0.1483594022969948,0,2.857511148273442,142.40435794004622,14042.202551270566,0,0
exp_055,24,s1,s2,0.09717168559170007,0,3.9444998536241602,121.42273407801638,6742.020336431998,0,0
exp_055,25,s1,s2,0.10840792077374468,0,2.449646412180179,142.16917264953656,9052.46327906392,0,0
exp_055,26,s1,s2,0.08428491139154154,0,2.4321368527485854,101.1810301207325,5986.720980854135,0,0
exp_055,27,s1,s2,0.010587907153397805,0,2.120725537919322,58.87401779091586,12422.223837867996,0,0
exp_055,28,s1,s2,0.08503728172626862,0,0.968176443677859,91.47619255091519,13499.393107557464,0,0
exp_055,29,s1,s2,0.12302796719005944,0,3.3191273430690384,188.07012749680575,13250.000290155658,0,0
exp_055,30,s1,s2,0.070757190024802,0,2.353632329654031,102.89914732944248,11685.228650359666,0,0
exp_055,31,s1,s2,0.031902122106744424,0,2.8795571373588236,117.8910531259949,13680.75628621159,0,0
exp_055,32,s1,s2,0.321083905809904,0,2.6866313687149264,129.3214250829508,6514.698902603583,0,0
exp_055,33,s1,s2,0.10196049040770082,0,2.0632325674169896,98.61156348293241,11775.413160224109,0,0
exp_055,34,s1,s2,0.08275017861822384,0,3.302990856665729,150.37657012442702,10739.461797217537,0,0
exp_055,35,s1,s2,0.05811617601233565,0,3.6056862111291927,97.519774442061,6384.460094002393,0,0
exp_055,36,s1,s2,0.05909856496499882,0,2.178713204279829,195.5217816066707,7832.156270407578,0,0
exp_055,37,s1,s2,0.03387752054874846,0,2.297779513924421,40.09096235193637,13716.74775583567,0,0
exp_055,38,s1,s2,0.0703651256353998,0,2.3895076737279664,31.33378601195893,6058.30412078568,0,0
exp_055,39,s1,s2,0.23437794457762218,0,3.2918613130146537,97.21128311600934,8475.387732625193,0,0
exp_055,40,s1,s2,0.1810062230915198,0,2.739843220373325,92.52348177283655,5317.333616738007,0,0
exp_055,41,s1,s2,0.0931831939873177,0,2.4453558919539913,7.48111575590793,13186.470356007952,0,0
exp_055,42,s1,s2,0.02851626963397145,0,3.850245519368886,76.44434882043497,9927.62273343504,0,0
exp_055,43,s1,s2,0.1758315991356589,0,1.662153628184052,17.38079717728721,6671.383617782562,0,0
exp_055,44,s1,s2,0.24810642842776784,0,4.218257922619726,81.34981373694632,9149.537316721186,0,0
exp_055,45,s1,s2,0.060568368547955435,0,2.604283889124857,120.23754294981806,7203.109344617523,0,0
exp_055,46,s1,s2,0.03779397900470168,0,2.4506242313932725,162.1596009572428,8581.682082807616,0,0
exp_055,47,s1,s2,0.6739148385755029,0,1.6070183823248094,67.91494847887414,11232.136782009433,0,0
exp_055,48,s1,s2,0.1618882128757591,0,3.1791278137789565,67.57769322918756,5357.354558802247,0,0
exp_055,49,s1,s2,0.07472493656204296,0,2.140613868929249,45.99712623491299,9670.959639823826,0,0
exp_055,50,s1,s2,0.2618768987393966,0,3.314513743802696,107.58365929007019,11599.710045586777,0,0
exp_055,51,s1,s2,0.0007133127458534939,0,3.440918827808359,87.26406050070541,11434.455209677448,0,0
exp_055,52,s1,s2,0.39979751201945923,0,2.5183425489454256,59.23598353044389,8623.676595170364,0,0
exp_055,53,s1,s2,0.03953531341327872,0,2.6345822788997784,19.8480257782261,11422.981233693712,0,0
exp_055,54,s1,s2,0.03728869699436713,0,3.2241794848537926,77.40816358982397,9590.165557812687,0,0
exp_055,55,s1,s2,0.08130175819518098,0,3.975611276461822,94.4266958610292,10587.4499716638,0,0
exp_055,56,s1,s2,0.25675516585846425,0,1.1277549377547424,104.77302337794143,8554.425871761965,0,0
exp_055,57,s1,s2,0.07384150717504392,0,4.944048293801899,115.5603797086386,7244.948721866308,0,0
exp_055,58,s1,s2,0.10754122038766004,0,3.6906175221456183,154.47522297815277,9818.281098175908,0,0
exp_055,59,s1,s2,0.47891712864462904,0,2.1064118751015837,89.18965411083371,13215.04215407343,0,0
exp_055,60,s1,s2,0.02385125756417788,0,2.1501240748825974,128.23253607517788,5168.773908579394,0,0
exp_055,61,s1,s2,0.01741136584879715,0,2.1610144372703433,86.88237229199908,6976.790842356821,0,0
exp_055,62,s1,s2,0.14465807203122483,0,3.6505364889776017,127.64970788356841,13411.552365475925,0,0
exp_055,63,s1,s2,0.05454790004287733,0,3.0777843419771145,155.1138263292675,9705.971169360082,0,0
exp_055,64,s1,s2,0.1267751894777872,0,3.6449549840273967,68.12160373385622,9294.658265662032,0,0
exp_055,65,s1,s2,0.013615816987510354,0,1.637399720250537,53.119611017634504,7187.709725943373,0,0
exp_055,66,s1,s2,0.17362290838552932,0,3.7105140871218616,114.97059690087436,10540.098543941464,0,0
exp_055,67,s1,s2,0.11733784936914754,0,4.114218070279314,120.09423315637731,13358.60811185881,0,0
exp_056,0,s1,s2,0.08648527177132243,0,4.481672227397792,-16.664405178583607,6079.549303145985,0,0
exp_056,1,s1,s2,0.11902017417068363,0,2.5517699023658644,87.39099121315684,14982.321318744967,0,0
exp_056,2,s1,s2,0.0899784791888858,0,0.777359068800727,-2.9108262656569073,14647.739192287701,0,0
exp_056,3,s1,s2,0.10783851578085198,0,2.8046262741998547,37.56389553811439,12741.968409458992,0,0
exp_056,4,s1,s2,0.05505198982536506,0,2.637237428455945,74.8601950311616,9420.669581658409,0,0
exp_056,5,s1,s2,0.17845609899559522,0,3.680433092494103,123.04265393612202,14207.632911573708,0,0
exp_056,6,s1,s2,0.15176194718917835,0,2.107752568173666,50.464735690910814,8524.876816230984,0,0
exp_056,7,s1,s2,0.036107800438894645,0,3.8269911624944335,58.91001836730872,5339.910509003812,0,0
exp_056,8,s1,s2,0.13034018279487372,0,2.8620906073546637,85.91720181800942,7083.068156016652,0,0
exp_056,9,s1,s2,0.08702034402478452,0,4.0980517317122205,171.81005082991288,8573.473702622228,0,0
exp_056,10,s1,s2,0.06899479727142836,0,2.1409056720870283,115.80052927058587,7295.11914453894,0,0
exp_056,11,s1,s2,0.22117956069285383,0,4.100616617334152,71.18802381355451,7509.89752337144,0,0
exp_056,12,s1,s2,0.00425321555290349,0,3.9841067788153564,100.05022214074388,13192.845491421378,0,0
exp_056,13,s1,s2,0.02916086633288503,0,2.9560867094567507,144.37373177689994,5489.9900378867005,0,0
exp_056,14,s1,s2,0.002832192584940623,0,5.90637158797363,53.30056850224597,5799.129205825903,0,0
exp_056,15,s1,s2,0.25541365258248977,0,3.880791369329053,131.8975694664733,10840.232512163515,0,0
exp_056,16,s1,s2,0.10892881225909795,0,4.572937753889554,50.81100223341052,14781.828914042693,0,0
exp_056,17,s1,s2,0.10433173567636936,0,1.7244194036790725,52.96886647708589,14633.45940847063,0,0
exp_056,18,s1,s2,0.020456998428274958,0,2.8431551169056544,169.12570595232617,9437.597543528005,0,0
exp_056,19,s1,s2,0.13764936968279817,0,2.8877722303173665,41.401947165522024,5358.336877677483,0,0
exp_056,20,s1,s2,0.11098961774943339,0,2.804671709200859,159.03634716688424,7009.756885482426,0,0
exp_056,21,s1,s2,0.08979219161991209,0,0.44979845790608763,127.59865724945003,14054.170667493474,0,0
exp_056,22,s1,s2,0.13841287004660813,0,3.2325031704552507,42.772050372177596,5887.439007047671,0,0
exp_056,23,s1,s2,0.0280579317434108,0,2.9187346118593824,143.91797851374534,13921.061016177016,0,0
exp_056,24,s1,s2,0.01815206363262747,0,2.4226048017496984,42.20012231090834,8663.256422594668,0,0
exp_056,25,s1,s2,0.13675796596381923,0,4.152433888235909,207.57308499039132,11023.75506828094,0,0
exp_056,26,s1,s2,0.13174826301252815,0,2.8018176599726274,145.65404697479192,13029.259429234655,0,0
exp_056,27,s1,s2,0.06833887158070065,0,3.6385360777891056,118.91621803060006,5322.148223648337,0,0
exp_056,28,s1,s2,0.07910461701835249,0,2.9977408531852987,114.64120849630685,13643.036826016922,0,0
exp_056,29,s1,s2,0.020567188911838577,0,3.985606767660084,113.87853182657057,9315.331316187712,0,0
exp_056,30,s1,s2,0.06669377850228239,0,4.213759770025585,94.47113029625802,14313.24272114715,0,0
exp_056,31,s1,s2,0.10748557339298857,0,3.545248098219213,137.8890911564274,12014.858269004093,0,0
exp_056,32,s1,s2,0.14654808635177533,0,-0.1170323173508776,119.64898805859097,6591.435222418601,0,0
exp_056,33,s1,s2,0.18567161046950165,0,3.4795308643740634,101.01255783284607,12859.729422958972,0,0
exp_056,34,s1,s2,0.045992851354268394,0,3.347788034227745,108.62470683245323,10388.83451537076,0,0
exp_056,35,s1,s2,0.06197855642193496,0,1.1356750564757991,126.21019284583082,14073.488106841905,0,0
exp_056,36,s1,s2,0.15959385031629558,0,3.712973027128489,182.22090486949386,14694.747784521884,0,0
exp_056,37,s1,s2,0.035340277400852146,0,2.038335272184074,59.56140652304752,12417.759886449325,0,0
exp_056,38,s1,s2,0.15959573838021415,0,4.701799027006598,154.3705671289874,8489.607646063929,0,0
exp_056,39,s1,s2,0.004056946648406288,0,3.523021525803448,23.57720970593402,13129.326823843887,0,0
exp_056,40,s1,s2,0.15014582327314568,0,2.1899443669664547,89.35075442742537,10640.487104486067,0,0
exp_056,41,s1,s2,0.04515139123609632,0,3.417955436550066,34.670875005936495,8633.917898796895,0,0
exp_056,42,s1,s2,0.018246746950365808,0,3.8492924591334594,125.22679464548249,7737.425710874951,0,0
exp_057,0,s1,s2,0.0313990921730131,0,3.6897076201563297,89.17675991234422,13982.949723547385,0,0
exp_057,1,s1,s2,0.017498220200818843,0,2.4685731174256067,143.2288451992875,10438.031593182695,0,0
exp_057,2,s1,s2,0.0005111430421602361,0,3.782846700888816,44.997541157492726,7933.073628234799,0,0
exp_057,3,s1,s2,0.009371285159716757,0,4.9071481000625745,37.3696800394004,5897.774582110783,0,0
exp_057,4,s1,s2,0.07306544634138759,0,5.309216875452509,113.34084970422296,7446.4563853046375,0,0
exp_057,5,s1,s2,0.002085749638577901,0,2.046872282939619,17.701080829024917,11357.410546804267,0,0
exp_057,6,s1,s2,0.2661718231178813,0,3.6357275351312515,49.67107835233817,5974.009093732699,0,0
exp_057,7,s1,s2,0.021148892552134785,0,4.868282250017639,104.09493331692933,13585.685359409388,0,0
exp_057,8,s1,s2,0.13622006868024064,0,3.1026783982238384,165.27769891843616,14655.986909664092,0,0
exp_057,9,s1,s2,0.00043217477569500287,0,2.4700661825811783,151.11616120594573,11504.497817378275,0,0
exp_057,10,s1,s2,0.1182478453306509,0,4.434345801635711,63.48225695097998,12914.918608357382,0,0
exp_057,11,s1,s2,0.3093768054317639,0,3.4966425935770524,120.87099891234871,14493.760056944107,0,0
exp_057,12,s1,s2,0.08067363304789266,0,4.207019853499636,63.88199027695936,6635.415864215567,0,0
exp_057,13,s1,s2,0.00706710681616521,0,1.7928955143307446,89.74927569540694,9970.209760868625,0,0
exp_057,14,s1,s2,0.04997502691468906,0,4.429654230620954,28.826914481853095,6747.357147103061,0,0
exp_057,15,s1,s2,0.047881279417146025,0,3.396711707768489,131.84167293468104,5555.884667887892,0,0
exp_057,16,s1,s2,0.07213487239768261,0,3.1902685298731264,161.86312496522459,8363.045728429686,0,0
exp_057,17,s1,s2,0.19515528037648783,0,2.675824240976374,82.4140620832844,7247.226773668094,0,0
exp_057,18,s1,s2,0.09105494890101068,0,3.5426887295953478,72.92976886707498,5958.362185067956,0,0
exp_057,19,s1,s2,0.043609942726348966,0,3.7312757684592337,70.36377681440169,8112.243995851839,0,0
exp_057,20,s1,s2,0.020737385542772043,0,1.9178672206876797,143.08468067410888,9855.468699784156,0,0
exp_057,21,s1,s2,0.014102617684404434,0,2.349364306433353,178.4271844943982,6405.79759437261,0,0
exp_057,22,s1,s2,0.13532273384918592,0,3.17154327073908,54.53076540064889,11074.851696900512,0,0
exp_057,23,s1,s2,0.2664279762912745,0,3.4189801479080053,52.31962382429156,8807.685813952667,0,0
exp_057,24,s1,s2,0.05121837907011435,0,1.4122352049484603,100.54428852840691,9611.832389524581,0,0
exp_057,25,s1,s2,0.11610607344184301,0,2.421246174028007,97.28727326048454,7578.262475448579,0,0
exp_057,26,s1,s2,0.043303192437534985,0,2.345440952884144,88.6521290558483,9495.705516172631,0,0
exp_057,27,s1,s2,0.1177489986941551,0,3.1947801042868127,31.402983287502927,7180.494865500688,0,0
exp_057,28,s1,s2,0.14465796751386661,0,1.8706171280046229,48.59537803285278,5009.238757834419,0,0
exp_057,29,s1,s2,0.03148836203136885,0,2.3580774364526214,42.193550496301235,6476.566530243002,0,0
exp_057,30,s1,s2,0.09030010976130282,0,3.6458549903443065,74.56900707203822,7845.57946737612,0,0
exp_057,31,s1,s2,0.02368236986106979,0,1.98438896781084,101.07922658320845,7213.347826175116,0,0
exp_057,32,s1,s2,0.6660170510454285,0,2.4547841376036432,155.56888852491113,10425.54830615344,0,0
exp_057,33,s1,s2,0.0537883678264658,0,2.3273587225986114,180.02057046186582,13458.971368806275,0,0
exp_057,34,s1,s2,0.07651569444850671,0,2.9238760624561544,93.12158958004969,9617.72836085846,0,0
exp_057,35,s1,s2,0.010920036591222702,0,2.0001681694495153,109.36521820271315,7005.081854842485,0,0
exp_057,36,s1,s2,0.22441620584295596,0,4.236976528398469,124.88013174106156,11961.394962040893,0,0
exp_057,37,s1,s2,0.020146345307832547,0,3.9520326402673622,-19.732243283857365,8597.11992146708,0,0
exp_057,38,s1,s2,0.0193713604167567,0,2.186093624142293,131.90633606868883,7604.859287018041,0,0
exp_057,39,s1,s2,0.03376003338635099,0,3.238733341402847,88.45026469217785,11106.163188646962,0,0
exp_057,40,s1,s2,0.18002844840792032,0,6.402737652127908,45.46476187863115,11161.446301343643,0,0
exp_057,41,s1,s2,0.04634961193816562,0,6.066698500039138,88.83563632254086,14535.424361772511,0,0
exp_057,42,s1,s2,0.2144796454210184,0,2.6818128456722232,106.36421663968505,5603.510649526581,0,0
exp_057,43,s1,s2,0.017347686288555143,0,2.1473914982845748,2.74751351663034,10193.780347144368,0,0
exp_057,44,s1,s2,0.486500274431239,0,1.616438756978212,69.13713821225274,10752.52408584729,0,0
exp_057,45,s1,s2,0.024226387600569145,0,2.9731014328069083,108.10170481252591,13126.860073637516,0,0
exp_057,46,s1,s2,0.10449207986323737,0,3.1779949271780366,130.7588449783073,10812.179794418505,0,0
exp_057,47,s1,s2,0.10580053576296633,0,3.218226422815142,107.83698883142581,7668.149000964916,0,0
exp_057,48,s1,s2,0.02242530314098337,0,2.901343485483069,82.32021466711004,13461.850228380505,0,0
exp_057,49,s1,s2,0.0072417402043487,0,4.885477677052734,118.64296236559191,13368.530331210584,0,0
exp_057,50,s1,s2,0.0875701537190871,0,3.1830602842605042,86.20756193016778,5865.592238433086,0,0
exp_057,51,s1,s2,0.015480652047169342,0,3.2583316418641073,120.3243755624274,8655.082712319834,0,0
exp_057,52,s1,s2,0.1018114057040084,0,2.260720053272336,96.35420703294328,12211.276163386958,0,0
exp_057,53,s1,s2,0.1440774723496072,0,3.1083368608350463,150.96502232201834,11731.37951001456,0,0
exp_057,54,s1,s2,0.0576343145523642,0,2.1643013931075723,14.305055697840896,14117.523566644877,0,0
exp_057,55,s1,s2,0.017933157330601825,0,3.6051760553669454,28.335646470951016,6162.813215611862,0,0
exp_057,56,s1,s2,0.22243703163760112,0,2.4911045598893833,92.84154498390045,13429.278937187371,0,0
exp_057,57,s1,s2,0.10229304950882699,0,1.6503113927826383,43.72385464292932,9983.420290296419,0,0
exp_057,58,s1,s2,0.0748243397693819,0,1.356646775979717,49.57202656946753,10044.093282900554,0,0
exp_057,59,s1,s2,0.003419339214868699,0,4.192570369803765,181.69428398010876,7792.1979972514955,0,0
exp_057,60,s1,s2,0.019786019495539684,0,3.1485068162984957,63.69823755085083,10689.00272585202,0,0
exp_057,61,s1,s2,0.07621073885315406,0,3.021333557920609,116.42139390868988,12217.907299696908,0,0
exp_057,62,s1,s2,0.011981816093251621,0,1.9398234288005645,52.54436726397713,10759.755058580084,0,0
exp_057,63,s1,s2,0.04016920774842633,0,4.388808594378245,151.53204661075165,5336.898371774038,0,0
exp_057,64,s1,s2,0.10209784529075093,0,2.907263466444367,49.0346775845446,12265.765707689301,0,0
exp_057,65,s1,s2,0.12151854178714545,0,1.9375346340012656,53.284335099870574,9402.265078556222,0,0
exp_057,66,s1,s2,0.02090768072719124,0,2.978290644294088,103.32254807393971,14229.93274012177,0,0
exp_057,67,s1,s2,0.23888508893793858,0,1.6678555670232857,63.39377435129826,12708.356345262631,0,0
exp_057,68,s1,s2,0.02605571002056725,0,2.003998127762027,102.71780973732632,8859.321545494295,0,0
exp_058,0,s1,s2,0.008322295050797127,0,2.2437783125889657,153.19317320389425,13052.32276849842,0,0
exp_058,1,s1,s2,0.07116218680960666,0,4.411071062345522,35.919087894716185,11115.886778637267,0,0
exp_058,2,s1,s2,0.11633323977119364,0,2.8434429932504477,142.06137533659708,14606.436790815473,0,0
exp_058,3,s1,s2,0.024016659036985008,0,2.4921129256397387,168.05227988299617,14070.081212606208,0,0
exp_058,4,s1,s2,0.07884757426421918,0,2.3691457114999652,114.08540019997488,11316.807008928934,0,0
exp_058,5,s1,s2,0.21126177421042006,0,3.561398746391748,62.01268644707008,5254.0075899465455,0,0
exp_058,6,s1,s2,0.2606437423041989,0,3.304537398515958,62.27032154832995,5298.345141474791,0,0
exp_058,7,s1,s2,0.06587192446233318,0,2.7953735196518443,12.418666518537913,5182.75514738357,0,0
exp_058,8,s1,s2,0.005299177079358436,0,3.0264660896156754,94.6235096095957,10600.929176752084,0,0
exp_058,9,s1,s2,0.02654744943193557,0,3.8260229229617404,115.76370354746665,7773.221010261136,0,0
exp_058,10,s1,s2,0.17837544423949428,0,2.7872174872779083,103.70877506235986,8751.498958294345,0,0
exp_058,11,s1,s2,0.07087832205018174,0,2.0791143695816707,150.11721101398876,14827.301048579324,0,0
exp_058,12,s1,s2,0.11537225653310146,0,2.217666600150454,87.65405819129688,6813.6776027081,0,0
exp_058,13,s1,s2,0.06686648536003041,0,4.5801641876978865,98.43451202816667,12261.766255722525,0,0
exp_058,14,s1,s2,0.022473611692116077,0,2.7032759870064833,102.9387975460727,8985.473993843334,0,0
exp_058,15,s1,s2,0.14443695080403893,0,4.142784992985988,82.89014328893708,14761.552901252815,0,0
exp_058,16,s1,s2,0.0934486787281725,0,2.6553860524803397,49.16318659349142,5094.833550683752,0,0
exp_058,17,s1,s2,0.09231288683301095,0,3.453172848346344,156.0743516290561,12860.862291834499,0,0
exp_058,18,s1,s2,0.16089576641512032,0,2.542411094740499,134.4180304598799,13712.685228204218,0,0
exp_058,19,s1,s2,0.10615882126936978,0,3.098679926220802,129.8383789989533,13432.083783995635,0,0
exp_058,20,s1,s2,0.03031267142353964,0,1.740360220695949,83.26682145435835,10201.02642629248,0,0
exp_058,21,s1,s2,0.06851818483585743,0,3.6521335108484756,45.80952443364712,6177.902955254125,0,0
exp_058,22,s1,s2,0.006367644064345587,0,1.6322698907137656,12.71496985399353,8197.406065264862,0,0
exp_058,23,s1,s2,0.029833412139021666,0,2.0246467117325615,76.64310580672552,9034.524691328774,0,0
exp_058,24,s1,s2,0.23497120629712082,0,3.7129013630851464,46.745655791062504,6417.845103978393,0,0
exp_058,25,s1,s2,0.043681124076933545,0,3.4427213922066655,90.94228544674316,9279.82055801809,0,0
exp_058,26,s1,s2,0.11726871566634822,0,1.9603969332731355,114.83698815667397,14395.404510306184,0,0
exp_058,27,s1,s2,0.04244480879464344,0,2.9383278996531303,92.96546655577951,8356.337258823261,0,0
exp_058,28,s1,s2,0.00973320825894367,0,1.4703309737806143,159.88343749387232,11291.34606330971,0,0
exp_058,29,s1,s2,0.0006763383792983599,0,4.269678241010128,146.87530183228486,6716.08349747476,0,0
exp_058,30,s1,s2,0.011845958182736295,0,2.5421577450581334,68.58682634586151,6682.321179929088,0,0
exp_058,31,s1,s2,0.11208561398135437,0,4.136657876134261,-19.054995782859983,5473.367888091582,0,0
exp_058,32,s1,s2,0.1975074053235577,0,2.5480633067350738,46.77036647787184,5719.016398277669,0,0
exp_058,33,s1,s2,0.014710091169672798,0,4.246911928243176,153.6737317609465,11769.654846253521,0,0
exp_058,34,s1,s2,0.0803267423203293,0,3.0100119838185075,131.56289599536092,9494.120292964466,0,0
exp_058,35,s1,s2,0.028441483664051095,0,3.1100440589073237,54.164375212371944,8148.9018669282805,0,0
exp_058,36,s1,s2,0.07423907522030944,0,3.5001316508223494,78.26862389927001,14996.97209659069,0,0
exp_058,37,s1,s2,0.038920331588298954,0,2.2126509132194943,137.16826152529663,11247.960012921432,0,0
exp_058,38,s1,s2,0.12202464021857298,0,2.188562917234629,133.40773149861576,13487.255704961948,0,0
exp_058,39,s1,s2,0.05464042022317968,0,3.221116456013394,26.271147228225754,13633.571296069422,0,0
exp_058,40,s1,s2,0.34139152047685895,0,2.7579431612891265,58.735987519244574,8384.933148286278,0,0
exp_058,41,s1,s2,0.012068283995465043,0,3.274212818217656,145.40242302530928,12964.63308956449,0,0
exp_058,42,s1,s2,0.04644978361484503,0,1.2975964601900467,58.10518205839345,9384.26612098491,0,0
exp_058,43,s1,s2,0.09425763474050546,0,4.251277024961427,98.70101983089901,14001.391686098243,0,0
exp_058,44,s1,s2,0.06342819471932136,0,3.795165777536558,166.68756577185303,12454.137336239759,0,0
exp_058,45,s1,s2,0.007902349151416485,0,2.7498066153260368,44.4056701763062,6574.040822853642,0,0
exp_058,46,s1,s2,0.19277554571592737,0,1.1286153002833346,155.46967717939202,5696.225382252671,0,0
exp_058,47,s1,s2,0.08941080860290308,0,3.332425290982566,73.79449521865138,13027.580967438214,0,0
exp_058,48,s1,s2,0.07852104049455905,0,3.398750389917855,75.64671444204528,8078.27789259334,0,0
exp_058,49,s1,s2,0.025186862250117827,0,3.812039023797824,97.17149306634137,7973.732920745237,0,0
exp_058,50,s1,s2,0.23599864878262877,0,2.066611884368059,129.9499200562581,8166.206831966254,0,0
exp_058,51,s1,s2,0.014661429433318865,0,1.776084795161287,53.23998170380905,12363.376389889836,0,0
exp_058,52,s1,s2,0.12107402794126035,0,4.091475748811779,154.74629109828106,13829.674556481761,0,0
exp_058,53,s1,s2,0.03513132476640873,0,4.052887506078674,56.370549253823356,7287.051371501274,0,0
exp_058,54,s1,s2,0.24306458102083017,0,1.128649970744735,116.28236618949741,12760.999296899825,0,0
exp_058,55,s1,s2,0.037443258147084935,0,2.237647628327984,116.45557248366151,7632.0884993329255,0,0
exp_058,56,s1,s2,0.07244664737217142,0,2.679658361843041,117.86392058701487,6044.034590139323,0,0
exp_058,57,s1,s2,0.007739681791719727,0,4.023507441805371,100.92686950259888,5423.592426438923,0,0
exp_058,58,s1,s2,0.023866531045730183,0,3.9060892421785063,126.86832644332523,13073.995292991696,0,0
exp_058,59,s1,s2,0.15374338466415904,0,2.725427202808546,50.54276340965061,14847.446628317466,0,0
exp_058,60,s1,s2,0.44996911202855333,0,4.569754682727805,138.41640604268193,14512.837962853091,0,0
exp_058,61,s1,s2,0.05977058479769048,0,3.3973887597814616,57.29328516087943,14601.023049005234,0,0
exp_058,62,s1,s2,0.11947028826751674,0,2.6621761196447102,166.32202826084497,5964.631541448511,0,0
exp_058,63,s1,s2,0.018498360075306,0,2.99470127057974,118.76156316554716,5120.205901772499,0,0
exp_058,64,s1,s2,0.31092880730277583,0,4.259617989168893,99.58419184898052,10484.581420368935,0,0
exp_058,65,s1,s2,0.010725373296857679,0,2.441653991709453,30.421188410136757,8727.095117728953,0,0
exp_058,66,s1,s2,0.22906287978996495,0,0.014737117757230411,112.67607401763068,13180.251088367764,0,0
exp_058,67,s1,s2,0.00501435706311177,0,3.2658305246318298,197.53928517730165,13760.221258682826,0,0
exp_058,68,s1,s2,0.06902172828503769,0,3.6465610996280238,70.52888886111214,7943.2385423262285,0,0
exp_058,69,s1,s2,0.2744036751377396,0,2.3122549363916427,74.17162086556318,9933.239915106878,0,0
exp_058,70,s1,s2,0.005183567088945843,0,2.9952734250178383,72.51022948913857,7151.068807947876,0,0
exp_058,71,s1,s2,0.0009396648942424047,0,2.7918141596928656,6.2017251967076525,8942.887014604232,0,0
exp_058,72,s1,s2,0.014556865483002694,0,4.671676606639385,131.66182943959757,11755.391621632953,0,0
exp_059,0,s1,s2,0.007393268481093543,0,3.2749944807089784,56.86007104906109,11840.683773964385,0,0
exp_059,1,s1,s2,0.10123073030983148,0,2.757787867059154,153.5928816025547,7175.431369212753,0,0
exp_059,2,s1,s2,0.03737516553977714,0,4.080606707764485,113.30879028522759,12017.241235075471,0,0
exp_059,3,s1,s2,0.07831005641425605,0,3.666396823460308,220.1141179618888,14716.275113296299,0,0
exp_059,4,s1,s2,0.16933166680581338,0,3.0931246530172483,175.57811455414978,8318.094575695413,0,0
exp_059,5,s1,s2,0.001970700809235723,0,2.9489029405925686,42.31337615048098,9814.01166893159,0,0
exp_059,6,s1,s2,0.2525400789122005,0,5.074139990681695,128.19236156166647,8157.2877266064725,0,0
exp_059,7,s1,s2,0.09462963079857412,0,3.7250332743911354,96.46956473545012,12298.976168166686,0,0
exp_059,8,s1,s2,0.046675819412003494,0,1.7072705033051996,117.75282879602358,11816.529802947469,0,0
exp_059,9,s1,s2,0.009656432673128539,0,2.7203123180620294,90.97053945918744,6037.872168494658,0,0
exp_059,10,s1,s2,0.0741989068751325,0,4.0271778715306175,133.290106772626,11950.552896020934,0,0
exp_059,11,s1,s2,0.04517548548850772,0,3.7609986115216074,105.09698253918557,8875.766157540556,0,0
exp_059,12,s1,s2,0.02908930474896675,0,1.1127372968504077,108.99532166648581,7618.170519618759,0,0
exp_059,13,s1,s2,0.15087029337367505,0,3.0058834119474214,149.62803719960863,12797.828819673583,0,0
exp_059,14,s1,s2,0.020713417080681557,0,5.104546016846832,136.80872081270124,9906.64167816772,0,0
exp_059,15,s1,s2,0.012429443225372249,0,3.7239644665753473,124.99132366152641,11352.26254981459,0,0
exp_059,16,s1,s2,0.01853192473221461,0,2.787699899429719,77.23680971322538,5369.9011185041945,0,0
exp_059,17,s1,s2,0.1827712153436091,0,3.5531833867072384,188.18654700810134,13896.325034837319,0,0
exp_059,18,s1,s2,0.011663887769613957,0,2.2541400243166105,122.63320921798817,5609.254267686849,0,0
exp_059,19,s1,s2,0.014260616682654007,0,2.9194326046233012,130.49616666211068,5489.9569622283525,0,0
exp_059,20,s1,s2,0.08761921547687923,0,2.383709132411363,123.06922205426763,14424.864723598761,0,0
exp_059,21,s1,s2,0.08984504915125086,0,1.4038890820253902,154.64306538637297,10321.430510490929,0,0
exp_059,22,s1,s2,0.16070011168154685,0,3.6605360960960596,148.80978279228816,13860.54306129986,0,0
exp_059,23,s1,s2,0.022234473492536377,0,3.485364325861667,73.8340202973759,8208.893462278156,0,0
exp_059,24,s1,s2,0.07178137403702117,0,2.3751227604971668,173.24089612726988,6301.623001942134,0,0
exp_059,25,s1,s2,0.11377394757714383,0,1.7662003801179722,226.12683488125344,7595.960065272909,0,0
exp_059,26,s1,s2,0.01755786221052531,0,3.5991927754587,58.4559844473886,10361.951341436197,0,0
exp_059,27,s1,s2,0.39714748236666253,0,1.8272272346639116,102.50302262221996,6481.790426992931,0,0
exp_059,28,s1,s2,0.09379434452746034,0,3.520962603128057,134.85079199373095,11556.273426355998,0,0
exp_059,29,s1,s2,0.01888726433655775,0,3.229880263159181,82.8169655280731,13952.484159890377,0,0
exp_059,30,s1,s2,0.02748980821278478,0,2.40941489111185,128.9157285804102,7492.716833582015,0,0
exp_059,31,s1,s2,0.025380650944152996,0,1.7143251472009602,14.005261660178704,8094.664138931625,0,0
exp_059,32,s1,s2,0.07230401270478268,0,3.327081127837931,95.7581340310375,13073.504543312649,0,0
exp_059,33,s1,s2,0.2673320508602186,0,4.8861286706520595,130.3675101536286,6666.763751011944,0,0
exp_059,34,s1,s2,0.13974999387037182,0,2.4356869450597705,78.96544307498904,5418.593487391614,0,0
exp_059,35,s1,s2,0.06390951691774842,0,3.5705474441176213,80.53007553887016,8164.387691313277,0,0
exp_059,36,s1,s2,0.13828078553006148,0,3.7461602993227707,196.520215143694,9168.249434541014,0,0
exp_059,37,s1,s2,0.11120167671455763,0,4.152446875781838,-11.077188192851416,10898.01736835969,0,0
exp_059,38,s1,s2,0.03110943057950116,0,3.437511136672605,130.09445835009424,6835.304533029224,0,0
exp_059,39,s1,s2,0.04494929389732557,0,1.1922291884592031,56.92333115851882,12982.428066060897,0,0
exp_059,40,s1,s2,0.12925151931362241,0,3.2965211051357786,109.80107786156772,10951.512559003793,0,0
exp_059,41,s1,s2,0.09533031406004296,0,3.9439071370196195,157.79457053157805,13698.130183989617,0,0
exp_059,42,s1,s2,0.14705381061329678,0,2.2270135972489045,118.97971238075971,12719.737357159327,0,0
exp_059,43,s1,s2,0.044380975151579266,0,3.6249786991780226,78.60047757872566,12735.613701439386,0,0
exp_059,44,s1,s2,0.11122596928900692,0,2.128511931823362,87.14680486869337,9838.96827919927,0,0
exp_059,45,s1,s2,0.011167667597694235,0,4.334722220405176,100.03067610278943,14976.381344009631,0,0
exp_059,46,s1,s2,0.022065753338547586,0,3.5806844937063094,72.71608231247154,9690.5863229721,0,0
exp_059,47,s1,s2,0.24746149439253406,0,3.762735312440569,143.39019352295307,6019.537086546568,0,0
exp_059,48,s1,s2,0.00365349109323101,0,1.9454141777462073,65.82274282583404,12123.088859285132,0,0
exp_059,49,s1,s2,0.05991719353226887,0,4.357669481026184,105.00812422737751,9785.046817657094,0,0
exp_059,50,s1,s2,0.07872959408449796,0,2.7642818350066514,158.75777768874366,5831.26707913599,0,0
exp_059,51,s1,s2,0.0737528020249375,0,3.3977621893031107,233.79503647641073,7580.495172181174,0,0
exp_059,52,s1,s2,0.025320344195419342,0,1.924375266712218,79.01358147564922,11660.23679273835,0,0
exp_059,53,s1,s2,0.0953667888749151,0,1.7345355998588308,130.43975512575332,7465.290142038841,0,0
exp_059,54,s1,s2,0.15482969962440762,0,3.7418899869635345,118.79658792683017,9035.057177767954,0,0
exp_059,55,s1,s2,0.07925871066549792,0,3.291171559616001,140.71233017033583,5069.709507894528,0,0
exp_059,56,s1,s2,0.12024531704804027,0,4.046848787339246,140.3151308032513,11594.331201677496,0,0
exp_059,57,s1,s2,0.045439769192939725,0,3.7455832022277797,100.94315838958524,12296.109659769421,0,0
exp_059,58,s1,s2,0.07025598076703436,0,3.712318400605223,107.78210231969132,8937.825222696774,0,0
exp_059,59,s1,s2,0.010741118961545485,0,2.1474921347673765,12.44995585572839,7729.638698604883,0,0
exp_059,60,s1,s2,0.07528385991023935,0,2.3709988976979175,84.5339847551736,6880.685136060507,0,0
exp_059,61,s1,s2,0.25029413019728447,0,1.5403197200805478,150.93620357127875,8669.179125004399,0,0
exp_059,62,s1,s2,0.06800003232711174,0,3.83984944619697,188.46638945618128,14326.981245629415,0,0
exp_059,63,s1,s2,0.0982828120275984,0,3.3236506616307846,128.53915773929916,6721.93454112086,0,0
exp_059,64,s1,s2,0.0305218974616036,0,1.9465661730414496,106.01200867198973,12853.682691120457,0,0
exp_059,65,s1,s2,0.15662532690357472,0,2.580577724383165,90.29640535455863,14888.474592335746,0,0
exp_059,66,s1,s2,0.028865438398590876,0,2.801881763890692,74.80680543518149,14690.032621742932,0,0
exp_059,67,s1,s2,0.1574686849996195,0,1.0725687452261843,90.26385196004908,9233.060985474687,0,0
exp_059,68,s1,s2,0.0017518159077120567,0,2.4673447267257558,114.52660474199074,10190.375768743072,0,0
exp_059,69,s1,s2,0.08343537875445968,0,2.525074655275794,88.88663955376066,13543.885582594903,0,0
exp_059,70,s1,s2,0.01648187533032175,0,2.994945569381892,77.38805421095124,6299.169857975734,0,0
exp_059,71,s1,s2,0.40411678247986543,0,2.4961155663783847,132.26468724050702,14115.967533839443,0,0
exp_059,72,s1,s2,0.037271294426436695,0,2.7820482265459345,9.800369694171918,5010.161109260699,0,0
exp_059,73,s1,s2,0.08701402451227623,0,1.9430981247887524,19.977669953360543,7614.109481981066,0,0
exp_059,74,s1,s2,0.07529931671537365,0,2.500778697901464,81.55302785839751,13906.470820480448,0,0
exp_059,75,s1,s2,0.04952065441883135,0,4.054163838992292,62.84924651180507,5222.554945293492,0,0
exp_059,76,s1,s2,0.06505657526287849,0,3.4219266515193207,95.84255260802847,6800.750122966115,0,0
exp_059,77,s1,s2,0.09885140285088957,0,3.2281279245738617,29.848900777391496,10550.632325137893,0,0
exp_059,78,s1,s2,0.007833645483116268,0,1.0488274326974223,-9.375033810091992,8191.366741421465,0,0
exp_059,79,s1,s2,0.03245653805793684,0,2.1651344878526237,73.78897293657487,11847.352055122998,0,0
exp_059,80,s1,s2,0.07526945929186947,0,2.371884243800042,119.06873275950949,11660.887389587626,0,0
exp_059,81,s1,s2,0.1183929823360248,0,2.214641255147566,143.65536591248502,11402.975036637512,0,0
exp_059,82,s1,s2,0.09630638845712303,0,4.5685238695989465,44.988916048716135,5866.955613163649,0,0
exp_059,83,s1,s2,0.10314351237206298,0,1.6936370624497272,123.92994321047895,13182.136195198691,0,0
exp_059,84,s1,s2,0.20747644982206925,0,2.5251448687769247,222.45339578100902,9275.942292620577,0,0
exp_059,85,s1,s2,0.14313265813973508,0,2.976445488927538,124.76391219504369,5061.550787747749,0,0
exp_059,86,s1,s2,0.09070018438309557,0,4.02732835531204,124.11046933941324,6994.069810961174,0,0
exp_059,87,s1,s2,0.07430259674538879,0,4.962961279559977,68.44486542108679,5639.430637031647,0,0
exp_059,88,s1,s2,0.21542765742584652,0,4.06124112528671,101.57019483819141,8402.37131863138,0,0
exp_059,89,s1,s2,0.10599365739243725,0,2.364740721113831,92.98641208633138,8094.770132750824,0,0
exp_059,90,s1,s2,0.019186062348154495,0,4.291145591652066,127.62547319622463,10133.469652634014,0,0
exp_059,91,s1,s2,0.1587055641252135,0,2.8411708086134912,34.61287055442484,9425.856159031684,0,0
exp_059,92,s1,s2,0.20647935821000593,0,3.194622188745099,72.03361739439103,10028.405867532085,0,0
exp_059,93,s1,s2,0.08340315790479315,0,2.2850459936164444,42.035845649127324,7283.537125493739,0,0
exp_059,94,s1,s2,0.2917745103365656,0,3.528307133477039,62.332692448776996,7457.472939385367,0,0
exp_059,95,s1,s2,0.05532454550997831,0,3.067069500013613,102.81420097606451,14809.341568879338,0,0
exp_059,96,s1,s2,0.18283140057517025,0,4.857918562765934,73.20563033309003,9851.285119573398,0,0
exp_059,97,s1,s2,0.04354373458149657,0,4.30293007059801,130.52355007148392,11359.007866781933,0,0
exp_059,98,s1,s2,0.1752029468358079,0,2.561213223774612,43.78612189597152,8125.858127342299,0,0
exp_059,99,s1,s2,0.021582929044133455,0,3.6340215142737593,95.97779848699953,10380.082917071624,0,0
exp_059,100,s1,s2,0.03374395316853801,0,4.222696521511531,21.097302133809524,8527.467418130804,0,0
exp_059,101,s1,s2,0.07729411521656454,0,2.1242466750867397,35.81428711620042,12057.278588363599,0,0
exp_059,102,s1,s2,0.08785575467632142,0,4.0621148004639736,151.41260842928762,5189.355332267719,0,0
exp_059,103,s1,s2,0.1029330377455239,0,2.068594715424113,129.14414232004492,6581.0478816041905,0,0
exp_059,104,s1,s2,0.084318503600392,0,4.076031981243533,121.68691083429943,14033.211492135617,0,0
exp_059,105,s1,s2,0.04984581572305127,0,3.1479485043754134,160.0599284859623,9705.821406020197,0,0
exp_059,106,s1,s2,0.12005474975854663,0,2.709826943458196,75.46131536949562,13167.626854113883,0,0
exp_059,107,s1,s2,0.07013383131517284,0,1.939059342801495,31.47878572526791,9227.203227231541,0,0
exp_059,108,s1,s2,0.4329058662225622,0,3.19304777145338,2.1778853938713816,10360.713238710017,0,0
exp_059,109,s1,s2,0.14731513003223398,0,5.446893779485791,120.67552739978665,12533.280507609115,0,0
exp_059,110,s1,s2,0.01066190903084576,0,4.479557134551918,63.97666358820441,12623.251044087467,0,0
exp_059,111,s1,s2,0.18987643321885717,0,3.5940650057256627,54.55140771094402,5333.405305262836,0,0
exp_059,112,s1,s2,0.012282222563460128,0,3.6375633495936466,128.11637170309925,10924.364521245647,0,0
exp_059,113,s1,s2,0.08715228705771075,0,3.3729526775893697,111.45769925853585,9211.151708676298,0,0
exp_059,114,s1,s2,0.012196552853148536,0,2.5442327228269255,148.78405896356622,6337.857732105904,0,0
exp_059,115,s1,s2,0.09535160774693945,0,2.1583177815900108,227.59644787947525,13597.972442471588,0,0
exp_059,116,s1,s2,0.03177644923777662,0,3.0221687741532066,87.53278744856252,8782.48292859848,0,0
exp_059,117,s1,s2,0.1681700807789064,0,2.6980285347649686,168.74251333797525,7164.8527358582305,0,0
exp_059,118,s1,s2,0.05489253997041824,0,1.8721571000596329,125.72422187075146,12730.466155703029,0,0
exp_060,0,s1,s2,0.31994230782402855,0,3.4810557241417937,98.68518995671795,9116.222966816786,0,0
exp_060,1,s1,s2,0.024606428544159384,0,5.182267809695493,110.13901814024975,9579.633160499438,0,0
exp_060,2,s1,s2,0.08369539132050158,0,3.7507417926638422,-26.716809590355783,14525.956719465616,0,0
exp_060,3,s1,s2,0.0692809542638708,0,3.8378900949962764,60.03651377097934,8375.844577815493,0,0
exp_060,4,s1,s2,0.16939460840838177,0,2.8359027488876034,78.3338890321683,5943.599082606394,0,0
exp_060,5,s1,s2,0.008917862294876682,0,1.8636106492676685,178.48597937104293,13714.789419851126,0,0
exp_060,6,s1,s2,0.07265077845194612,0,4.044711241764601,51.60298928635085,11240.167915856997,0,0
exp_060,7,s1,s2,0.16074130679620283,0,1.9590981355271109,122.44254156707524,11703.10037667066,0,0
exp_060,8,s1,s2,0.04968392204653965,0,3.8137867449220964,96.44257189044824,8599.64046297747,0,0
exp_060,9,s1,s2,0.09466446433326815,0,2.2506586998799585,87.37901391298142,9535.253420483004,0,0
exp_060,10,s1,s2,0.09089713452077319,0,1.2926940582593265,27.780724275086467,13203.78513894397,0,0
exp_060,11,s1,s2,0.0030134695494389847,0,3.9062158692056013,70.29038647305715,14205.301486111637,0,0
exp_060,12,s1,s2,0.053153796065190086,0,2.8419153720420884,110.20733022540279,7214.270678601726,0,0
exp_060,13,s1,s2,0.1872046154462919,0,2.833682940070316,112.09777011605058,5593.241899686111,0,0
exp_060,14,s1,s2,0.009466693748984414,0,3.86817927305322,60.38153679096755,10099.918277962828,0,0
exp_060,15,s1,s2,0.06080505129019423,0,3.9277159187500845,110.0017081065086,5904.303795656576,0,0
exp_060,16,s1,s2,0.11865394116357574,0,3.500183421534924,142.65834098420942,5144.685360731447,0,0
exp_060,17,s1,s2,0.026346004909099552,0,3.0564963414184843,224.5624165003633,10279.36252526866,0,0
exp_060,18,s1,s2,0.026387495697789295,0,1.8256470376826854,143.9922961978445,8894.349664784539,0,0
exp_060,19,s1,s2,0.046031616997802,0,2.3668130594507955,113.29160849276997,7055.419010401853,0,0
exp_060,20,s1,s2,0.02237650827812166,0,2.8191095450739145,87.88799204692468,11070.602679233543,0,0
exp_060,21,s1,s2,0.13173959986957492,0,2.675423260215356,204.85059556068072,5524.345710960636,0,0
exp_060,22,s1,s2,0.31943542192590574,0,3.4916611748560094,51.55189723432257,14128.90615482111,0,0
exp_060,23,s1,s2,0.11965904410855997,0,2.3123752809386517,47.37455445969804,5302.058670110951,0,0
exp_060,24,s1,s2,0.09487060803302179,0,4.479127888455443,137.05779120424575,5109.9628927562135,0,0
exp_060,25,s1,s2,0.17028769324848106,0,2.3592247259134194,121.29690554742943,8476.266092689786,0,0
exp_060,26,s1,s2,0.10175620997936062,0,1.9772217590122478,99.44156913602345,5873.453751365899,0,0
exp_060,27,s1,s2,0.15207692803626816,0,2.689222821212322,83.696983877399,13309.231253567576,0,0
exp_060,28,s1,s2,0.09471098870271431,0,2.519047270311573,221.9199672585327,10689.950144022909,0,0
exp_060,29,s1,s2,0.09207247736536117,0,3.622483334561562,200.3994053235078,6112.392038466398,0,0
exp_060,30,s1,s2,0.04534044571346158,0,2.4740279405960157,49.852859845495914,14512.641693946101,0,0
exp_060,31,s1,s2,0.11498598121469397,0,3.200839838681107,99.37843239091,12335.832610226582,0,0
exp_060,32,s1,s2,0.07296305644521583,0,3.620051867639084,146.12543983024108,7437.761776359871,0,0
exp_060,33,s1,s2,0.07555722562295938,0,1.1861175295304889,204.14049951042574,6791.92622855362,0,0
exp_060,34,s1,s2,0.02527900114071209,0,3.2456632413772493,127.5201489164964,11896.173157844709,0,0
exp_060,35,s1,s2,0.08494048440738183,0,4.500736382657942,59.45333876805893,8595.290043775281,0,0
exp_060,36,s1,s2,0.19261286898535504,0,2.8624912555692235,45.300539702431855,9954.496426792977,0,0
exp_060,37,s1,s2,0.029558527777424237,0,2.0440180838887545,146.39068392860182,13538.913752833585,0,0
exp_060,38,s1,s2,0.019560057577533912,0,4.367525753915432,25.735240910894596,11053.350704632532,0,0
exp_060,39,s1,s2,0.008124163076692791,0,3.3125248158232603,155.1748750636163,13698.595487071685,0,0
exp_060,40,s1,s2,0.20221963893234546,0,3.867153129040598,104.84668128653696,13484.077988134559,0,0
exp_060,41,s1,s2,0.3173017204949506,0,3.303404670597255,116.5537945495245,9693.604806769115,0,0
exp_060,42,s1,s2,0.023829660662437593,0,3.2484732179970925,122.92754293925533,7817.478641985203,0,0
exp_060,43,s1,s2,0.04170252539933221,0,2.7654674074819194,198.3683055545747,5814.825618463683,0,0
exp_060,44,s1,s2,0.015250796652314031,0,2.1807524872713313,158.69641236774046,10076.494284020391,0,0
exp_060,45,s1,s2,0.14550935867296685,0,2.320152065346549,125.64097818291127,5983.938643990353,0,0
exp_060,46,s1,s2,0.08944125467183354,0,2.341197173628224,122.67899260726657,8719.552873272747,0,0
exp_060,47,s1,s2,0.20423615487542485,0,2.930866435111947,133.431928525554,5795.15934030833,0,0
exp_060,48,s1,s2,0.029799703079267395,0,2.244659180272774,61.365768831298446,9938.8170537925,0,0
exp_060,49,s1,s2,0.08752103348024859,0,4.365058321512224,184.19966687595354,14872.789983842842,0,0
exp_060,50,s1,s2,0.09892485358987019,0,2.816417710506841,118.42149042173845,7401.2949034649755,0,0
exp_060,51,s1,s2,0.07267426139038378,0,1.4480269877518377,102.44242334521364,11996.556568999476,0,0
exp_060,52,s1,s2,0.003008177278059538,0,2.575086461391404,194.5790169196795,11890.07510845079,0,0
exp_060,53,s1,s2,0.0648327996289203,0,2.5236086038644556,195.6100210304467,13221.376255297002,0,0
exp_060,54,s1,s2,0.15588211780173825,0,2.4882360432663506,128.84585902018443,5256.802638590348,0,0
exp_060,55,s1,s2,0.024556647619120707,0,4.69271343308125,92.75862529699312,7186.324808328537,0,0
exp_060,56,s1,s2,0.011991880639340027,0,4.6201116050064375,142.7675603500543,10611.6744374642,0,0
exp_060,57,s1,s2,0.15248598629666665,0,3.039319356777832,121.19720195353163,9167.905117427259,0,0
exp_060,58,s1,s2,0.19685663004649728,0,4.368676993356786,118.29152785329383,10333.394051563908,0,0
exp_060,59,s1,s2,0.05262725966402946,0,1.7276949867380176,142.95863803369937,8491.337429383693,0,0
exp_060,60,s1,s2,0.48635082211803127,0,3.901517998238166,116.49462986906042,13077.685130371436,0,0
exp_060,61,s1,s2,0.10563363083524827,0,2.5043723261892725,139.67148298512393,11371.164488122984,0,0
exp_060,62,s1,s2,0.08930711292987986,0,1.8942197139402968,120.42580324938841,7772.430399980684,0,0
exp_060,63,s1,s2,0.03377947570755432,0,3.3590277724059803,103.87279073980693,14540.67551182148,0,0
exp_060,64,s1,s2,0.025772147778712763,0,4.145001478521985,82.69117752028954,14157.517389861401,0,0
exp_060,65,s1,s2,0.026983754342110523,0,2.138171148563544,63.846507749203454,8501.035675745787,0,0
exp_060,66,s1,s2,0.16335226276080939,0,4.182476566449686,130.36562903341473,10830.311063353061,0,0
exp_060,67,s1,s2,0.029804636742925945,0,3.522479823094127,121.14643042556426,12682.825996284162,0,0
exp_060,68,s1,s2,0.007731532623445291,0,2.858123273616989,52.996627230407405,9761.470089248402,0,0
exp_060,69,s1,s2,0.16934644935550447,0,2.116593839664632,122.87343430440042,7261.467832288014,0,0
exp_060,70,s1,s2,0.03364175016813586,0,2.6245273877975612,66.73011178409627,12285.981555397331,0,0
exp_060,71,s1,s2,0.027628258765075988,0,2.8861721855376006,162.61399727579462,8229.357612443888,0,0
exp_060,72,s1,s2,0.053173964616605764,0,3.1487703492494163,192.79894609032078,5072.78663975058,0,0
exp_060,73,s1,s2,0.2555206974570598,0,3.530986829362002,260.7687098106416,5727.7850254400455,0,0
exp_060,74,s1,s2,0.027278690541519775,0,3.332059120949089,111.77761056440453,10291.186810529796,0,0
exp_060,75,s1,s2,0.04359398770994093,0,3.168667760019291,79.62894008977315,7784.466106862827,0,0
exp_060,76,s1,s2,0.005658486481291505,0,2.820070847067936,204.48574815629806,5119.62149701724,0,0
exp_060,77,s1,s2,0.011757260179378235,0,2.6291379721949912,108.46568619269287,13659.630648429902,0,0
exp_060,78,s1,s2,0.037298767226313,0,3.1767636999722066,86.00447134147592,10244.272344530238,0,0
exp_060,79,s1,s2,0.03662059808551626,0,2.6904237264202493,96.96296715564495,11626.98537539429,0,0
exp_060,80,s1,s2,0.04553494307681646,0,3.856743175843872,171.5352998820316,11512.541859097379,0,0
exp_060,81,s1,s2,0.15745183156636477,0,1.8577174912735572,192.16935820359294,8899.275617346357,0,0
exp_060,82,s1,s2,0.01273586055527794,0,3.7069022806269207,137.82703935937025,7462.983670855235,0,0
exp_060,83,s1,s2,0.1985455239255634,0,2.3930683726445254,226.72662843030682,5174.963016254958,0,0
exp_060,84,s1,s2,0.04824668711736116,0,2.2864435090612467,112.23351745354789,9595.673088875483,0,0
exp_060,85,s1,s2,0.5026147695909126,0,3.381726646787886,188.17687512211768,10330.328849390766,0,0
exp_060,86,s1,s2,0.0044751666261926455,0,2.352151547449444,114.73491804128139,7078.338967494382,0,0
exp_060,87,s1,s2,0.02032300672652998,0,1.540476625944374,104.88973914098374,11958.005615441982,0,0
exp_060,88,s1,s2,0.07879632315986551,0,3.469502481189845,77.51579383513402,8550.45437122979,0,0
exp_060,89,s1,s2,0.04134262339143835,0,1.7043716605280277,193.90210177246905,5966.214044613391,0,0
exp_060,90,s1,s2,0.1201137042737897,0,2.040140394846736,57.19460798030392,5720.126584593025,0,0
exp_060,91,s1,s2,0.35836764778371966,0,2.3907006054936213,165.81276081275763,5188.07362629799,0,0
exp_060,92,s1,s2,0.0006114560865613082,0,2.9700565529422507,27.626679136302545,9579.099781851513,0,0
exp_060,93,s1,s2,0.08801820111543715,0,2.4091646900761328,165.5072193816941,6603.636955093174,0,0
exp_060,94,s1,s2,0.16096825264917994,0,1.7686330739061653,51.665494553748665,12643.120384292353,0,0
exp_061,0,s1,s2,0.09023387262409745,0,2.9437995260580796,136.54718393849865,8882.692383934087,0,0
exp_061,1,s1,s2,0.2236817119019573,0,2.752812012796538,134.93579739506347,10919.896825502068,0,0
exp_061,2,s1,s2,0.3316702922368191,0,1.140081810683952,107.38609198369353,10818.498849341502,0,0
exp_061,3,s1,s2,0.12884251055761026,0,2.2242538012924804,27.06473328466692,8370.367519640502,0,0
exp_061,4,s1,s2,0.18315498590929058,0,4.335236789726289,165.61685807779537,14403.567144657201,0,0
exp_061,5,s1,s2,0.03544923428927493,0,3.449862893186274,39.99066343195795,10636.710655584295,0,0
exp_061,6,s1,s2,0.12649152876992695,0,3.1530345450601827,149.32430496808047,6500.752597937918,0,0
exp_061,7,s1,s2,0.0911623996446838,0,2.1944660907359546,-7.283950008745621,14594.84390889166,0,0
exp_061,8,s1,s2,0.08095620246631116,0,2.8125050949936536,42.216957272146175,7284.305026161629,0,0
exp_061,9,s1,s2,0.014558372459351468,0,3.867381691940502,171.59108511774767,9977.888665177617,0,0
exp_061,10,s1,s2,0.05503260887503003,0,2.3958950465557,86.9658470177851,7992.696475301935,0,0
exp_061,11,s1,s2,0.18225978596973758,0,3.684425976726846,199.56829644413386,7960.4448324287005,0,0
exp_061,12,s1,s2,0.007997463937992546,0,2.7605733040962797,219.34954539668175,12590.745133976106,0,0
exp_061,13,s1,s2,0.053078674192776544,0,2.964095404251123,108.51346571912617,8330.716349115808,0,0
exp_061,14,s1,s2,0.20478372736118,0,3.9825215662373488,86.1596205169963,5273.542856238502,0,0
exp_061,15,s1,s2,0.11795836884058178,0,1.9314655605339421,150.83470758031288,7104.334012793995,0,0
exp_061,16,s1,s2,0.16170978632394806,0,4.1527559561785194,50.781240736170425,13152.928705558761,0,0
exp_061,17,s1,s2,0.7084850907508402,0,3.422886843981001,15.364775326528024,6340.1894145470405,0,0
exp_061,18,s1,s2,0.04017322415794098,0,1.7407292890255046,101.225594228553,13893.833101726092,0,0
exp_061,19,s1,s2,0.12389404807646714,0,3.00168037909407,121.54311468803472,8146.106775495778,0,0
exp_061,20,s1,s2,0.030579777459069347,0,2.9821826821279833,56.194677344635124,5501.40022102736,0,0
exp_061,21,s1,s2,0.07008511628259594,0,2.8414730349576303,16.777684255931014,9183.841263444538,0,0
exp_061,22,s1,s2,0.0364007838304183,0,1.6732373018342752,-31.21885785300158,13336.917615752385,0,0
exp_061,23,s1,s2,0.1095965823943941,0,3.875195644003966,92.78195947713925,12557.407765033082,0,0
exp_061,24,s1,s2,0.007873686585685519,0,2.3453717919620503,7.8702970397013905,10042.459227598743,0,0
exp_061,25,s1,s2,0.19065792408943527,0,2.9528870963785447,84.16540638567375,9109.983736821632,0,0
exp_061,26,s1,s2,0.29464838650479097,0,2.5106156846198107,83.21842936503297,6422.60212183976,0,0
exp_061,27,s1,s2,0.0734266560811264,0,4.414227899874264,69.64553918020984,8231.82372153543,0,0
exp_061,28,s1,s2,0.0136921993652463,0,3.9091590151586004,86.57463027502077,9055.265534210626,0,0
exp_061,29,s1,s2,0.17935273658877346,0,1.5791726644651891,58.25215864502761,12748.627299053456,0,0
exp_061,30,s1,s2,0.023475385033763143,0,2.541697230583906,40.973866538819514,8995.726987149037,0,0
exp_061,31,s1,s2,0.05458106707134469,0,5.6536270622195985,62.53171603741865,6894.290245954572,0,0
exp_061,32,s1,s2,0.09517733165414931,0,4.227640330153791,57.127569365134114,10572.044501863174,0,0
exp_061,33,s1,s2,0.08080388107465769,0,1.884579292430858,161.95196365222588,9292.329405614755,0,0
exp_061,34,s1,s2,0.08744241673460766,0,1.512863574230298,-4.6395843594541075,7724.870727890431,0,0
exp_061,35,s1,s2,0.03388140132000927,0,2.666009105013157,36.16618857552301,13496.85136123002,0,0
exp_061,36,s1,s2,1.0237776627156082e-05,0,3.6917336699985506,101.52367937401347,13390.366115940365,0,0
exp_061,37,s1,s2,0.1020953008759305,0,3.26308700653502,88.80620908662625,12547.75391136719,0,0
exp_061,38,s1,s2,0.03104019090931064,0,3.2704521926145995,110.938849324246,11982.260124296714,0,0
exp_061,39,s1,s2,0.010578744118926144,0,2.2183755866369683,115.50044540520503,14054.133586208218,0,0
exp_061,40,s1,s2,0.04307485834854846,0,1.6715150474065321,102.3785436933642,10465.621897831377,0,0
exp_061,41,s1,s2,0.27942603485272716,0,1.5776750828903423,62.773149046943836,9813.614771130888,0,0
exp_061,42,s1,s2,0.17941372679625658,0,2.1807121365597757,162.71186440459272,8826.65829562197,0,0
exp_061,43,s1,s2,0.10620537467432084,0,2.4970229112948954,82.78147961856963,8519.842432473264,0,0
exp_061,44,s1,s2,0.2773641821505033,0,3.122430141707769,92.69815344454271,10346.480314381526,0,0
exp_061,45,s1,s2,0.10021293690668959,0,2.7063915108833516,86.10740074603551,6627.436768118106,0,0
exp_061,46,s1,s2,0.10998016248232917,0,3.2701309394846243,107.96384086998654,8981.923526671355,0,0
exp_061,47,s1,s2,0.06198398135624246,0,1.2630363003500191,88.52414772762248,8282.326546439966,0,0
exp_061,48,s1,s2,0.1876143119674068,0,3.8660020434494413,81.666440421733,8052.677114830531,0,0
exp_061,49,s1,s2,0.0415338433178469,0,2.0734246116987674,107.03685444248715,14220.62267166209,0,0
exp_061,50,s1,s2,0.1717022224665217,0,2.954396562936184,87.59153856958132,13583.430583316742,0,0
exp_061,51,s1,s2,0.056742645151065335,0,4.879575373232675,63.10882752791315,6626.542683848225,0,0
exp_061,52,s1,s2,0.05942852435347093,0,2.985457498096931,84.25458205972589,13959.244762391758,0,0
exp_061,53,s1,s2,0.090824327847216,0,1.7903196798736394,89.3723613112452,7024.185635165117,0,0
exp_061,54,s1,s2,0.007959525370524849,0,2.723015838212351,107.93918434761133,8839.488287342017,0,0
exp_061,55,s1,s2,0.13856733280518724,0,3.6091883582697797,183.60988514080364,10713.077341260681,0,0
exp_061,56,s1,s2,0.009467127227031432,0,3.1385373478041707,35.18912106785264,8480.803282555798,0,0
exp_061,57,s1,s2,0.0019118704340017171,0,3.579165798262454,156.1355912629373,8257.854666690966,0,0
exp_061,58,s1,s2,0.010336827625457958,0,1.253034426657859,152.5995824496419,7553.893370081426,0,0
exp_061,59,s1,s2,0.12782268236122837,0,2.1576187902858237,80.11230121044669,9816.537478295935,0,0
exp_061,60,s1,s2,0.17629725468450985,0,3.151773817051998,107.59554697085136,9209.198394014817,0,0
exp_061,61,s1,s2,0.156510629779108,0,2.8643265811769707,158.71836848187735,8187.393889203795,0,0
exp_061,62,s1,s2,0.12105428291189042,0,1.0538149822149268,99.639914784934,14883.981102235291,0,0
exp_061,63,s1,s2,0.2102161497253603,0,3.646708079996151,115.75386898626986,11814.878727049167,0,0
exp_061,64,s1,s2,0.05805398239945752,0,1.931394769737381,31.81074852453911,8827.204407654046,0,0
exp_061,65,s1,s2,0.17267920185034158,0,4.6985679298509595,87.52214009658744,13567.204698454749,0,0
exp_061,66,s1,s2,0.025004008962482782,0,3.8550007822525414,208.02767249558113,12428.270050004,0,0
exp_061,67,s1,s2,0.11888477095095336,0,2.4210540335490873,147.94424370902146,7163.563916735941,0,0
exp_061,68,s1,s2,0.16357753729459767,0,1.6244211615063782,54.85355031159342,8368.185255268696,0,0
exp_061,69,s1,s2,0.006865791800194896,0,3.7458872756514565,147.34504915959675,10526.9245382874,0,0
exp_061,70,s1,s2,0.12590803106230564,0,1.5468999402985533,54.95543892681008,13623.009893481458,0,0
exp_061,71,s1,s2,0.05489681735143323,0,3.6216601832420063,62.04699589925949,8358.718542861927,0,0
exp_061,72,s1,s2,0.023806850248473094,0,1.7628851218020165,94.01807365695436,12578.111595507295,0,0
exp_061,73,s1,s2,0.21861463208666834,0,2.5248689168393104,101.40874897894503,8651.429614012455,0,0
exp_061,74,s1,s2,0.02785262956308515,0,3.3110464645055258,212.48912074909728,8557.368437326704,0,0
exp_061,75,s1,s2,0.10455601853959717,0,3.8443720785961153,108.76893731606192,10968.02952280083,0,0
exp_061,76,s1,s2,0.07086911337070938,0,2.5146403731493,126.39562750626607,7435.646178390623,0,0
exp_061,77,s1,s2,0.15305025951124826,0,0.9070661984855453,33.53258165872938,13870.77954477805,0,0
exp_061,78,s1,s2,0.09418881540572831,0,3.541113132873867,126.45054082713139,6200.266583117686,0,0
exp_061,79,s1,s2,0.10604567478105374,0,2.972278458407382,131.40366193805764,12321.824255223351,0,0
exp_061,80,s1,s2,0.08364008819085617,0,2.417813899626009,71.8125017978024,9338.331651859724,0,0
exp_061,81,s1,s2,0.06596941721629809,0,3.6141037327266314,100.21138917793333,6002.545441374765,0,0
exp_061,82,s1,s2,0.04788857334814624,0,3.5516136084182515,100.86637253714044,10043.148170070383,0,0
exp_061,83,s1,s2,0.149288105098167,0,3.419020349273057,178.60192206558855,6307.031019859834,0,0
exp_061,84,s1,s2,0.024687122674024675,0,4.426577827152301,22.043658764109942,6442.662987389791,0,0
exp_061,85,s1,s2,0.019241554184087156,0,2.1556891000725233,126.4191388959206,6353.355776189565,0,0
exp_061,86,s1,s2,0.3809551549626905,0,2.4298936371048283,105.26760728230008,11153.621540272003,0,0
exp_061,87,s1,s2,0.013135820443323568,0,5.079678694842312,97.38071774901552,6485.07032834031,0,0
exp_061,88,s1,s2,0.06872653281108752,0,3.8424755681978944,95.68488147140981,14957.013945753053,0,0
exp_061,89,s1,s2,0.10626886779644551,0,3.3928766020280774,147.4584699480761,13762.862554309868,0,0
exp_061,90,s1,s2,0.056787589974416235,0,4.086288290897167,116.99282674620413,14180.857202209176,0,0
exp_062,0,s1,s2,0.2669075143826434,0,2.4852374720817956,12.832236432441334,6866.739821957411,0,0
exp_062,1,s1,s2,0.014919926887370078,0,3.2620581825574346,28.844844455876718,14190.286513901081,0,0
exp_062,2,s1,s2,0.039482073087802744,0,3.675509675492517,7.009241193133642,8567.427176931353,0,0
exp_062,3,s1,s2,0.2412579082006972,0,2.814989122501446,-18.225768492791893,10333.892839704109,0,0
exp_062,4,s1,s2,0.1523571251396506,0,1.468539573477293,118.76007874582332,6239.872066263673,0,0
exp_062,5,s1,s2,0.27769911457243057,0,3.3444784408470243,161.12720764664945,10188.942350349434,0,0
exp_062,6,s1,s2,0.001230457071620065,0,2.357192199762092,129.8974306996369,12279.812131940791,0,0
exp_062,7,s1,s2,0.0015995495939575102,0,2.2165096583249504,55.35047414598851,6575.086381069264,0,0
exp_062,8,s1,s2,0.06559635335010719,0,4.602131218539235,196.36333638709377,7208.696301064552,0,1
exp_062,9,s1,s2,0.0525413915186688,0,3.3365920389020616,75.8948741015538,8311.592461534769,0,1
exp_062,10,s1,s2,0.13941887737306088,0,3.5445132224284426,105.69967946958465,11470.540549059793,0,1
exp_062,11,s1,s2,0.008962226174654577,0,3.8785325584748493,104.34242595276984,5065.060678800128,0,1
exp_062,12,s1,s2,0.01826162556187465,0,3.0972846651262587,56.36082860731626,11849.947226475862,0,1
exp_062,13,s1,s2,0.12128276273762265,0,2.5894408113135032,93.78557702585022,8624.419144809583,0,1
exp_062,14,s1,s2,0.11135678579175441,0,3.6042883913587813,72.06931134344359,7197.644577228308,0,1
exp_062,15,s1,s2,0.0010114380712585543,0,4.778077876751641,103.17233643326685,8496.55340536834,0,1
exp_062,16,s1,s2,0.1381887284709954,0,1.7514713176757322,88.2870271399444,5905.583937989549,0,1
exp_062,17,s1,s2,0.1239901115067966,0,3.758307426274967,89.50232160947853,10402.550585739496,0,1
exp_062,18,s1,s2,0.042837415521182906,0,2.1174629408528425,81.92013091617407,10937.891535891566,0,1
exp_062,19,s1,s2,0.08726737718961391,0,2.4245065649071886,128.889331531592,7907.8964247582735,0,1
exp_062,20,s1,s2,0.010229629196303418,0,2.394224585101447,13.782815980175766,14640.284059539837,0,1
exp_062,21,s1,s2,0.10586207271416564,0,2.3289982546888615,154.38958557185543,6445.128128080964,0,1
exp_062,22,s1,s2,0.029668237649997344,0,3.5265031181081063,22.86590050137355,8414.711324550288,0,1
exp_062,23,s1,s2,4.869259517578504,6,10.903124596874067,163.70375782438518,8670.815670089713,1,1
exp_062,24,s1,s2,1.5194844355186274,2,12.003891027345757,93.39589242305541,11876.008830574405,0,1
exp_062,25,s1,s2,3.5711793826410476,10,16.946393657608688,136.5978138745021,6707.554339877106,1,1
exp_062,26,s1,s2,0.06504117208916917,7,10.256668880783,76.81860800121049,5084.0843089075215,0,1
exp_062,27,s1,s2,0.840674125711705,8,19.47617608331766,162.6767028889775,6916.715058508169,0,1
exp_062,28,s1,s2,1.2310075784066117,5,16.723311523219913,100.46953040092997,13766.077354618588,0,1
exp_062,29,s1,s2,1.0395808618370435,5,19.161549431270572,97.63546771457327,9876.688292310799,0,1
exp_062,30,s1,s2,0.1643797003549089,3,20.069205805340708,72.51457989216446,6101.319383354492,1,1
exp_062,31,s1,s2,2.87054475806758,5,16.27678515658419,111.46334205477065,5635.5405568279475,1,1
exp_062,32,s1,s2,2.310728430139135,2,15.280907583903705,123.75527892099039,14332.11802741505,1,1
exp_062,33,s1,s2,2.814788903477557,1,17.108985202910468,185.86972756258606,6271.516645998757,1,1
exp_062,34,s1,s2,2.380200754641687,8,12.407513316878266,75.34737517648327,5877.207750135151,1,1
exp_062,35,s1,s2,4.822010270828374,5,19.8294963224679,149.6389650046135,12231.427078539375,1,1
exp_062,36,s1,s2,0.46419130294321986,4,13.307885209333607,149.53023149319378,8294.635559599365,0,1
exp_062,37,s1,s2,1.0654441479576195,5,9.242626607492069,133.09740863315403,5494.834871463723,0,1
exp_062,38,s1,s2,0.2615160689725308,6,15.2522372138723,137.60170795984337,7762.563456017686,0,1
exp_062,39,s1,s2,6.837615323120209,8,13.286791490419619,149.24298192354348,14928.317948823984,1,1
exp_062,40,s1,s2,2.852505727385797,6,15.667113172546447,39.981789717870285,12666.24272212913,1,1
exp_062,41,s1,s2,11.121392264443235,5,17.19516917347651,23.231186321215503,13801.801853004032,1,1
exp_062,42,s1,s2,1.3541923186245806,3,23.275761301949533,17.47554082274958,7840.195300334542,1,1
exp_062,43,s1,s2,4.676939412696574,2,12.033974370403032,127.78294459285208,8531.465926608591,1,1
exp_062,44,s1,s2,1.2531422850770437,3,11.92222583151133,49.14637744860365,9845.23834086599,0,1
exp_062,45,s1,s2,4.547920381753117,3,11.557908618552668,80.28393704581295,9905.431561567226,1,1
exp_063,0,s1,s2,0.04580218101364168,0,2.8383365654811663,122.9382760584964,11030.18234044388,0,0
exp_063,1,s1,s2,0.13868773878156332,0,2.866410333099636,143.73337486385515,8604.85108208268,0,0
exp_063,2,s1,s2,0.05621683497552435,0,4.146027714309241,34.36753723548962,14327.167640085841,0,0
exp_063,3,s1,s2,0.013475614974984812,0,3.92185037042883,107.0616381235433,6001.1454465601755,0,0
exp_063,4,s1,s2,0.06809526584349397,0,2.549713152898826,100.6802036660427,6056.391784278217,0,0
exp_063,5,s1,s2,0.0883622074233063,0,3.743622081773763,140.3587341156298,13427.727594254718,0,0
exp_063,6,s1,s2,0.011175327979702585,0,3.483886298648816,78.06599456936104,12210.876086977922,0,0
exp_063,7,s1,s2,0.1639671000269496,0,1.0458674257069243,110.5658514712772,10696.765865747011,0,0
exp_063,8,s1,s2,0.10177326857844896,0,4.153454640879411,64.94388941354588,5927.537926578868,0,0
exp_063,9,s1,s2,0.15113717641734187,0,2.997764849888533,74.285034607787,13614.364634832664,0,1
exp_063,10,s1,s2,0.009046672969239793,0,1.7647103266091644,103.21670204080615,13948.157500609354,0,1
exp_063,11,s1,s2,0.17858501260418613,0,2.2193623775627405,129.3011872027568,8025.026156689007,0,1
exp_063,12,s1,s2,0.06868771946835843,0,4.3818293630428355,121.76601901765022,7269.596281870609,0,1
exp_063,13,s1,s2,0.013728401823554594,0,1.771879659925809,96.87910754208134,11937.368023295723,0,1
exp_063,14,s1,s2,0.0857151660215788,0,2.9113262163371503,102.44866365990111,14646.97560444204,0,1
exp_063,15,s1,s2,5.536691065439458e-07,0,4.19251998003992,42.05927374562892,5451.420738621189,0,1
exp_063,16,s1,s2,0.00870291022641109,0,3.145616138765177,62.18732594365013,13959.25315038538,0,1
exp_063,17,s1,s2,0.08106634516537484,0,1.3478328465769178,155.55812371183094,5187.411586555323,0,1
exp_063,18,s1,s2,0.0021851737395268732,0,3.3596816940793626,106.9954390288732,8622.892776420262,0,1
exp_063,19,s1,s2,0.1325888826823216,0,1.6601925493396574,48.77871862351116,7018.0408257543895,0,1
exp_063,20,s1,s2,0.1720005890635817,0,2.126464707753164,51.1323633084155,14989.697421987774,0,1
exp_063,21,s1,s2,0.03964713268482461,0,3.1747574608819384,98.62304010363438,8693.003454174263,0,1
exp_063,22,s1,s2,0.04559461123388152,0,2.4731224440404826,145.90464596088623,7337.861036424071,0,1
exp_063,23,s1,s2,1.3756936814990604,3,18.7196919176182,38.478610337639495,7899.900804136773,0,1
exp_063,24,s1,s2,2.333157110825355,3,15.758276359507903,71.79277455914088,11727.886939143344,1,1
exp_063,25,s1,s2,0.4538046723998124,5,9.947878067881888,82.7634512689324,9931.932091963477,0,1
exp_063,26,s1,s2,0.1855126923507938,3,8.069017873052752,90.6326363376061,8612.631557947658,0,1
exp_063,27,s1,s2,0.5018333426264389,6,10.720530981344144,187.84645290997042,13213.706025750327,0,1
exp_063,28,s1,s2,3.2696180825923187,6,25.513249345259243,128.66281857893574,11448.385748506396,1,1
exp_063,29,s1,s2,2.798497432887171,4,12.57490913486861,116.99426548759405,6915.229944205394,1,1
exp_063,30,s1,s2,2.0437429426578997,3,20.327078151016163,111.24720752685114,7602.232892595751,1,1
exp_063,31,s1,s2,0.08632289659611715,4,16.464864411010833,61.08262951794375,14675.364761781313,0,1
exp_063,32,s1,s2,2.8342955776270005,5,7.659087544565114,48.22183242282876,11712.805779976581,1,1
exp_063,33,s1,s2,1.0142279907960248,5,17.586879395897544,162.71283923400733,6922.370669928957,0,1
exp_063,34,s1,s2,0.6063682817100934,6,23.817596664088498,21.928387017580885,10864.352035369993,1,1
exp_063,35,s1,s2,0.049321709898391505,3,12.681211526002402,52.75218646101251,8298.03743376021,0,1
exp_063,36,s1,s2,4.284252181979068,8,16.55360461667114,106.82383039560023,12737.239280630194,1,1
exp_063,37,s1,s2,4.45168633432474,7,18.63676054790841,119.22805507083731,8101.413980146352,1,1
exp_063,38,s1,s2,4.436006057984273,5,17.546779652672633,111.25939487842018,12338.548249682279,1,1
exp_063,39,s1,s2,8.129532684987401,4,8.112816750585521,51.8688361196211,8865.117131280555,1,1
exp_063,40,s1,s2,6.2440030302577,7,10.585267355007149,49.61452611149063,6864.539213110545,1,1
exp_063,41,s1,s2,1.0236849216853503,6,22.49508824646078,64.38534513524827,7174.047997424628,1,1
exp_063,42,s1,s2,0.5023975467825745,6,17.684360813199223,-22.67777858252127,10155.706152187146,0,1
exp_063,43,s1,s2,0.3599856096953499,1,13.778502973679924,83.63624230304018,5898.628847349103,0,1
exp_063,44,s1,s2,5.249154931882682,6,12.005490321777911,154.02330800356174,8775.476880865475,1,1
exp_063,45,s1,s2,3.0846151985349755,11,17.681094625915918,125.73181620333452,7341.256409185794,1,1
exp_063,46,s1,s2,3.155335879164209,4,15.129332551441497,165.2540796069208,13608.954487212299,1,1
exp_063,47,s1,s2,4.636379751906048,6,13.319650703894098,81.68497675536858,13789.647207219425,1,1
exp_063,48,s1,s2,3.059437218814784,4,10.901455993866236,26.65952673035541,5922.196372427119,1,1
exp_063,49,s1,s2,2.0895869537629745,5,4.938257453395696,193.86102748832565,5030.344279029228,1,1
exp_063,50,s1,s2,3.103274174327951,10,17.272042101768893,173.37884097769086,6095.25144901673,1,1
exp_063,51,s1,s2,1.7418018832806392,6,21.096150687960193,32.53723700977276,14162.612150932193,1,1
exp_063,52,s1,s2,0.4862980686775671,5,19.88464451406737,108.48925582273779,8214.050001761587,0,1
exp_063,53,s1,s2,2.803401723847154,5,15.010627710789581,123.36897848633943,13564.776938434237,1,1
exp_063,54,s1,s2,0.5432684453285412,8,8.7463385579948,118.54389517278355,13184.148327034894,0,1
exp_063,55,s1,s2,1.9884349427855832,6,15.877201722901681,93.5052694524396,6487.155689001047,0,1
exp_063,56,s1,s2,2.900044975330172,5,8.719099866391067,2.0020573981569645,11310.469489961815,1,1
exp_063,57,s1,s2,1.307497541881275,4,13.842880821141964,91.79713958952472,6485.784791088626,0,1
exp_063,58,s1,s2,0.45576837324788266,4,14.489061101414446,116.93006231603671,11647.992766893969,0,1
exp_063,59,s1,s2,0.4598694437041071,6,18.815679208253638,92.93325371008491,13723.685277518516,0,1
exp_064,0,s1,s2,0.07791462207138783,0,4.813180951912765,107.32828302628222,6718.442069531111,0,0
exp_064,1,s1,s2,0.06115313087713273,0,3.0798301949903766,41.07370660898314,10919.414324686477,0,0
exp_064,2,s1,s2,0.012973666072732648,0,1.7225405618237812,117.76733579924617,7752.4330996769595,0,0
exp_064,3,s1,s2,0.121249550688545,0,2.410982457952896,27.673974523331644,14288.453597002368,0,0
exp_064,4,s1,s2,0.1742949941595309,0,3.5936407579570755,25.615963859791947,11658.044226976677,0,0
exp_064,5,s1,s2,0.23050031113568667,0,5.158841286631402,183.6022385671054,13884.4721347745,0,0
exp_064,6,s1,s2,0.00559163380805126,0,1.8128582111328333,191.254031547881,14097.633849960865,0,0
exp_064,7,s1,s2,0.32324746608690424,0,2.4652958553849436,59.657959879939845,7734.579027627247,0,0
exp_064,8,s1,s2,0.010605812255307843,0,5.159143926078434,-40.759141600626506,10729.782596595544,0,0
exp_064,9,s1,s2,0.10875488145579165,0,3.167808021685163,70.05885274609788,14138.092881740527,0,0
exp_064,10,s1,s2,0.06069529321306238,0,3.9619846260211955,58.42960529789789,7609.996553175906,0,0
exp_064,11,s1,s2,0.1683789288137447,0,2.823900780982426,165.626181618778,8007.888429039745,0,0
exp_064,12,s1,s2,0.09104755546123576,0,3.134942835752278,120.9685207097199,8981.477563056442,0,0
exp_064,13,s1,s2,0.0705258700885541,0,1.645368527813703,11.327480472404549,10956.166108421206,0,0
exp_064,14,s1,s2,0.0062131284173093,0,2.477846855025511,68.95102066666658,9075.142742783431,0,0
exp_064,15,s1,s2,0.04637154884317045,0,2.0444700487523653,144.08324796079566,5570.721336070535,0,0
exp_064,16,s1,s2,0.005703844637398922,0,3.431128322452478,139.19754807276294,14959.311658980421,0,0
exp_064,17,s1,s2,0.0020521868572326695,0,3.461940780365441,141.11523699741133,11403.424314764929,0,0
exp_064,18,s1,s2,0.04408831764542983,0,4.048045245438049,81.30645883129529,12134.838782612906,0,0
exp_064,19,s1,s2,0.1109622419378311,0,2.9470143097938766,126.86077990212188,12813.93230224238,0,0
exp_064,20,s1,s2,0.04931907466676514,0,2.547888221486535,115.69162688648143,5421.280196272976,0,0
exp_064,21,s1,s2,0.06276901529797564,0,1.2952907940450578,144.3085057476605,12160.046279797783,0,0
exp_064,22,s1,s2,0.06848212354106992,0,4.216720447700379,160.12101587312333,5275.552222807662,0,0
exp_064,23,s1,s2,0.2775396267526885,0,3.733400744873186,137.7119792505655,14119.296413470436,0,0
exp_064,24,s1,s2,0.08631129836500764,0,2.5520860043908415,-22.09722465435211,12772.40703317156,0,0
exp_064,25,s1,s2,0.1464169344233623,0,1.6784110605692144,125.68612579950215,13188.84091347035,0,0
exp_064,26,s1,s2,0.10419717855163083,0,2.8943108333295533,23.898870448829758,14972.063307478578,0,0
exp_064,27,s1,s2,0.03980623349922688,0,2.516018032360275,75.62047548426798,13580.684448663156,0,0
exp_064,28,s1,s2,0.01697861533269834,0,2.7626919519574447,119.80327355536829,11114.980619902031,0,0
exp_064,29,s1,s2,0.01740286598491696,0,2.2410550466953754,89.92814604598561,10795.282042568424,0,0
exp_064,30,s1,s2,0.04244606156013096,0,2.6938784398166957,116.94002449243962,7799.880644213117,0,0
exp_064,31,s1,s2,0.019510857622777208,0,2.0339464591271517,107.94021578940054,6893.570052608548,0,0
exp_064,32,s1,s2,0.11347264556755171,0,3.1399207478048723,87.75552343220808,6043.334890844137,0,0
exp_064,33,s1,s2,0.08806551867619389,0,3.4650207005728633,86.05768384746607,11262.86534504272,0,0
exp_064,34,s1,s2,0.06783202424888322,0,1.2380437818821606,127.01249901798765,13553.217819519134,0,0
exp_064,35,s1,s2,0.1367547290859559,0,3.585702542553954,109.66350691236018,10781.108605426754,0,0
exp_064,36,s1,s2,0.07171880780806238,0,2.8276819210987933,90.86582364138724,14894.420080161959,0,0
exp_064,37,s1,s2,0.1056274481677634,0,1.9329890174308564,58.7521701096907,5566.385900906718,0,0
exp_064,38,s1,s2,0.014150288494623634,0,3.2235916927312176,118.44901896232842,14415.597345039967,0,0
exp_064,39,s1,s2,0.05511806031450881,0,2.5991478298552066,224.26300895032202,13813.8539648782,0,0
exp_064,40,s1,s2,0.47538891478358025,0,3.152685404804004,133.69429731295733,5618.019771882216,0,0
exp_064,41,s1,s2,0.09610962046645934,0,2.4928371857560685,42.662656735211,10917.864836504954,0,0
exp_064,42,s1,s2,0.04057956739996559,0,2.3907555447344846,96.78812726942817,11197.578007244221,0,0
exp_064,43,s1,s2,0.10701174469093383,0,3.1499382996189906,89.46630205349001,11474.595576619853,0,0
exp_064,44,s1,s2,0.06728141631246302,0,3.172390765444812,249.59534413642183,5537.92943727734,0,0
exp_064,45,s1,s2,0.1328589615618493,0,1.699373740855037,102.34754651710362,11807.308537467996,0,0
exp_064,46,s1,s2,0.11876586273552484,0,3.6315946599062197,69.48436108987993,9565.04725881015,0,0
exp_064,47,s1,s2,0.019919464509153,0,4.04325613444154,185.0011349775338,6704.06325823455,0,0
exp_064,48,s1,s2,0.20584545162770904,0,3.2087762913042956,111.00662520613854,8992.278589631012,0,0
exp_064,49,s1,s2,0.17408160521515723,0,2.881719896961537,123.10042260066191,6982.0424983052435,0,0
exp_064,50,s1,s2,0.034596449590409944,0,4.403577308659356,98.8009872697737,12229.84055726095,0,0
exp_064,51,s1,s2,0.15498150101069644,0,1.6246420098053491,67.37509824036349,5241.296737184598,0,0
exp_064,52,s1,s2,0.09839905702571285,0,3.2447948432498785,109.27990242508017,9762.378833513903,0,0
exp_064,53,s1,s2,0.2626181475253995,0,3.069448562987956,28.130207001174423,7137.677448698141,0,0
exp_064,54,s1,s2,0.020834793894036207,0,2.555957804147396,81.44728346666115,11974.124293646426,0,0
exp_064,55,s1,s2,0.08366430976213848,0,1.6501799940940052,89.98720629348769,7776.180562816566,0,0
exp_064,56,s1,s2,0.04402134736124788,0,2.4721614339709994,47.3713063164747,7802.015465446124,0,0
exp_064,57,s1,s2,0.004506786485116099,0,3.2325977922763114,91.86917248945682,13428.581788723963,0,0
exp_064,58,s1,s2,0.018343895899303526,0,1.5682252228673137,49.35847852647115,6477.408080541564,0,0
exp_064,59,s1,s2,0.09734120542668373,0,0.9582592306311599,180.11868845112966,13554.983281082206,0,0
exp_064,60,s1,s2,0.0966824683090738,0,2.2746649432859196,30.873402043643207,6501.567297831331,0,0
exp_064,61,s1,s2,0.08949531878473686,0,4.0192679214428155,111.92627522203638,13558.167010420124,0,0
exp_064,62,s1,s2,0.1813649518449121,0,5.033759411621164,132.74482464411327,12755.41943968278,0,0
exp_064,63,s1,s2,0.009616385813525901,0,2.1300978987962393,73.790414312686,10114.676943461058,0,0
exp_064,64,s1,s2,0.1818111391001331,0,3.7627328077746416,55.52367456451538,9058.239963864884,0,0
exp_064,65,s1,s2,0.23338167674010496,0,3.227318698065681,103.02396931875062,7456.6977572778105,0,0
exp_064,66,s1,s2,0.2576474433851252,0,4.284240758372185,24.74434994752518,6745.082134472404,0,0
exp_064,67,s1,s2,0.14262214234565393,0,2.0437514608481306,206.91153330584171,8452.36307806754,0,0
exp_064,68,s1,s2,0.05430262375441727,0,3.9558697945699075,75.33376201311711,13931.111232274981,0,0
exp_064,69,s1,s2,0.298890931714415,0,4.2746045215923605,-12.567662243125488,10768.954210424889,0,0
exp_064,70,s1,s2,0.10529360459474522,0,2.791988248051085,13.368321826854634,13415.68257045184,0,0
exp_064,71,s1,s2,0.5762306145548813,0,1.668477406394315,65.43430778723646,14641.317329054393,0,0
exp_064,72,s1,s2,0.030683623645531823,0,3.7136127394440193,56.90139380933099,10190.644174311943,0,0
exp_064,73,s1,s2,0.03982147632896601,0,3.9962953224380433,209.85328679058492,7922.94399278003,0,0
exp_064,74,s1,s2,0.031260674354577335,0,0.006093742323691309,22.626833758941522,8020.527031679963,0,0
exp_064,75,s1,s2,0.030615995254804098,0,2.466247277971713,129.5890977245337,6892.910349858012,0,0
exp_064,76,s1,s2,0.1657205945222853,0,3.0152254321397183,32.111756919138315,7214.217867702532,0,0
exp_064,77,s1,s2,0.04749273849327382,0,2.260178532160597,192.78418689125655,5576.92375291942,0,0
exp_064,78,s1,s2,0.09369172879403138,0,3.4778508508889567,80.25747427146446,10488.988793497203,0,0
exp_064,79,s1,s2,0.13223873502034447,0,1.8393171489022893,165.95083629963204,12590.860502126243,0,0
exp_064,80,s1,s2,0.18539024227919843,0,3.8264687926960064,136.4453115580407,8600.155396667316,0,0
exp_064,81,s1,s2,0.28768464284064743,0,3.9064348140900753,91.39020019616015,13578.093898080157,0,0
exp_064,82,s1,s2,0.01327670852143488,0,4.3281759065335965,124.8986649632701,14336.870375518163,0,0
exp_064,83,s1,s2,0.002022759586155302,0,3.1873565990383748,131.62593684251726,13284.56400369283,0,0
exp_064,84,s1,s2,0.07781001822289611,0,3.9488827139260945,103.64569576192376,10074.720064847754,0,0
exp_064,85,s1,s2,0.06382601754226545,0,3.4166141362115776,221.3598080070167,9462.869561384523,0,0
exp_064,86,s1,s2,0.019908995776496814,0,1.453676312682545,63.60428363638692,9004.647265151703,0,0
exp_064,87,s1,s2,0.08993311011661329,0,1.6075753035798512,128.99837459714976,5844.786466159656,0,0
exp_064,88,s1,s2,0.13642890205363498,0,0.433980682294302,163.31144944478268,6295.954688045425,0,0
exp_064,89,s1,s2,0.053556881216955426,0,3.32149071756421,162.80447739717832,5909.755127359144,0,0
exp_064,90,s1,s2,0.04038790662288445,0,3.035509994791398,119.14034532222404,7863.960795959024,0,0
exp_064,91,s1,s2,0.2446972296740315,0,4.230627373767023,56.10794463875308,6472.205057181196,0,0
exp_064,92,s1,s2,0.017018721354270138,0,1.4595148343101658,118.15176868428289,5493.320865283476,0,0
exp_064,93,s1,s2,0.2609999778862111,0,3.0934099942311835,90.46279047023965,8329.858226974597,0,0
exp_064,94,s1,s2,0.27106279974207,0,4.41000375889498,123.52896195682239,6234.093499832853,0,0
exp_064,95,s1,s2,0.12360219481926982,0,1.1118849812944835,140.1408132476434,9717.158605728748,0,0
exp_064,96,s1,s2,0.03575784728616068,0,3.880667349822901,56.63283301467808,7231.132147611086,0,0
exp_064,97,s1,s2,0.05249465973579553,0,2.078051780348905,60.23821738745378,11270.961110207207,0,0
exp_064,98,s1,s2,0.004649285208365858,0,3.2313618705378553,172.28453057532244,13284.373961073392,0,0
exp_064,99,s1,s2,0.023954734004432203,0,2.364426067328952,183.79467308774775,5768.03977165703,0,0
exp_064,100,s1,s2,0.13962493165215722,0,2.2083354940196007,145.30327581594088,14160.460189581172,0,0
exp_064,101,s1,s2,0.144379550234323,0,1.9439015025189703,60.88726574231559,9400.895557138292,0,0
exp_064,102,s1,s2,0.03464273655818586,0,2.5205881793476785,32.77328491536758,5257.04222826349,0,0
exp_064,103,s1,s2,0.05131801780235373,0,2.274067188899693,57.13119604838586,5825.532862322064,0,0
exp_064,104,s1,s2,0.08889958584342263,0,4.644397689558841,90.81745141012352,14870.986251793473,0,0
exp_064,105,s1,s2,0.012730397584494346,0,3.918414369850053,42.723118747118114,7373.120091014509,0,0
exp_064,106,s1,s2,0.0030611296901678713,0,2.8378635570328186,52.34169246658168,9307.846521226938,0,0
exp_064,107,s1,s2,0.3586492216838801,0,4.978587506366841,81.08280314272814,9922.01001713344,0,0
exp_064,108,s1,s2,0.031459910574668064,0,3.197828472279669,68.68361519534,7435.4760685789515,0,0
exp_064,109,s1,s2,0.04132635807672745,0,3.4814763622356324,129.57844502453588,9922.481010373629,0,0
exp_064,110,s1,s2,0.09492702731986669,0,3.1527046628568915,87.91096518263767,10161.91466695252,0,0
exp_064,111,s1,s2,0.08461797236013234,0,3.0022269724528186,205.1414372688854,10216.926301902575,0,0
exp_064,112,s1,s2,0.06924186196706505,0,4.663891158513437,98.94179500520212,9272.085271808,0,0
exp_064,113,s1,s2,0.000289751223386378,0,3.51261440954883,106.34525745360715,7569.5983079156495,0,0
exp_064,114,s1,s2,0.16938707866511182,0,5.096788683092871,67.36387030245477,13908.737311273853,0,0
exp_064,115,s1,s2,0.14740927217287392,0,2.6845827731890526,35.5431127863898,13478.417974531032,0,0
exp_064,116,s1,s2,0.1822581209472568,0,2.6711524815826015,85.52919210402104,13347.024351965323,0,0
exp_064,117,s1,s2,0.07796516911860467,0,4.174626286972491,124.07893955488079,7117.464635871617,0,0
exp_064,118,s1,s2,0.01467437786606282,0,2.7562724438229353,77.4875509884473,8168.4886020074355,0,0
exp_064,119,s1,s2,0.027593184957283336,0,3.6023591030379505,67.89915138825172,5442.422102681168,0,0
exp_065,0,s1,s2,0.02701804362885404,0,5.312910629760873,94.06004962639162,11711.623533076001,0,0
exp_065,1,s1,s2,0.13030951955586198,0,2.707519664881589,149.95361764269333,12066.319259638562,0,0
exp_065,2,s1,s2,0.13174201816855013,0,2.5873914256520836,135.85550474334553,11750.686766869876,0,0
exp_065,3,s1,s2,0.12651414878270917,0,4.0778164403875685,89.84887610132333,11902.293535090397,0,0
exp_065,4,s1,s2,0.10733969400042974,0,2.543084566630839,30.79668981253051,9339.224891323498,0,0
exp_065,5,s1,s2,0.13229857081315294,0,2.257413402776933,110.61456607396158,8076.9795188724,0,0
exp_065,6,s1,s2,0.06406448757970006,0,3.891818178070472,143.33938877935367,9905.433085716368,0,0
exp_065,7,s1,s2,0.012435350402884154,0,1.982784825876059,57.06170837084486,12810.264103082412,0,0
exp_065,8,s1,s2,0.01984342486261109,0,5.011187683210839,79.33736530231278,14647.86152950037,0,0
exp_065,9,s1,s2,0.7182955869473182,0,3.8389588711543636,139.88149477695396,13626.0487654629,0,0
exp_065,10,s1,s2,0.30320947028212963,0,0.8702317374665052,30.749463199808858,9604.644623786307,0,0
exp_065,11,s1,s2,0.1078272074887424,0,3.453077226752394,116.8398226139221,9562.107542826056,0,0
exp_065,12,s1,s2,0.04515707650274059,0,3.726661502119101,53.110168782228605,6796.5729560264235,0,0
exp_065,13,s1,s2,0.05098411081374558,0,2.1594792397059805,73.66304045590451,10797.072390978936,0,0
exp_065,14,s1,s2,0.04676248460027694,0,1.611408769223729,91.3786719081027,12678.668026717565,0,0
exp_065,15,s1,s2,0.03779162128976943,0,1.7676179965173102,60.89683593801677,9344.035721190337,0,0
exp_065,16,s1,s2,0.06228315551433539,0,3.5090893310575453,101.61507005187708,14046.918080457035,0,0
exp_065,17,s1,s2,0.09400523948369581,0,3.108101263125165,77.79932023715558,5896.6860676411625,0,0
exp_065,18,s1,s2,0.12390620904539969,0,4.112351077423218,81.89613287205434,14425.292452651305,0,0
exp_065,19,s1,s2,0.05397573754941021,0,5.3361141438503115,48.89084592816604,6971.327218580505,0,0
exp_065,20,s1,s2,0.26218657272927676,0,1.7816428446184984,87.7498497420958,12627.31833418884,0,0
exp_065,21,s1,s2,0.024737396667803356,0,3.1974419762338604,44.02738907033651,11714.95255291591,0,0
exp_065,22,s1,s2,0.08429537047943592,0,2.2009702759611183,116.26326020880873,9760.180378841074,0,0
exp_065,23,s1,s2,0.04416395506369648,0,3.309663059965582,92.93209114420243,14834.961831843295,0,0
exp_065,24,s1,s2,0.1742407221497952,0,3.1125872599070608,61.09756837313839,9001.229926704671,0,0
exp_065,25,s1,s2,0.16422326683621677,0,1.7705392152770736,98.05985808725751,11927.151426942983,0,0
exp_065,26,s1,s2,0.1719069877422057,0,2.4822677912111235,188.65800497935928,13783.876662526462,0,0
exp_065,27,s1,s2,0.01481359582585348,0,2.9252625341436542,14.38265800331051,5613.38598879252,0,0
exp_065,28,s1,s2,0.010057839222157599,0,3.594382370773892,93.13361864258154,14084.136932770003,0,0
exp_065,29,s1,s2,0.06273123592546244,0,2.7389757862665567,85.49122303010466,8775.460546091273,0,0
exp_065,30,s1,s2,0.02358162557629944,0,3.244976901645034,70.60570082865449,10814.486377926949,0,0
exp_065,31,s1,s2,0.034431839857230535,0,3.692479235150359,135.00031549360094,9910.019702127618,0,0
exp_065,32,s1,s2,0.010151520226301258,0,3.2396455748896598,129.72964208090448,7470.50819151951,0,0
exp_065,33,s1,s2,0.09427747248038183,0,4.722143225856191,39.576275237418955,9738.708957310208,0,0
exp_065,34,s1,s2,0.06645055954154315,0,3.698531121077534,172.44225155905795,5799.526912442257,0,0
exp_065,35,s1,s2,0.006760837011533756,0,2.3675385925745407,11.600678120011043,7752.2255917928605,0,0
exp_065,36,s1,s2,0.10540018705365434,0,3.6189903292538252,53.77578423460008,12731.507418889301,0,0
exp_065,37,s1,s2,0.013275376088207572,0,3.3266450993865604,105.33769828580512,6928.238172633467,0,0
exp_065,38,s1,s2,0.24002291364182762,0,4.470176722984515,185.71634173385468,5519.226823208672,0,0
exp_065,39,s1,s2,0.13795184828661042,0,4.792322251601483,91.19660940962667,13091.81103446606,0,0
exp_065,40,s1,s2,0.07419097291924748,0,2.3482866271071874,78.51222937737732,6605.031279324143,0,0
exp_065,41,s1,s2,0.20169149477045606,0,2.7135960246497897,53.25100249881606,8342.746462890309,0,0
exp_065,42,s1,s2,0.20058615189277984,0,3.156355523316917,99.64872902186072,12370.547463031447,0,0
exp_065,43,s1,s2,0.19032961877837506,0,2.7447140603426354,79.2518704883548,6354.461955718282,0,0
exp_065,44,s1,s2,0.06229160911290443,0,2.195727683272127,126.52512188872264,6301.685445697388,0,0
exp_065,45,s1,s2,0.09534962237796157,0,2.8801681968165345,21.844688825075565,5511.177277277177,0,0
exp_065,46,s1,s2,0.11413511569283273,0,5.095050607066305,129.35768834163835,7754.063800597461,0,0
exp_065,47,s1,s2,0.032656563494805606,0,3.6377324449490915,143.96626915100262,10797.286511986145,0,0
exp_065,48,s1,s2,0.09892471866918154,0,3.477144338391369,171.15837650889574,14185.951311009072,0,0
exp_065,49,s1,s2,0.018468984822281,0,3.074576152036127,101.50331938225962,8100.089645699209,0,0
exp_065,50,s1,s2,0.0015410447404429293,0,1.7873397519444167,175.4184849954724,7033.406537167328,0,0
exp_065,51,s1,s2,0.2285319011913175,0,2.2059953453156016,161.2688162337682,7841.53092857225,0,0
exp_065,52,s1,s2,0.13318527457123752,0,3.510482759827689,139.79921292574332,11399.892250357414,0,0
exp_065,53,s1,s2,0.02586732274784644,0,3.440992688138154,131.1589243215477,10172.742897664144,0,0
exp_065,54,s1,s2,0.071659548027568,0,4.236230025613402,113.0246608428829,12422.595488375575,0,0
exp_065,55,s1,s2,0.19396447751867538,0,5.351749969859897,106.87019146545994,13545.718068959795,0,0
exp_065,56,s1,s2,0.026438237771857005,0,5.0877204816772945,51.56775568139277,14151.462573581013,0,0
exp_065,57,s1,s2,0.0015962740374429016,0,2.328103754758496,63.637472213384925,8266.126802617942,0,0
exp_065,58,s1,s2,0.033098856804131535,0,3.94037492645363,110.99063790222827,11369.778410723895,0,0
exp_065,59,s1,s2,0.027644749590792356,0,3.345454511187559,147.58200311623077,7189.6212498790155,0,0
exp_065,60,s1,s2,0.044889446316320226,0,3.6798811230877586,141.2548913112038,10765.823695056426,0,0
exp_065,61,s1,s2,0.015638192039149294,0,2.3837371843115003,148.55771899259557,12715.979389991624,0,0
exp_065,62,s1,s2,0.1042892946121131,0,2.1587709608385004,65.51363296583455,6309.099232577188,0,0
exp_065,63,s1,s2,0.027700096787101974,0,3.3684519999655116,46.145990157500364,10987.831189772536,0,0
exp_065,64,s1,s2,0.08823049957296789,0,4.109442728909762,125.00418542935947,14135.527115498035,0,0
exp_065,65,s1,s2,0.026185259466510437,0,2.243708565730236,107.871567159327,6201.424383555951,0,0
exp_065,66,s1,s2,0.10622976583978978,0,4.621408350330615,95.7886785187094,9256.774809905713,0,0
exp_065,67,s1,s2,0.01365054184675847,0,2.3974833968882034,57.985531896617346,14952.806070654267,0,0
exp_065,68,s1,s2,0.05393276758668052,0,4.5713243804533805,100.49771745215978,11364.155853388136,0,0
exp_065,69,s1,s2,0.1841500444505541,0,3.4766267037434475,99.31528150464078,12968.12361586308,0,0
exp_065,70,s1,s2,0.05131038641747461,0,3.654246525373825,90.9570325607466,11844.156358147173,0,0
exp_065,71,s1,s2,0.09713638833652861,0,3.36604771985666,177.57058849602987,6591.667730857267,0,0
exp_065,72,s1,s2,0.03845094136119537,0,2.65702743445384,102.06228427963545,9373.507049632279,0,0
exp_065,73,s1,s2,0.14097795080217942,0,3.3842372144756414,155.0484531241466,6765.78972489464,0,0
exp_065,74,s1,s2,0.1641470421771186,0,1.7213876752904131,160.94327252926135,8761.962719617391,0,0
exp_065,75,s1,s2,0.016947028509238148,0,3.0339421826659163,163.1716817109826,10570.190766436606,0,0
exp_065,76,s1,s2,0.21497946109400476,0,4.212779320204545,171.63477668110264,7108.019029289856,0,0
exp_065,77,s1,s2,0.01618208730625697,0,3.7491943800936944,184.84987326473535,8224.868718050942,0,0
exp_065,78,s1,s2,0.05674721649447345,0,3.6495972494992013,168.2167593872086,10877.671952278823,0,0
exp_065,79,s1,s2,0.07018133677855941,0,2.1628474538747673,62.89051094880176,10495.324571892244,0,0
exp_065,80,s1,s2,0.007278664578320108,0,3.1100112660898906,61.511073393186365,14198.120482102391,0,0
exp_065,81,s1,s2,0.24565740490809296,0,4.123333786110816,113.39031307369244,14544.490866568287,0,0
exp_065,82,s1,s2,0.1970280285525165,0,1.965181843407659,130.6865923487853,5726.214739789623,0,0
exp_065,83,s1,s2,0.004868174186726919,0,2.579640374537258,105.07884838708948,12392.399564655507,0,0
exp_065,84,s1,s2,0.12464306407972191,0,3.9165652227744854,102.48487965013383,14016.10056188322,0,0
exp_065,85,s1,s2,0.02194429867161314,0,2.0252005506066038,84.06934144305953,12749.780101363207,0,0
exp_065,86,s1,s2,0.07014312298181641,0,2.473927326699676,110.0878134630246,10884.243496951905,0,0
exp_065,87,s1,s2,0.019825918842768277,0,2.954574085213455,93.5387085145072,7661.040830540657,0,0
exp_065,88,s1,s2,0.15548119469440255,0,4.400879257249608,62.01939469761921,5162.389919493315,0,0
exp_065,89,s1,s2,0.0014922928517430577,0,4.366053598938076,20.191868947661817,14859.138858269727,0,0
exp_065,90,s1,s2,0.04375899809316321,0,3.3058437012794255,130.51483891688952,12902.008240385598,0,0
exp_065,91,s1,s2,0.013258122209131348,0,2.636405665073621,122.38796228386451,11431.517453797216,0,0
exp_066,0,s1,s2,0.1043890547104043,0,4.886712366819805,108.69588306994791,10514.617905117155,0,0
exp_066,1,s1,s2,0.08115113820693684,0,0.7261049692362476,109.18880471338075,9465.648797188203,0,0
exp_066,2,s1,s2,0.011927661317891221,0,3.4574084508689396,172.8558027463212,10691.792480479442,0,0
exp_066,3,s1,s2,0.06354890797024891,0,2.4190367444177463,32.83871979184255,14899.058136240086,0,0
exp_066,4,s1,s2,0.015759344725305876,0,4.094968735193515,106.37565421312499,9530.016810206092,0,0
exp_066,5,s1,s2,0.0930415684921555,0,3.184292552133589,163.5072662319715,12314.691615143303,0,0
exp_066,6,s1,s2,0.042659536056291913,0,3.397731503911548,49.724424509860214,9489.545513386609,0,0
exp_066,7,s1,s2,0.17622916242888845,0,4.188475500513059,64.85710695799887,6391.128672539029,0,0
exp_066,8,s1,s2,0.26613562165625826,0,1.547880680816304,77.99393659274814,12891.520536736425,0,0
exp_066,9,s1,s2,0.2954324781184373,0,2.877790149683131,109.74843487088421,11720.076994027935,0,0
exp_066,10,s1,s2,0.0791549720514607,0,2.8965686088734794,189.08918478713446,9697.631566690876,0,0
exp_066,11,s1,s2,0.21430788867900327,0,3.3066519275847623,119.79275894572555,12048.948816201339,0,0
exp_066,12,s1,s2,0.1134342825832309,0,1.5998596129258469,148.93137967925637,13201.014861786713,0,0
exp_066,13,s1,s2,0.17864559912142353,0,2.8670722913981415,135.1841813203325,10512.499690730525,0,0
exp_066,14,s1,s2,0.23639739131101709,0,4.0217457831011085,68.44984955448416,14919.666071133053,0,0
exp_066,15,s1,s2,0.10553679350275882,0,3.011798647041959,118.04609377490245,6530.533888511923,0,0
exp_066,16,s1,s2,0.019309443316189567,0,2.0701527756885283,121.58285778053462,14843.685840863141,0,0
exp_066,17,s1,s2,0.017808358265101142,0,4.944888900716127,130.10893643695513,13194.96185591406,0,0
exp_066,18,s1,s2,0.061482358439161305,0,2.965838617221215,137.50998606251233,7520.599401273341,0,0
exp_066,19,s1,s2,0.08990286268067059,0,3.1002560255098874,207.16212251640525,12331.821281221777,0,0
exp_066,20,s1,s2,0.054590161841009725,0,4.012540218426389,77.53891250077302,6059.794132715276,0,0
exp_066,21,s1,s2,0.07838465234809455,0,3.9504151778651355,52.74288722772333,5004.103158373869,0,0
exp_066,22,s1,s2,0.03245869254077848,0,3.5029482311877596,196.41996404257853,12788.656265847958,0,0
exp_066,23,s1,s2,0.017159046163701747,0,1.6048336891943404,107.10251996756281,11392.201393146712,0,0
exp_066,24,s1,s2,0.014080639233346758,0,2.564454018797367,55.46720971406359,9019.064240728307,0,0
exp_066,25,s1,s2,0.06902706228567375,0,2.0452231874928515,223.54358185721702,5456.38722117942,0,0
exp_066,26,s1,s2,0.042077223202447195,0,3.472592579920768,157.96078386362902,10067.809100865185,0,0
exp_066,27,s1,s2,0.13177296288530435,0,2.910372557037313,125.10682091072607,8674.119425853156,0,0
exp_066,28,s1,s2,0.3806472887954675,0,3.72027814125016,135.2626152685865,10999.42295021988,0,0
exp_066,29,s1,s2,0.07072632023701694,0,5.024193121059387,133.66780344344932,8768.393505118924,0,0
exp_066,30,s1,s2,0.15246132622287603,0,3.1477862806778987,142.42011355060762,8814.756229242932,0,0
exp_066,31,s1,s2,0.11893790953319794,0,2.460298660214675,109.8589060880662,10297.500715184475,0,0
exp_066,32,s1,s2,0.13876582878806576,0,4.27065162716711,97.93618750264054,7515.343723913782,0,0
exp_066,33,s1,s2,0.12623547208263658,0,2.3640472669401063,93.34184420056494,8039.630498099297,0,0
exp_066,34,s1,s2,0.037673539500233444,0,2.6654705394437843,30.137286567749623,14767.034540008352,0,0
exp_066,35,s1,s2,0.05230131914645424,0,2.2118597903903567,84.76433106653492,12532.845012452995,0,0
exp_066,36,s1,s2,0.059240732936632116,0,3.160443410625948,212.8541651429867,6745.371385950218,0,0
exp_066,37,s1,s2,0.019403363093344256,0,4.15008771680091,-26.061277455249886,9494.378074050308,0,0
exp_066,38,s1,s2,0.2596277814513112,0,3.113217608475155,83.22385191106895,8138.363986525809,0,0
exp_066,39,s1,s2,0.08197927482396877,0,2.2563374650792,197.96592051627127,6483.743839382354,0,0
exp_066,40,s1,s2,0.07319672837200028,0,3.061925418888444,137.36184261924893,6229.398376323967,0,0
exp_066,41,s1,s2,0.17381979897195488,0,2.4096400031721017,36.71333802565282,9287.571259248105,0,0
exp_066,42,s1,s2,0.041505986180611985,0,4.31330309100437,78.76614961546177,7233.59009904511,0,0
exp_066,43,s1,s2,0.06356683196161304,0,3.006444189352296,79.82527880535235,6116.886444458884,0,0
exp_066,44,s1,s2,0.0331614374293015,0,2.4197130338409716,87.83379317746257,8605.661634131357,0,0
exp_066,45,s1,s2,0.06892695123733698,0,1.3190586985342188,73.62524920738574,7948.549607098382,0,0
exp_066,46,s1,s2,0.10039833464456101,0,3.580530999208838,182.83320219399374,14761.88040691924,0,0
exp_066,47,s1,s2,0.28981349523621425,0,2.733371455680464,77.56744450392678,13683.941128707751,0,0
exp_066,48,s1,s2,0.0030112375039118198,0,3.5376774461318807,105.45350795306085,11787.17674790159,0,0
exp_066,49,s1,s2,0.009643745807092152,0,2.314157288751374,168.802785644302,14215.336144381872,0,0
exp_066,50,s1,s2,0.03373153917555411,0,4.664682947633839,90.96535322559632,7575.399710321072,0,0
exp_066,51,s1,s2,0.020062689884440498,0,2.9965306118451203,92.83405226582984,14286.174719894418,0,0
exp_066,52,s1,s2,0.03305717269708885,0,3.121909969486559,76.88860044920888,5561.699144193928,0,0
exp_066,53,s1,s2,0.07070680974031394,0,2.5160975186920504,-16.63355963574491,6626.402863720944,0,0
exp_066,54,s1,s2,0.009453255087942692,0,2.1668067067060375,140.78458825909496,13004.240954322495,0,0
exp_066,55,s1,s2,0.14206675358827267,0,3.425466985377401,75.75022495969033,9205.337207282853,0,0
exp_066,56,s1,s2,0.020213615456531463,0,-0.0959809909659084,157.1123564773775,14008.417327848376,0,0
exp_066,57,s1,s2,0.09066787691736193,0,2.4865021048467684,19.696344386078145,13359.890784754138,0,0
exp_066,58,s1,s2,0.19629984779076645,0,2.8625072260793862,114.26143842723235,11799.527569677106,0,0
exp_066,59,s1,s2,0.007083973195705695,0,3.4687681117523055,183.7788612526858,7497.660930895839,0,0
exp_066,60,s1,s2,0.10631445183894844,0,2.6102919399151423,57.22687668463588,9009.135987939519,0,0
exp_066,61,s1,s2,0.15011987809510607,0,2.7360411939137244,94.40388641964883,6807.406943768791,0,0
exp_066,62,s1,s2,0.09367310460870953,0,2.9892304002594,146.9310613881548,12076.304183673488,0,0
exp_066,63,s1,s2,0.06211554856659164,0,2.115723261324179,74.77033644465352,10181.622876347275,0,0
exp_066,64,s1,s2,0.26576836833534845,0,2.771235032990311,44.03087308910128,11893.115361315075,0,0
exp_066,65,s1,s2,0.05792720730784162,0,3.3193931980699727,128.82183628889067,11339.70805446202,0,0
exp_066,66,s1,s2,0.007368725948954012,0,2.7240057655193852,37.64075685979712,14763.747693579877,0,0
exp_066,67,s1,s2,0.04070794583461646,0,2.265713248947221,74.00898127219142,10463.332821339998,0,0
exp_066,68,s1,s2,0.08027174124555071,0,1.3262331329314245,58.69262984729744,10710.52814884378,0,0
exp_066,69,s1,s2,0.0009374155283471686,0,2.868435352365346,192.49853164683336,12006.892058862217,0,0
exp_066,70,s1,s2,0.05938562320780634,0,3.961714019304485,96.86270620913228,7108.9814862448675,0,0
exp_066,71,s1,s2,0.024524695988649366,0,4.942657707894548,136.0565420725664,8546.882334821483,0,0
exp_066,72,s1,s2,0.07329512918718517,0,2.5055141208112413,81.51948745137247,7382.626500662525,0,0
exp_066,73,s1,s2,0.24813895523744442,0,2.6162084520765747,116.09920845331104,5465.60306115202,0,0
exp_066,74,s1,s2,0.009781678775317715,0,3.899472035297842,70.16283347285616,8213.744866071145,0,0
exp_066,75,s1,s2,0.020537149313618976,0,2.039812191800479,86.698621585655,9702.168447400632,0,0
exp_066,76,s1,s2,0.11256366431943776,0,1.8994739701951586,77.88900251619607,9531.974821044765,0,0
exp_067,0,s1,s2,0.011331594530380164,0,3.5055193658997235,177.6898473219981,8581.91215252584,0,0
exp_067,1,s1,s2,0.008244986481378044,0,2.6592313505759417,103.76836200201315,10012.820991460076,0,0
exp_067,2,s1,s2,0.09268679130359105,0,2.14528934739294,42.275138655344044,8411.45346808992,0,0
exp_067,3,s1,s2,0.13152124641066362,0,3.6635869591990953,66.0154335370686,11316.968812258841,0,0
exp_067,4,s1,s2,0.02540619587339964,0,2.3692551332364684,121.27128196194468,13218.413938586944,0,0
exp_067,5,s1,s2,0.15806608524245336,0,2.7318513160568134,134.30917782523537,9160.598647953117,0,0
exp_067,6,s1,s2,0.06319487241461168,0,3.706892173120108,108.27952524187349,7550.282020847229,0,0
exp_067,7,s1,s2,0.050818189120053175,0,0.9634217011646569,102.5871674104486,14768.671029643301,0,0
exp_067,8,s1,s2,0.12934729262089548,0,4.648785965729952,93.07212917845101,9674.424990826512,0,0
exp_067,9,s1,s2,0.0017375409289816564,0,5.17920511190877,137.59521133265667,14812.074187185617,0,0
exp_067,10,s1,s2,0.004164821935481988,0,2.0664247482996108,101.40519519510516,6489.9590157096045,0,0
exp_067,11,s1,s2,0.09427972947848046,0,3.7591366223425595,59.10956014278232,10141.986925952728,0,0
exp_067,12,s1,s2,0.02461728071683341,0,2.917844140509645,99.94890488986528,13627.40043657841,0,0
exp_067,13,s1,s2,0.0012759433516502932,0,2.235355382337212,68.74436910644793,11261.121806334555,0,0
exp_067,14,s1,s2,0.17295610109022436,0,2.043253923422715,2.465155278994624,6154.895136777512,0,0
exp_067,15,s1,s2,0.016584967174328998,0,2.0855835978877897,107.86495360800953,7020.4612479590105,0,0
exp_067,16,s1,s2,0.026745734341893642,0,2.410839561069337,96.3646218631856,9997.709716929387,0,0
exp_067,17,s1,s2,0.26405000593666483,0,3.0619370215176507,88.75698180585898,13358.423651515423,0,0
exp_067,18,s1,s2,0.03746364947712528,0,3.7424020678441963,202.2639958833025,7292.949883919976,0,0
exp_067,19,s1,s2,0.1781515959366437,0,2.0953486908898102,147.64726303558083,12533.630228646338,0,0
exp_067,20,s1,s2,0.028102986552509514,0,2.240086006107386,117.45791918936402,11922.394633332071,0,0
exp_067,21,s1,s2,0.027282553795332534,0,1.766328344490751,113.64786647533508,12259.669475679524,0,0
exp_067,22,s1,s2,0.0062811559214353664,0,2.604196165838366,79.03700263145043,5413.435858539986,0,0
exp_067,23,s1,s2,0.13665408180096755,0,3.1547812040097716,49.893081095507405,14778.688847941674,0,0
exp_067,24,s1,s2,0.10809087188766482,0,1.9919779383333234,82.07252501807942,6528.356943826508,0,0
exp_067,25,s1,s2,0.04505982609512241,0,3.924214692914665,83.27632907841976,6868.088706996142,0,0
exp_067,26,s1,s2,0.059154003678988015,0,5.071635854612119,221.35336977774566,12487.546184761863,0,0
exp_067,27,s1,s2,0.04180471028323215,0,2.9081866162624097,180.18847964065532,11379.174029114649,0,0
exp_067,28,s1,s2,0.33475461972231924,0,0.5007304603814182,56.06970132866584,14057.491739413586,0,0
exp_067,29,s1,s2,0.23287288308501078,0,3.0205206695749425,109.93331263519892,8442.615410266028,0,0
exp_067,30,s1,s2,0.027495021847831126,0,3.5534470172508197,30.83946351333212,14165.923653643955,0,0
exp_067,31,s1,s2,0.3000013573142565,0,3.1337297237235395,161.89767657445276,13075.087334821528,0,0
exp_067,32,s1,s2,0.19195243169807782,0,0.9798485508222363,58.904361179105194,9554.332660505255,0,0
exp_067,33,s1,s2,0.10578404789649783,0,4.264476209547068,69.45795553218586,14039.927936850225,0,0
exp_067,34,s1,s2,0.033171923308192165,0,3.1006930159940094,119.07562255005399,13781.68771219741,0,0
exp_067,35,s1,s2,0.010972160615080277,0,2.181609745273013,43.186490526562174,8028.221511745132,0,0
exp_067,36,s1,s2,0.018857445338700676,0,2.7707186179425887,151.863769031991,14631.302124667882,0,0
exp_067,37,s1,s2,0.08758024733339105,0,3.141601012580132,44.2282873235612,14935.451477242423,0,0
exp_067,38,s1,s2,0.08328040087881217,0,3.7599232213413076,46.57059651782674,10150.801549554426,0,0
exp_067,39,s1,s2,0.03936853973944729,0,3.35385000158838,91.03075968414763,14119.258959198372,0,0
exp_067,40,s1,s2,0.07197680731981358,0,2.5411944234724912,86.06795789207104,6565.763828590856,0,0
exp_067,41,s1,s2,0.07386713080935106,0,2.8481027749522454,96.8128341332897,9551.673853111,0,0
exp_067,42,s1,s2,0.13711665357198827,0,3.200011239944467,145.93088026948712,12232.92123842446,0,0
exp_067,43,s1,s2,0.04526675250278972,0,4.763870232057278,98.55518561756624,12276.582273722945,0,0
exp_067,44,s1,s2,0.05525616896887511,0,3.795630872768148,104.0984602331918,11319.976049432336,0,0
exp_067,45,s1,s2,0.10288286818172364,0,2.6637430460417773,112.4364926649575,10228.842916487276,0,0
exp_067,46,s1,s2,0.32047691995980576,0,1.6091294090957196,53.08702481508768,11012.079656047576,0,0
exp_067,47,s1,s2,0.02498975498256742,0,1.8156476828762558,109.62090354087151,10797.934606979055,0,0
exp_067,48,s1,s2,0.0922256450553035,0,1.1625833530660212,36.06492646144969,7454.582784004493,0,0
exp_067,49,s1,s2,0.040185509380833345,0,1.3461856226782665,99.45798301373797,12828.344633718625,0,0
exp_067,50,s1,s2,0.12345531233566256,0,2.5255238292561906,86.40481498422042,5001.800389839628,0,0
exp_067,51,s1,s2,0.09081213235003668,0,3.355677245124755,94.57572190804254,11899.428076298173,0,0
exp_067,52,s1,s2,0.19502655404748234,0,2.623695576485971,7.168184417327838,8945.236236017745,0,0
exp_067,53,s1,s2,0.13110271069382268,0,3.3575586457302604,4.170416564045121,14955.822649554675,0,0
exp_067,54,s1,s2,0.05871012922432516,0,3.148602072547662,250.68966413589982,13031.861581360323,0,0
exp_067,55,s1,s2,0.031039084799466737,0,3.523232452209377,66.0680503666207,9156.181863686543,0,0
exp_067,56,s1,s2,0.2450227104957064,0,3.8752432175767186,198.0481311710857,5704.570548258772,0,0
exp_067,57,s1,s2,0.13108600594419909,0,4.051556183810413,169.83265829671709,7679.095235706905,0,0
exp_067,58,s1,s2,0.293255696256113,0,2.116742460607951,77.35214552309624,14872.011549350138,0,0
exp_067,59,s1,s2,0.1371391085181996,0,3.675423271841262,93.39839947926403,5911.173743661972,0,0
exp_067,60,s1,s2,0.009174388467040521,0,2.0456679870132133,127.03474139476974,14171.395151932842,0,0
exp_067,61,s1,s2,0.1834828826545316,0,3.6714897157067723,83.28071220515123,5428.8768700732835,0,0
exp_067,62,s1,s2,0.07954852744229773,0,1.9047625740880274,75.14676966859068,7105.4058840374455,0,0
exp_067,63,s1,s2,0.0722592218114452,0,2.5759870687478412,104.39150652963694,9135.51559234888,0,0
exp_067,64,s1,s2,0.17742365894290876,0,1.7540976498907779,89.51699936511355,14548.602930190968,0,0
exp_067,65,s1,s2,0.030962171584114764,0,2.4334306959099097,127.60892775286817,9231.727292215899,0,0
exp_067,66,s1,s2,0.0674173406029712,0,6.691624501197804,107.11816457954649,7249.475406897614,0,0
exp_067,67,s1,s2,0.0725495846092851,0,1.5354307340383881,95.40255211634839,14881.915595037108,0,0
exp_068,0,s1,s2,0.008875294934045774,0,2.271301519568493,141.78698159277383,8794.368992677219,0,0
exp_068,1,s1,s2,0.07933489377257194,0,3.258936646430048,49.63121434346014,13530.4899775812,0,0
exp_068,2,s1,s2,0.10447373535388647,0,3.6192453363824155,135.8972337748811,7576.609580054445,0,0
exp_068,3,s1,s2,0.016282972937385617,0,3.592688182589476,103.54673011909192,13782.922892223847,0,0
exp_068,4,s1,s2,0.011301163932098398,0,1.4565649744729263,144.57081687056763,10617.681489082015,0,0
exp_068,5,s1,s2,0.02506028707011101,0,3.2072687198637784,159.07887070404612,8249.91994975919,0,0
exp_068,6,s1,s2,0.06532792827135003,0,3.14329422440711,116.6301114581395,8599.155526795634,0,0
exp_068,7,s1,s2,0.9207188367676586,0,4.073624311849634,73.60476454234998,12843.773501288495,0,0
exp_068,8,s1,s2,0.1283472963356973,0,2.26784448765261,115.85008245632416,14949.559437693897,0,0
exp_068,9,s1,s2,0.01755956066311057,0,1.5280285188408693,128.20516142570997,6687.775180718626,0,0
exp_068,10,s1,s2,0.08197662247827886,0,2.6030657395643795,154.2469768218452,5771.688936317585,0,0
exp_068,11,s1,s2,0.09775251519928746,0,2.2322161686483675,150.15823909141824,11905.896751203478,0,0
exp_068,12,s1,s2,0.007881630932077154,0,2.5870257727360997,-10.609940045248223,12819.636499714103,0,0
exp_068,13,s1,s2,0.04127038081327706,0,5.143947814265696,61.33146802166201,11240.799619903508,0,0
exp_068,14,s1,s2,0.07293137853328378,0,4.200953496838309,39.38669232080764,13371.543451013387,0,0
exp_068,15,s1,s2,0.016701619175198912,0,4.272712612247661,39.83756328849365,12557.754918871968,0,0
exp_068,16,s1,s2,0.15207845954817414,0,2.696018352516314,207.20739500039934,11457.996044274507,0,0
exp_068,17,s1,s2,0.01450772509986022,0,3.1994023485296617,118.80035002142415,8270.47209028697,0,0
exp_068,18,s1,s2,0.10465133315814193,0,3.1585233354319655,198.4766013806927,12485.258268895717,0,0
exp_068,19,s1,s2,0.00301406277402177,0,3.7982391008258594,66.95638526355013,14387.004436893845,0,0
exp_068,20,s1,s2,0.20881822297846675,0,2.1999869096411078,125.88877043481091,8687.195156186299,0,0
exp_068,21,s1,s2,0.005151720220189301,0,2.256541170272274,203.69784921646098,10730.118769942632,0,0
exp_068,22,s1,s2,0.38801810675692705,0,1.367594263930092,58.724249428651646,6506.045945917696,0,0
exp_068,23,s1,s2,0.015502919431473706,0,4.660891417849305,106.18887494147246,10644.624632915005,0,0
exp_068,24,s1,s2,0.20658753022518558,0,3.8610065124499577,16.60140586261236,11612.417110955046,0,0
exp_068,25,s1,s2,0.032946324451025,0,4.496540708231167,14.677072242026412,5209.306490660472,0,0
exp_068,26,s1,s2,0.2176930140985458,0,3.0121977635509616,25.021839122336154,8286.974038158334,0,0
exp_068,27,s1,s2,0.05800785431792828,0,2.8815601250697633,90.77562136448488,5976.607962923849,0,0
exp_068,28,s1,s2,0.026098378027804403,0,3.6349109003754947,185.72304073186527,8339.709245413427,0,0
exp_068,29,s1,s2,0.03027649383659675,0,3.1293948498836075,86.59846610415389,6918.32855611203,0,0
exp_068,30,s1,s2,0.05545257756674474,0,2.5442692812647723,77.71408033715286,6090.769516893395,0,0
exp_068,31,s1,s2,0.090204299074444,0,3.8923616435975976,36.764869466049866,8923.160224635249,0,0
exp_068,32,s1,s2,0.1219647978738227,0,4.44228108888176,62.50447841315335,8784.15983557085,0,0
exp_068,33,s1,s2,0.0005850282565878037,0,3.8305718017652945,81.75752546415947,14519.3889369251,0,0
exp_068,34,s1,s2,0.0822155429723948,0,2.66643784986482,4.833491351883989,7362.035270306724,0,0
exp_068,35,s1,s2,0.018407392439259488,0,4.728527801575553,97.6393725510287,7224.648260378709,0,0
exp_068,36,s1,s2,0.24028178115454418,0,3.2179221592066307,38.11111280926316,12763.83258536333,0,0
exp_068,37,s1,s2,0.024002077720112813,0,2.7767923016723026,94.93494193281204,14439.483968603065,0,0
exp_068,38,s1,s2,0.06674252313375338,0,2.359169047666651,104.9962172692344,9508.965706146897,0,0
exp_068,39,s1,s2,0.05698735438989971,0,2.7513329792675862,44.73759533676884,7828.070158649518,0,0
exp_068,40,s1,s2,0.12037791406008587,0,2.8722193564707887,140.12140705639965,6761.819746748406,0,0
exp_068,41,s1,s2,0.15761309823778308,0,2.610109000895677,123.73432170026581,12135.999924047854,0,0
exp_068,42,s1,s2,0.09548644514070202,0,3.805201356872077,134.2690308946883,11609.358563932608,0,0
exp_068,43,s1,s2,0.31285087160371705,0,2.629089716938983,124.92271033142012,14135.65796272302,0,0
exp_068,44,s1,s2,0.04456580834812923,0,3.7223558623949513,123.51134815925198,9363.70426514335,0,0
exp_068,45,s1,s2,0.005288250015096669,0,4.083853845098758,14.654423994710541,6175.36707637433,0,0
exp_068,46,s1,s2,0.18214333764155957,0,3.1900778443746822,137.85277969670426,11600.1008928738,0,0
exp_068,47,s1,s2,0.07627255119851406,0,1.3881396812819682,40.81767501692129,13916.549067402622,0,0
exp_068,48,s1,s2,0.0859484511148873,0,3.057364454834801,165.8997614806863,8070.249222420519,0,0
exp_068,49,s1,s2,0.009624604187934982,0,3.7626847131947896,82.31287059165894,12119.611738837695,0,0
exp_068,50,s1,s2,0.15409847659705578,0,2.583665407279849,114.97787636447954,6588.6056605783,0,0
exp_068,51,s1,s2,0.03816107718962385,0,2.6086839297041076,91.02820534499547,6534.715095692069,0,0
exp_068,52,s1,s2,0.19395424509136316,0,1.2449920322840493,149.54265963325145,10264.778978633754,0,0
exp_068,53,s1,s2,0.030288152318668368,0,2.259025380869543,107.30248467918167,14026.506989645513,0,0
exp_068,54,s1,s2,0.02750246298388244,0,3.520452916096068,151.89529752711775,10230.06942423334,0,0
exp_068,55,s1,s2,0.26563565520958543,0,3.9432032500056478,74.55916077969445,5352.014561902347,0,0
exp_068,56,s1,s2,0.02736551872097146,0,4.680906006263177,70.28084186111883,7993.130676108403,0,0
exp_068,57,s1,s2,0.05944109603958178,0,2.3322536904918776,86.64723358279407,12386.759848312535,0,0
exp_068,58,s1,s2,0.061874384542706024,0,3.584996100790322,146.95044230161153,5578.152001895267,0,0
exp_068,59,s1,s2,0.06932989930754391,0,5.178895359401947,94.95385267982994,7022.656003798956,0,0
exp_068,60,s1,s2,0.12123652908113108,0,1.8293859279781837,174.79107643656587,7844.392673130991,0,0
exp_068,61,s1,s2,0.251457484581013,0,2.8113674370720783,48.24457960296101,12669.836282221286,0,0
exp_068,62,s1,s2,0.01603296752826329,0,3.0456499810430886,137.64061306150666,10048.156544871008,0,0
exp_068,63,s1,s2,0.05521293502714965,0,3.779833345785877,-10.3077369247496,8154.231328321572,0,0
exp_068,64,s1,s2,0.04588924068188678,0,4.296528471750902,103.6047183326849,13578.790430830735,0,0
exp_068,65,s1,s2,0.07864092472228304,0,2.889194345743221,67.50729073606279,14403.211039219868,0,0
exp_068,66,s1,s2,0.112461817945612,0,1.869156855977467,178.32072608465225,10337.664561792362,0,0
exp_068,67,s1,s2,0.03626566509359031,0,4.673706063816116,106.05185733697657,10586.924642532987,0,0
exp_068,68,s1,s2,0.054278395992154296,0,2.518785810137524,139.04395002108072,9814.869279244602,0,0
exp_068,69,s1,s2,0.3823429451658094,0,0.9410698467883027,120.34769315299324,7912.238697467599,0,0
exp_068,70,s1,s2,0.09069648003946414,0,4.674583256989755,80.6912305643094,5271.341903621629,0,0
exp_068,71,s1,s2,0.2615801702066162,0,4.816402121330112,133.35111612564228,11045.864747118083,0,0
exp_068,72,s1,s2,0.45218963633437687,0,3.0236728749394666,105.23793423186795,11839.632948230907,0,0
exp_068,73,s1,s2,0.09638275259368735,0,2.0281341421144856,70.07142797867934,9027.631518135495,0,0
exp_068,74,s1,s2,0.11480866771156693,0,3.0221425625701728,65.63559218467562,9083.973274063897,0,0
exp_068,75,s1,s2,0.07496854506277553,0,3.734664332003126,158.0178873404611,7038.479809731209,0,0
exp_068,76,s1,s2,0.13249496956440968,0,-0.5433189221055286,66.12592661488385,9830.705149466918,0,0
exp_068,77,s1,s2,0.29805296660520036,0,3.8788080824854725,88.93858499732399,12551.26555660925,0,0
exp_068,78,s1,s2,0.061001964017783995,0,2.3095249839634575,132.32783256341276,10997.992454427937,0,0
exp_068,79,s1,s2,0.07614223422871604,0,4.655698197824676,127.45134949764883,14498.020912480772,0,0
exp_068,80,s1,s2,0.030654114943948013,0,3.7097457432275536,163.09398402600712,11951.450674263297,0,0
exp_068,81,s1,s2,0.05602253874710396,0,2.968803872457338,134.0869568867949,6215.917893991199,0,0
exp_068,82,s1,s2,0.11416021956370509,0,2.6190138248844366,60.130907152643374,7280.056773578126,0,0
exp_068,83,s1,s2,0.07742149335092795,0,2.0110400197528944,77.83125212954454,12908.143644177031,0,0
exp_068,84,s1,s2,0.06320363154507122,0,3.9949651128963373,94.13483926588832,10388.243604441299,0,0
exp_068,85,s1,s2,0.1237516130051586,0,3.6741230664024647,5.444587437592485,12264.146863060654,0,0
exp_068,86,s1,s2,0.0351647606936294,0,3.6547626280427674,189.76107829631448,9341.931631724201,0,0
exp_068,87,s1,s2,0.12481670118657161,0,4.151116364154378,50.87140389983767,10511.140740446504,0,0
exp_068,88,s1,s2,0.028183765786172616,0,3.7653849252610505,116.73693144546274,8100.139932053309,0,0
exp_068,89,s1,s2,0.16730802220806373,0,4.018813376962493,74.00474260293893,5511.510387467886,0,0
exp_068,90,s1,s2,0.0007241470145877382,0,5.388824788112434,142.80259820918243,13422.05468360924,0,0
exp_068,91,s1,s2,0.0051973320438794355,0,4.577330077581557,37.77726956476196,9046.801643568782,0,0
exp_068,92,s1,s2,0.0032657705553233926,0,1.838330138320122,180.73148439945635,5192.090016385602,0,0
exp_068,93,s1,s2,0.01869543319279777,0,3.056743870491132,24.520892715560294,6863.749010334016,0,0
exp_068,94,s1,s2,0.0448363119226017,0,3.7451770988189024,130.35071715159904,12954.129807355763,0,0
exp_068,95,s1,s2,0.11877151799492505,0,5.197208692879139,190.72669084196957,14533.875597006876,0,0
exp_068,96,s1,s2,0.2102658960761107,0,2.5521039124187648,206.47135609768884,12290.704157619966,0,0
exp_068,97,s1,s2,0.00647688383360209,0,3.0711323924816685,133.2349516777822,10027.904542095192,0,0
exp_068,98,s1,s2,0.03436668127937587,0,3.295357525557396,15.759881142864252,5835.803168652184,0,0
exp_068,99,s1,s2,0.3577409958135905,0,1.2965728737693012,58.7135964387986,10251.96479885928,0,0
exp_068,100,s1,s2,0.00671944097406296,0,2.8669277487857747,158.70077639176853,6783.354114359788,0,0
exp_068,101,s1,s2,0.017642031874110477,0,4.003892242781392,4.865394757518072,9169.05857939075,0,0
exp_068,102,s1,s2,0.09083159610825295,0,4.02086014789058,142.2079532032005,9009.555595942633,0,0
exp_068,103,s1,s2,0.12623200830225476,0,3.0420714099447106,42.416819409115334,5725.147168599684,0,0
exp_068,104,s1,s2,0.02798536351788236,0,4.55362280087115,126.87804030768747,5953.093633889523,0,0
exp_068,105,s1,s2,0.023202014034448593,0,2.5408520776554693,88.04593989631547,11948.427653364211,0,0
exp_068,106,s1,s2,0.07097917041391665,0,3.4017949827690828,48.233194899514686,10257.603573610702,0,0
exp_068,107,s1,s2,0.08322835042268513,0,3.9719734621761207,89.19998484993619,11485.612423728491,0,0
exp_068,108,s1,s2,0.22014240330309265,0,1.6407185470424381,122.68197748946551,10762.213840517732,0,0
exp_068,109,s1,s2,0.019730799205110297,0,3.391323694435185,54.38419499753307,14474.766165355848,0,0
exp_068,110,s1,s2,0.0887936487849432,0,2.4874321388151435,122.8581035343221,11542.10366188942,0,0
exp_068,111,s1,s2,0.13204222477236685,0,2.6900926596864334,172.65946124587097,9055.810028822112,0,0
exp_068,112,s1,s2,0.2530359311055094,0,2.383209901716517,130.93622463696073,6922.25442339999,0,0
exp_068,113,s1,s2,0.3946760179474846,0,4.085361058462791,156.7042965096456,7861.879710502662,0,0
exp_068,114,s1,s2,0.21757705253728346,0,3.5681253274451543,56.95803158971044,12153.499903910511,0,0
exp_068,115,s1,s2,0.0765140594603173,0,1.9925384185469104,72.32565441388248,14775.40052056423,0,0
exp_068,116,s1,s2,0.006160234719869374,0,3.9467621332612666,56.18051002322918,11173.534816308149,0,0
exp_068,117,s1,s2,0.11536305534894611,0,4.017849689753166,156.89295787155152,8422.412370770831,0,0
exp_068,118,s1,s2,0.037324028994800994,0,4.320101301968801,84.65446077843252,14382.710353500166,0,0
exp_068,119,s1,s2,0.06074211587765826,0,3.1513066697247636,154.03429770290035,8526.86197863106,0,0
exp_068,120,s1,s2,0.26723407400919236,0,2.9050566260825743,112.91737363798079,13684.24144000575,0,0
exp_068,121,s1,s2,0.11348474807808787,0,3.1655548335855843,95.77126424566711,5630.691126332696,0,0
exp_068,122,s1,s2,0.038264101943444866,0,4.604816385489875,56.33929785045362,5384.330264195156,0,0
exp_068,123,s1,s2,0.2205248802124461,0,1.73954030656399,144.569599748989,11583.420938909001,0,0
exp_068,124,s1,s2,0.07698639185660468,0,2.916571654649849,98.55121552913066,10511.006764135424,0,0
exp_068,125,s1,s2,0.008575563645009826,0,1.266210436994579,5.611547845298814,10562.016621170693,0,0
exp_068,126,s1,s2,0.004030951140458571,0,2.41303789980087,71.07490623078496,10989.70614690532,0,0
exp_069,0,s1,s2,0.20786285451135053,0,2.331809455389336,49.11201258813388,9058.004810909011,0,0
exp_069,1,s1,s2,0.025430760720254093,0,3.7725636212365776,83.07557646468156,6386.54792011174,0,0
exp_069,2,s1,s2,0.058653311950653333,0,2.494924640159552,88.71003347605283,5961.253291502983,0,0
exp_069,3,s1,s2,0.15365588602027944,0,3.4487523745828015,132.74757684311052,10392.290543377396,0,0
exp_069,4,s1,s2,0.14813062320618278,0,3.420825149163809,73.86872159840703,9234.75218751355,0,0
exp_069,5,s1,s2,0.13875572956060153,0,3.602044101101286,75.35556849224763,10681.165457665673,0,0
exp_069,6,s1,s2,0.0007364562295466116,0,1.0464537745433844,109.9196711760826,5575.018618840889,0,0
exp_069,7,s1,s2,0.05929572696479726,0,1.9954013686290655,67.965067302244,8491.220025023014,0,0
exp_069,8,s1,s2,0.01979720488037152,0,2.330526916641076,82.5796186768665,5843.1259022247195,0,0
exp_069,9,s1,s2,0.24081614842691762,0,3.761509760508003,54.544428024422636,10897.121322639812,0,0
exp_069,10,s1,s2,0.005259246814055384,0,2.0196997061849724,138.1034718999971,10544.09594173049,0,0
exp_069,11,s1,s2,0.011583798184545361,0,4.061990462935584,50.81964813052636,8010.7423214785185,0,0
exp_069,12,s1,s2,0.015923714964514234,0,3.0191756037045736,93.4878197931036,14686.705228017769,0,0
exp_069,13,s1,s2,0.0661906322726139,0,2.81275276662596,26.725690781860003,11020.83720926376,0,0
exp_069,14,s1,s2,0.16163030075710041,0,1.726188673887529,90.78445159636662,6880.099494260547,0,0
exp_069,15,s1,s2,0.22998490039891048,0,3.7853622727417178,54.57682939741338,7689.487800747802,0,0
exp_069,16,s1,s2,0.12749750518067102,0,3.4297395215904922,-28.079059699334287,8529.510622714408,0,0
exp_069,17,s1,s2,0.08521811959645717,0,4.19116842595064,41.712854213391815,10112.070406423705,0,0
exp_069,18,s1,s2,0.12211504077207665,0,4.016809941018289,90.67978050051086,8821.327729993387,0,0
exp_069,19,s1,s2,0.03683625059689222,0,3.466031833401838,245.01809163127518,10180.980733655882,0,0
exp_069,20,s1,s2,0.15902731892735023,0,3.9446919401066056,110.86220577949912,11190.969833392603,0,0
exp_069,21,s1,s2,0.0021940076991393445,0,2.431379912042628,103.50490427525472,9111.679783434136,0,0
exp_069,22,s1,s2,0.3703410442540841,0,2.5214771224702703,73.36136897264034,11763.4838152065,0,0
exp_069,23,s1,s2,0.004497457231065831,0,2.5097683505235326,126.11740504804774,10315.541640892789,0,0
exp_069,24,s1,s2,0.028603431200980807,0,3.9694787468038775,188.30518389721516,14464.397337431734,0,0
exp_069,25,s1,s2,0.05898701939808524,0,3.205239367521656,150.7373104742953,14144.626521889468,0,0
exp_069,26,s1,s2,0.03450598945029725,0,0.8277088314500554,149.1475550864416,5658.973174543103,0,0
exp_069,27,s1,s2,0.08539400775136642,0,3.2685983449231726,170.30619256552706,7793.421641556266,0,0
exp_069,28,s1,s2,0.030629290011415213,0,1.3636607533491476,54.97438782803385,9184.680757452406,0,1
exp_069,29,s1,s2,0.01230696525537077,0,3.0412824266918936,29.5166723096548,12988.471639623782,0,1
exp_069,30,s1,s2,0.20909206967174088,0,3.2246978347097834,56.0306928486124,10561.189857765745,0,1
exp_069,31,s1,s2,0.1112336221713458,0,1.6572507184428829,20.168322336703138,10455.75089858251,0,1
exp_069,32,s1,s2,0.00823561712175776,0,4.4432272075561885,66.06736567575186,10488.347202768777,0,1
exp_069,33,s1,s2,0.026919873899980674,0,2.5283641730821245,105.3806769571558,13361.90730724552,0,1
exp_069,34,s1,s2,0.35168167951785223,0,2.8344781943165036,86.39183726448867,11756.336154442444,0,1
exp_069,35,s1,s2,0.16403112439300166,0,3.2132647723500996,-7.767119949906776,13917.594029629425,0,1
exp_069,36,s1,s2,0.04851551836314952,0,2.0244322013239002,88.486780245634,14787.333844257962,0,1
exp_069,37,s1,s2,0.047931703437577945,0,2.5882011750823666,120.74379679232474,6388.147567501849,0,1
exp_069,38,s1,s2,0.10478045327717728,0,2.209173299830136,108.50290712852983,13121.629440118862,0,1
exp_069,39,s1,s2,0.24002631232336055,0,4.462262953316137,149.9968237918288,5554.364646120225,0,1
exp_069,40,s1,s2,0.18944276025804369,4,18.90029213138186,-49.1078829865351,5785.094392009651,0,1
exp_069,41,s1,s2,1.2072862662717863,6,11.801632896037951,95.61975118938702,11342.942942004385,0,1
exp_069,42,s1,s2,1.6440869422556363,5,14.80282096352916,140.78691034649947,7101.145254909742,0,1
exp_069,43,s1,s2,2.7381404389372066,7,14.948213443357051,63.24297244590314,7431.15029088428,1,1
exp_069,44,s1,s2,0.13679383556803992,4,11.150609893934666,30.375758425912192,11889.503886384064,0,1
exp_069,45,s1,s2,12.38487672987867,7,18.526745393030605,119.50030470067794,7880.243060506486,1,1
exp_069,46,s1,s2,3.068032082587872,6,18.072532047945522,135.9115460230677,12656.327716250926,1,1
exp_069,47,s1,s2,15.195900374533986,5,20.165838693372972,144.5584566581285,5611.011159513481,1,1
exp_069,48,s1,s2,1.9341711084794393,3,20.009649420725097,113.6029888536406,10109.731246645379,1,1
exp_069,49,s1,s2,0.591146770668139,5,17.868969815607542,199.95901158015056,5485.088470509936,0,1
exp_069,50,s1,s2,6.3040951870320985,4,7.302343670613764,97.22558191916661,10820.275232046304,1,1
exp_069,51,s1,s2,4.2471502009356605,7,20.563629642957466,82.6527463633858,6330.676533713358,1,1
exp_069,52,s1,s2,3.3289459266263317,8,11.337102360814894,158.83405054528023,9873.969455657107,1,1
exp_069,53,s1,s2,4.51591231909929,5,4.953419472782754,168.76376709609792,10905.111604373054,1,1
exp_069,54,s1,s2,0.6648991782029359,8,14.601187174064497,77.26331013668471,9251.4139640802,0,1
exp_069,55,s1,s2,0.1682899565807866,7,15.90421020977861,43.82721913812417,5464.663623557959,0,1
exp_069,56,s1,s2,1.2502539394751033,4,11.901528541470299,83.17197534533013,14535.521431850031,0,1
exp_069,57,s1,s2,3.372988022591064,10,14.166969404265897,96.16543258701985,13652.704728191466,1,1
exp_069,58,s1,s2,1.7829126595515177,5,8.217615259122578,196.0691050845676,6415.236341415368,0,1
exp_069,59,s1,s2,1.8888040635035899,8,15.224856632792633,127.07082952155395,5159.056763082333,0,1
exp_069,60,s1,s2,1.6045625267208181,0,17.246948037917917,180.99418985283265,6098.011119903971,0,1
exp_069,61,s1,s2,4.191767826292598,4,18.973313104080834,61.534577076446375,11417.021209200331,1,1
exp_069,62,s1,s2,0.9161802312522188,7,3.8691929336154596,123.98692750343523,12887.881406902152,0,1
exp_069,63,s1,s2,6.10632002851565,4,11.220868559797506,133.63895006931892,9872.61269984489,1,1
exp_069,64,s1,s2,2.9705270903682566,6,25.177061427432008,58.03136582004614,10290.962830436294,1,1
exp_069,65,s1,s2,1.0641271273820432,3,6.464483222522493,148.76563824511803,6354.0855749822485,0,1
exp_069,66,s1,s2,4.019062982640057,2,14.322064671708604,91.50831803249497,11864.880682561507,1,1
exp_069,67,s1,s2,0.12034325866790736,1,16.717193904951063,193.92484713722737,8702.42411668888,0,1
exp_069,68,s1,s2,2.8145058367190545,1,12.781617427365047,150.13047839687775,8995.61263228985,1,1
exp_069,69,s1,s2,3.8114779253596187,1,15.060098557677078,144.85112943992362,8495.271300997138,1,1
exp_069,70,s1,s2,4.273775251327509,1,17.390718395540183,65.34891312357841,8120.867506829663,1,1
exp_069,71,s1,s2,3.7059863331497525,3,13.270943235836755,162.41657256267285,10716.295972101096,1,1
exp_069,72,s1,s2,0.08410873083501169,5,10.391941087241324,138.444314561956,13481.739520545472,0,1
exp_069,73,s1,s2,0.9348199230882046,2,13.101421863532405,35.99587368906325,8799.62246867249,0,1
exp_069,74,s1,s2,0.5537821410097594,5,11.646372952176243,55.32342404730693,5130.018998130412,0,1
exp_070,0,s1,s2,0.07342838599986373,0,1.981445100534227,103.50996282271538,10564.39574072372,0,0
exp_070,1,s1,s2,0.07685461909542499,0,1.7518909664338218,55.25985626797207,6996.795513373745,0,0
exp_070,2,s1,s2,0.016267895785035413,0,4.08367108947844,101.70828033482077,10898.675682607958,0,0
exp_070,3,s1,s2,0.20609232704776353,0,2.886360427994867,122.34186539059424,13356.678067171228,0,0
exp_070,4,s1,s2,0.005375444573715077,0,0.7222400217967904,83.63338024152321,7048.518861642327,0,0
exp_070,5,s1,s2,0.05769526230108704,0,4.343659695308112,87.74150289807054,13689.186116707115,0,0
exp_070,6,s1,s2,0.10698803067590518,0,2.1674668975848332,114.24384788334973,10752.618121006702,0,0
exp_070,7,s1,s2,0.032081808008069555,0,2.44720570494305,86.00112336653393,11358.681528870795,0,0
exp_070,8,s1,s2,0.08766095706987878,0,2.2798539493934484,57.49451580731526,12730.011860614562,0,0
exp_070,9,s1,s2,0.1574714622693602,0,1.8108855550673564,98.82860284273926,5555.923810817447,0,0
exp_070,10,s1,s2,0.031672491314624115,0,3.66135096446524,175.8282323762566,12181.067687554169,0,0
exp_070,11,s1,s2,0.06381818000574406,0,2.8768289684498507,181.72358541489555,5840.14752682577,0,0
exp_070,12,s1,s2,0.00832275940535007,0,3.424587356300904,154.29222222515114,7791.270591104107,0,0
exp_070,13,s1,s2,0.14154160636358495,0,3.3651177285427214,54.214978833547434,14894.859497611682,0,0
exp_070,14,s1,s2,0.01625419254673532,0,2.897217574586865,42.79325282399753,11426.614084003771,0,0
exp_070,15,s1,s2,0.002690505294001843,0,2.146934815077844,99.96632514630204,7413.237768028108,0,0
exp_070,16,s1,s2,0.12461763770607881,0,3.889071767783574,146.22074083935135,5651.463340487727,0,0
exp_070,17,s1,s2,0.15453515657324937,0,2.0477186862605468,-30.73492186773359,9196.904729054962,0,0
exp_070,18,s1,s2,0.19450671295606217,0,3.000290292788056,201.08490882773515,13342.870219262126,0,0
exp_070,19,s1,s2,0.1636621544102619,0,2.9918084890452774,90.40144563671237,5422.461095878133,0,0
exp_070,20,s1,s2,0.036699440924729286,0,1.3148486672755562,50.09192101453884,11769.66182728841,0,0
exp_070,21,s1,s2,0.06833110590965452,0,1.6119243124739522,74.04130883994388,13284.803985836961,0,0
exp_070,22,s1,s2,0.028553675769426558,0,3.09329471965394,67.85284910350322,8173.487462098314,0,0
exp_070,23,s1,s2,0.12463068352855898,0,2.492556095377588,44.41774794684551,9809.549600517728,0,0
exp_070,24,s1,s2,0.22083437462286715,0,2.2881382163236963,122.30166789498826,9386.136249468118,0,0
exp_070,25,s1,s2,0.07828790510858634,0,3.615972937830397,186.68463064862712,9573.348866786771,0,0
exp_070,26,s1,s2,0.14505029084508117,0,3.0963438656241236,110.40144026250528,13826.119242017867,0,0
exp_070,27,s1,s2,0.04995156830639672,0,1.3938706878376605,128.77824556178228,13856.393033815675,0,0
exp_070,28,s1,s2,0.06368141794254131,0,4.109916905083331,105.50191798920788,12972.785079193332,0,0
exp_070,29,s1,s2,0.038822929926171076,0,1.726029699147853,47.36069593453004,5383.105492579303,0,0
exp_070,30,s1,s2,0.05657485497686726,0,2.7848159500882494,84.80623490035052,12874.831774218828,0,0
exp_070,31,s1,s2,0.06829583576975333,0,1.845063683107687,76.677111933013,13662.801064074363,0,0
exp_070,32,s1,s2,0.23401808636246285,0,3.8246376995823574,101.8280941748548,9647.889625282707,0,0
exp_070,33,s1,s2,0.011344026196402788,0,1.492712056701572,151.61467803709738,11483.090032698734,0,0
exp_070,34,s1,s2,0.07092280336757792,0,1.8798673564101738,66.75530841111413,5810.437438094518,0,0
exp_070,35,s1,s2,0.15250556866265147,0,3.171145795083677,165.85663831098972,6570.946728147891,0,0
exp_070,36,s1,s2,0.03058854818832961,0,3.075863516278605,66.41088812081269,7619.139575525726,0,0
exp_070,37,s1,s2,0.31567206762106503,0,3.475992571316438,103.82007691753901,12855.766297789616,0,0
exp_070,38,s1,s2,0.12840439771298623,0,3.36633047197417,157.6927098759754,5111.212931876632,0,0
exp_070,39,s1,s2,0.04983451349337826,0,2.6624435851522223,27.803998255332697,9705.495241659544,0,0
exp_070,40,s1,s2,0.013677214315832777,0,3.4178356802066543,129.18572605439402,12988.929048579334,0,0
exp_070,41,s1,s2,0.03233874836684686,0,0.6800853411031649,72.64470661676901,13358.861003150727,0,0
exp_070,42,s1,s2,0.11452875002855041,0,3.7571473543144775,146.52134635779234,7166.155826071407,0,0
exp_070,43,s1,s2,0.23555281750725038,0,1.1219649682277373,87.89742170002086,11548.335881050682,0,0
exp_070,44,s1,s2,0.023794246833222253,0,1.6321572220662492,92.2423013722803,9965.041235646611,0,0
exp_070,45,s1,s2,0.016150558141132882,0,2.8684356234165493,12.322292887803666,5211.39741048806,0,0
exp_070,46,s1,s2,0.14512494107934,0,3.34425767999224,85.76975213571366,5222.59827419861,0,0
exp_070,47,s1,s2,0.07595684130506147,0,2.283148769410552,137.8394184019401,12075.530602113298,0,0
exp_070,48,s1,s2,0.12760698625813757,0,1.6325441718782083,169.42869873693078,12850.647981492233,0,0
exp_070,49,s1,s2,0.09900280126376503,0,4.232669509717054,117.45493582895996,7446.380430945103,0,0
exp_070,50,s1,s2,0.026460110395154775,0,2.3195354551441545,90.94930274732769,8373.934693518635,0,0
exp_070,51,s1,s2,0.05213341092238072,0,1.3161431793051106,98.30858374696663,14068.424477048398,0,0
exp_070,52,s1,s2,0.03355823475774254,0,2.8195526776421946,157.61962214744895,12181.566959237305,0,0
exp_070,53,s1,s2,0.011754824970265077,0,3.5520993150068327,102.6739142688868,11662.512093647754,0,0
exp_070,54,s1,s2,0.17164067231329874,0,3.805335966951994,67.9482889490838,8512.533812028416,0,0
exp_070,55,s1,s2,0.06637400403938794,0,2.937195774751695,31.48473825599214,10157.018433056604,0,0
exp_070,56,s1,s2,0.09737270092047606,0,2.601593840148945,137.62921942164687,14841.367757584874,0,0
exp_070,57,s1,s2,0.18818370577340857,0,1.6092892959073675,75.30395277338069,5714.945774690212,0,0
exp_070,58,s1,s2,0.026704866346875702,0,2.6513096644557654,132.23549947850992,6379.798162920775,0,0
exp_070,59,s1,s2,0.0022935611183739135,0,2.0217878719507123,65.13767285717898,6022.023455453086,0,0
exp_070,60,s1,s2,0.3017687560950939,0,3.1115862169105593,131.57115000577622,5828.129635950794,0,0
exp_070,61,s1,s2,0.003192623912067007,0,3.211414415080088,54.69144845671661,5618.716049044614,0,0
exp_070,62,s1,s2,0.08396551993399295,0,2.057083026263843,120.40636219084615,9884.327427497237,0,0
exp_070,63,s1,s2,0.33209066023029976,0,3.5110856481800043,138.49638891052496,10177.351244593374,0,0
exp_070,64,s1,s2,0.0501328788355036,0,4.548662176753542,85.78829503020185,10542.979617584046,0,0
exp_070,65,s1,s2,0.14466984447503337,0,3.079645272142761,113.31650954627727,11031.035574102063,0,0
exp_070,66,s1,s2,0.05211486373816404,0,2.5029486743424942,40.091518717838085,10200.971905153647,0,0
exp_070,67,s1,s2,0.0035477610924090374,0,4.129426880611513,96.22718402703,14766.243625336245,0,0
exp_070,68,s1,s2,0.19348126607715313,0,2.6787960108083424,84.72973905200847,8933.12201239551,0,0
exp_070,69,s1,s2,0.025544784987073445,0,2.4097345782892288,112.50276769299018,9437.192495366791,0,0
exp_070,70,s1,s2,0.03289989758350735,0,4.307650095762143,120.99769175243611,14235.6314168147,0,0
exp_070,71,s1,s2,0.3320153968703588,0,3.9399983392057663,80.3459655966291,10919.630687122102,0,0
exp_070,72,s1,s2,0.11784851080418804,0,3.0684545426282437,132.30900845542425,8360.033175415978,0,0
exp_070,73,s1,s2,0.04135949565658042,0,3.8070381432862286,156.6906416830935,12294.80091268501,0,0
exp_070,74,s1,s2,0.029168407569371436,0,3.5347386423573948,60.254416425360745,7984.807291614935,0,0
exp_070,75,s1,s2,0.02515895207268677,0,2.5112767656146215,80.16526945573227,9268.15655675178,0,0
exp_070,76,s1,s2,0.030238777320866574,0,3.31792423605652,133.1023635241538,12438.62044718011,0,0
exp_070,77,s1,s2,0.051686128863703766,0,3.0201870894068046,226.77583956649124,6674.514605225155,0,0
exp_070,78,s1,s2,0.004903657432924574,0,2.253259418590525,118.0874755453531,5573.491532072346,0,0
exp_070,79,s1,s2,0.05831585897912872,0,3.8615859004970385,138.13764176475735,13734.696067160534,0,0
exp_070,80,s1,s2,0.02221615617472812,0,3.2597450485123147,86.93402206653658,9989.592724848557,0,0
exp_070,81,s1,s2,0.006886398840682823,0,2.8093035455651094,46.927988925413665,10305.068116040808,0,0
exp_070,82,s1,s2,0.2946797681972066,0,2.8641729886239977,25.44275934900041,7258.894692773875,0,0
exp_070,83,s1,s2,0.0817352344089462,0,3.14108155177124,142.61752182431562,10100.705389649529,0,0
exp_070,84,s1,s2,0.138681212280808,0,4.7583386935713055,136.63443913801197,13189.607606843992,0,0
exp_070,85,s1,s2,0.1007961629114093,0,4.3390735150043795,141.17301131992477,5522.365564441106,0,0
exp_070,86,s1,s2,0.04816075076634323,0,1.7090559853587155,108.40327071499105,8232.743152785852,0,0
exp_070,87,s1,s2,0.12625912578870982,0,1.923413744633643,189.896427626131,14380.761914272074,0,0
exp_070,88,s1,s2,0.1491862967241261,0,2.7438113034201734,13.966789232367748,13780.345058027573,0,0
exp_070,89,s1,s2,0.0022720275222483633,0,1.5435545569970435,122.13314829113655,5638.201178532309,0,0
exp_070,90,s1,s2,0.24402516754241926,0,2.5239321893505227,123.92263815337658,13369.464896609206,0,0
exp_070,91,s1,s2,0.015832468659541583,0,4.767289657898326,90.66989274405036,10338.055966398717,0,0
exp_070,92,s1,s2,0.19023383444909825,0,1.8493219597143804,198.81854839645342,14251.620902291506,0,0
exp_070,93,s1,s2,0.0036969691855632102,0,5.1223593729277965,92.3430914668215,13360.583904180348,0,0
exp_071,0,s1,s2,0.09142900536093672,0,1.8604593022603102,91.17251455085088,10535.032333488667,0,0
exp_071,1,s1,s2,0.37919417356774504,0,3.686873418972168,139.8508352416937,11433.088027296295,0,0
exp_071,2,s1,s2,0.04275706555259761,0,2.5031825345139556,70.20477470676214,5063.220895426502,0,0
exp_071,3,s1,s2,0.1119265365442918,0,2.4008776072944595,140.42882029952915,5918.503996442719,0,0
exp_071,4,s1,s2,0.040906217152363276,0,2.5760408425564627,10.26541705420615,7641.020543210109,0,0
exp_071,5,s1,s2,0.04151105340472796,0,2.7308306695041087,133.20966351367963,12855.18046729897,0,0
exp_071,6,s1,s2,0.09830549285896661,0,4.0339758172966205,73.57016425408115,10950.760695962648,0,0
exp_071,7,s1,s2,0.0008656083627442097,0,3.019071400753713,98.37219528892908,9465.277895851943,0,0
exp_071,8,s1,s2,0.052004766931825055,0,2.8327133228488877,91.35517824295958,12977.524500959005,0,0
exp_071,9,s1,s2,0.17661919261046943,0,1.2293074979002647,125.9298367228765,14327.008166678303,0,0
exp_071,10,s1,s2,0.0978066116645439,0,4.06686558764159,92.8558513606014,8382.332832327213,0,0
exp_071,11,s1,s2,0.1296640792991928,0,2.0542618796277816,121.43860950677706,12749.03827254405,0,0
exp_071,12,s1,s2,0.011937694435612316,0,4.992982119844491,119.67475367519879,12281.083903440927,0,0
exp_071,13,s1,s2,0.0008437016012923172,0,3.21216953886412,56.538981067407626,5065.345401429091,0,0
exp_071,14,s1,s2,0.23958595048892029,0,1.3000201933756537,96.37266923632447,8938.211695975993,0,0
exp_071,15,s1,s2,0.19023094980798472,0,3.401462499205369,171.32486363592912,10855.027576644867,0,0
exp_071,16,s1,s2,0.1511640473406177,0,3.1701064786573427,24.068347549846216,8193.526154508092,0,0
exp_071,17,s1,s2,0.009928163507740687,0,2.147668388565848,112.42266314763822,10701.038425901736,0,0
exp_071,18,s1,s2,0.08874532041964933,0,3.243879861831207,138.97170360124142,14855.878408815013,0,0
exp_071,19,s1,s2,0.0031483009680889915,0,2.271395684643881,173.20446753344007,11113.077653925895,0,0
exp_071,20,s1,s2,0.03703944446381724,0,3.495589710199775,62.207030662278775,14046.203802700868,0,0
exp_071,21,s1,s2,0.020282934374561717,0,2.7912132432620624,43.28736484219703,8374.574823583995,0,0
exp_071,22,s1,s2,0.04918039388816887,0,3.7675139022007116,160.26724847133406,14686.869644628192,0,0
exp_071,23,s1,s2,0.020515568656227643,0,0.8381921361865738,191.9152758075753,14188.561089257497,0,0
exp_071,24,s1,s2,0.0010676018902787848,0,2.9879917633631603,114.4926602438419,11255.396472335975,0,0
exp_071,25,s1,s2,0.044636922444675424,0,3.2002500931668343,156.94131198856496,11628.10936249765,0,0
exp_071,26,s1,s2,0.10466976053555804,0,2.3517192241477973,89.60189960533978,13077.0622609405,0,0
exp_071,27,s1,s2,0.034209027514606236,0,3.3328892293637407,153.4572432006619,8537.03958097478,0,0
exp_071,28,s1,s2,0.09020110460529673,0,4.350770130553872,147.54304788828586,13223.381345070713,0,0
exp_071,29,s1,s2,0.017406169423651075,0,2.876330428417296,130.8027839315588,13604.502983763774,0,0
exp_071,30,s1,s2,0.024907641426216612,0,3.067305304659352,78.39030482523474,8246.66279072439,0,0
exp_071,31,s1,s2,0.41644669608958007,0,3.190136244902059,235.3234786744379,8500.758048335614,0,0
exp_071,32,s1,s2,0.009298530258553197,0,2.3318876003669695,71.83918072362081,12456.668371560485,0,0
exp_071,33,s1,s2,0.15138840486927277,0,2.9941364966786903,151.3148292634556,9149.360209091652,0,0
exp_071,34,s1,s2,0.24741865286791362,0,1.4661352582057938,141.48915039745015,10644.640277151673,0,0
exp_071,35,s1,s2,0.484716820799715,0,2.5339519799902845,137.2324474558158,14529.54425917217,0,0
exp_071,36,s1,s2,0.39879386130925853,0,3.348496252428501,88.15859785988516,13832.02717698832,0,0
exp_071,37,s1,s2,0.004056533291278926,0,1.7745454527810884,153.3964550940038,11746.126264918757,0,0
exp_071,38,s1,s2,0.24482896409124769,0,0.3432260048860023,98.105287144197,14215.312711874172,0,0
exp_071,39,s1,s2,0.36540884506743754,0,2.7587962965243364,69.07521574728297,12625.741224303267,0,0
exp_071,40,s1,s2,0.15007493595693067,0,3.436824717192388,151.8945457383871,8516.560558451796,0,0
exp_071,41,s1,s2,0.018117479905797217,0,3.074792263185806,68.89989903860425,7613.03584905815,0,0
exp_071,42,s1,s2,0.17860965352470848,0,4.298370004446754,53.44202991249051,10395.234215262772,0,0
exp_071,43,s1,s2,0.07798459844310322,0,2.9052468536846554,157.30852254628743,13455.995341444806,0,0
exp_071,44,s1,s2,0.04516559077139344,0,2.8240216685432293,35.728005074575805,9983.557813770221,0,0
exp_071,45,s1,s2,0.06508220557707942,0,3.2790625086852927,166.51582130181083,13884.44071758803,0,0
exp_071,46,s1,s2,0.07219284047205392,0,2.5460584527784733,83.13605152342775,13683.62820944621,0,0
exp_071,47,s1,s2,0.005781217927682096,0,4.0540356825285855,-23.233724233463594,5198.747310226007,0,0
exp_071,48,s1,s2,0.07248157105094714,0,4.360611204852284,73.587685251009,13299.566217462232,0,0
exp_071,49,s1,s2,0.11550792689477625,0,1.5074040058695897,93.03148458630494,13471.148673025602,0,0
exp_071,50,s1,s2,0.04180476473515761,0,3.6750818408121937,88.33989849704089,14755.97255597913,0,0
exp_071,51,s1,s2,0.22840671767083603,0,1.952591949583948,151.9073348010045,14529.570488998763,0,0
exp_071,52,s1,s2,0.2092541627245511,0,2.9323472234012185,19.081171716626887,5700.556606255502,0,0
exp_071,53,s1,s2,0.30642009239092194,0,1.4676196010300762,121.88167150364882,7923.993136238757,0,0
exp_071,54,s1,s2,0.3945392248625452,0,1.7241938072344813,192.98237468018067,9998.454617855381,0,0
exp_071,55,s1,s2,0.010375078128384549,0,3.1591119661603053,63.53111303815771,10120.040364403165,0,0
exp_071,56,s1,s2,0.04449648386165361,0,2.246760009897742,105.82692138082216,14439.911714315464,0,0
exp_071,57,s1,s2,0.034773175060764994,0,4.56187012065606,72.69084936364388,7723.483474550398,0,0
exp_071,58,s1,s2,0.0572570933006384,0,2.8048160489007055,120.49349946374831,12947.197532647098,0,0
exp_071,59,s1,s2,0.017175779727399476,0,2.8224914745108087,34.88668810155051,7341.022504663863,0,0
exp_071,60,s1,s2,0.2333333762928351,0,3.122757821409358,71.65250583947919,11042.2939614952,0,0
exp_072,0,s1,s2,0.030610513331320657,0,4.544542868105989,78.28001945364817,14712.553798928933,0,0
exp_072,1,s1,s2,0.1001270292072105,0,3.34259393588549,107.40529456670482,10165.544460165725,0,0
exp_072,2,s1,s2,0.03855152532670561,0,2.365510451242551,42.96221114004615,12821.116211303906,0,0
exp_072,3,s1,s2,0.23423810174225684,0,1.2284778884388177,80.03219915605645,8532.107243178554,0,0
exp_072,4,s1,s2,0.10687059183958919,0,3.1671892587355064,39.72529063389927,10884.432980185797,0,0
exp_072,5,s1,s2,0.12305075932450377,0,2.1706258459613075,110.68991956950069,11887.988877209356,0,0
exp_072,6,s1,s2,0.002198739140883262,0,1.6295434490056608,9.372833729501174,6166.30481990137,0,0
exp_072,7,s1,s2,0.0009906042663631075,0,2.9051285703602736,62.11875167862063,7403.542419677537,0,0
exp_072,8,s1,s2,0.007147494693544934,0,3.1983165825478377,16.195523633765742,12421.388389509604,0,0
exp_072,9,s1,s2,0.05310306218994187,0,4.430720497635581,183.64857231495017,13963.145077310173,0,0
exp_072,10,s1,s2,0.019771252009499474,0,5.259698345797133,79.79966764036237,10197.223250546673,0,0
exp_072,11,s1,s2,0.05984582588998705,0,1.8834250280674092,202.97875168245054,12553.821213065668,0,0
exp_072,12,s1,s2,0.07193571739448924,0,2.8456475144974527,66.02303352852721,12302.646978151344,0,0
exp_072,13,s1,s2,0.1847499970020504,0,1.854689408682051,98.26906482947196,11522.431809985277,0,0
exp_072,14,s1,s2,0.0073376293758793155,0,2.965260523507858,106.82280622769566,5157.966950027396,0,0
exp_072,15,s1,s2,0.0736659662247616,0,3.3596426379347024,62.077494144765296,9975.514249485495,0,0
exp_072,16,s1,s2,0.14001782020805154,0,3.842228034488622,73.27063658159015,11508.205454707164,0,0
exp_072,17,s1,s2,0.43989468101728335,0,2.5756162881771965,146.10989229663824,9312.463640071883,0,0
exp_072,18,s1,s2,0.25992172625579524,0,1.215138489661876,73.79753096866946,5594.954945782006,0,0
exp_072,19,s1,s2,0.05850739575860597,0,1.727814971312775,142.70054387241117,12177.793973032289,0,0
exp_072,20,s1,s2,0.0650593466554094,0,2.8323892288296895,108.87219754980745,12570.79663265057,0,0
exp_072,21,s1,s2,0.269640689886688,0,2.411208616634341,175.55230110293394,7304.557669443138,0,0
exp_072,22,s1,s2,0.010354817748876479,0,2.04773747550265,118.98011563841541,13383.040156287234,0,0
exp_072,23,s1,s2,0.32374814076419595,0,2.670135090665786,51.535606991771196,14372.721054692693,0,0
exp_072,24,s1,s2,0.06362085572119709,0,4.648145553167456,111.79132178423427,7105.33410908763,0,0
exp_072,25,s1,s2,0.38703567633183517,0,2.4494189152726475,122.83476038150778,6110.695771687719,0,0
exp_072,26,s1,s2,0.27326640567296556,0,2.859583280252423,102.81525313069334,6419.872205234408,0,0
exp_072,27,s1,s2,0.004901089601605911,0,2.9979084947192964,123.06882025335068,9621.484386619042,0,0
exp_072,28,s1,s2,0.31185502020618533,0,6.517967370993585,145.9290942557209,14840.971633533336,0,0
exp_072,29,s1,s2,0.011814434476136367,0,0.9207408571351321,82.65737938580959,14554.212485986196,0,0
exp_072,30,s1,s2,0.06645661548681235,0,4.834085396393409,64.02961544639435,10619.02998354949,0,0
exp_072,31,s1,s2,0.18965154592258124,0,3.3291260848016915,159.71544378459765,10713.149364569912,0,0
exp_072,32,s1,s2,0.032595830463149136,0,4.652469921443204,47.103099585843076,14456.631000857133,0,0
exp_072,33,s1,s2,0.06962114112893453,0,1.0432674756116043,116.79857842032786,12956.9676190738,0,0
exp_072,34,s1,s2,0.05887778173549233,0,2.2605266943179196,97.89759041954332,9380.100612387909,0,0
exp_072,35,s1,s2,0.008428277240016654,0,2.2822850921205946,80.72231155071567,8344.80924437359,0,0
exp_072,36,s1,s2,0.02579787431974881,0,2.249295687840805,77.067713233386,9396.076130146628,0,0
exp_072,37,s1,s2,0.06883118366444317,0,3.142907858139938,161.9563449270614,7287.575290039068,0,0
exp_072,38,s1,s2,0.13314111653475622,0,4.022743732190931,59.561737133081635,8871.640582061018,0,0
exp_073,0,s1,s2,0.0043645558164685,0,3.5273496694674,1.8539432922537902,5741.351780666564,0,0
exp_073,1,s1,s2,0.12145511280286332,0,2.5765984724245055,119.69957464851666,12334.630010602808,0,0
exp_073,2,s1,s2,0.10390238781509092,0,1.8303042390515887,84.44158618627753,14548.78362284188,0,0
exp_073,3,s1,s2,0.06236415984614441,0,3.5825234949282647,57.764591267179874,11078.979555495465,0,0
exp_073,4,s1,s2,0.1693896132780384,0,4.788975978128802,115.85415677840874,9411.105149923318,0,0
exp_073,5,s1,s2,0.04412586944283584,0,2.838987584905576,57.788889073084384,14406.188029304483,0,0
exp_073,6,s1,s2,0.011968291840748923,0,2.1188600853500716,195.2194491443162,8768.92417479212,0,0
exp_073,7,s1,s2,0.023501343812251645,0,3.0661878227618033,34.23244053299056,8774.37213158775,0,0
exp_073,8,s1,s2,0.06763773512184366,0,2.4489239625535326,44.07091446368785,14964.176708532308,0,0
exp_073,9,s1,s2,0.04589779609177169,0,2.693234924242934,97.21136789817008,8808.257968505297,0,0
exp_073,10,s1,s2,0.14413477309509692,0,5.137196964233365,110.61267051254218,10565.52138442311,0,0
exp_073,11,s1,s2,0.011148038209141316,0,4.235525136237807,46.61315633992831,10479.389042999192,0,0
exp_073,12,s1,s2,0.11238103161188649,0,1.8559700764205518,73.88964983436301,13298.140368662334,0,0
exp_073,13,s1,s2,0.04720876543439738,0,1.820621431528882,176.9730716552861,14272.535572765393,0,0
exp_073,14,s1,s2,0.482075669193711,0,4.141604149066287,183.21866098549833,13408.2697958657,0,0
exp_073,15,s1,s2,0.07261494027909636,0,2.75928299755526,151.08235914823814,5318.970882652799,0,0
exp_073,16,s1,s2,0.26116997131364844,0,3.0875387099600045,190.05339818050024,14448.937379326515,0,0
exp_073,17,s1,s2,0.2178316861417102,0,3.268332806985367,57.76755834053209,10381.041377360047,0,0
exp_073,18,s1,s2,0.14982265193881253,0,2.463359415575576,70.79712118436396,7914.163717463696,0,0
exp_073,19,s1,s2,0.0462659222840652,0,2.5777750534606896,110.24210651821728,9865.472756609583,0,0
exp_073,20,s1,s2,0.06904382158667063,0,1.4629272222844008,147.00393317485498,7597.888955060505,0,0
exp_073,21,s1,s2,0.06614254970858087,0,2.6444397814276535,106.23070524820204,7935.818416510501,0,0
exp_073,22,s1,s2,0.15479210531715995,0,3.634275563347225,98.89025957941695,13675.417292674025,0,0
exp_073,23,s1,s2,0.0421510619625384,0,2.055083171148092,147.36714905286408,6752.964898600869,0,0
exp_073,24,s1,s2,0.2128802947126435,0,1.8585942251694094,71.18396242181007,14649.764996488268,0,0
exp_073,25,s1,s2,0.003152039538722778,0,2.6156051352793357,94.45784338049769,10041.002969251076,0,0
exp_073,26,s1,s2,0.05127865804173709,0,1.1728558832446927,108.38170451364954,13721.756388062635,0,0
exp_073,27,s1,s2,0.09277050802777072,0,1.6646852403704124,111.46642471953317,5405.9151347110965,0,0
exp_073,28,s1,s2,0.06187912795466373,0,1.9251479826952043,104.04207411130555,5593.96628997622,0,0
exp_073,29,s1,s2,0.02434487508543554,0,4.336919964347845,87.96991432987808,11639.882276638518,0,0
exp_073,30,s1,s2,0.11376036388351474,0,0.8607629803280652,57.03849029467879,14472.34999265038,0,0
exp_073,31,s1,s2,0.007474457268783956,0,2.451241311743849,166.19062874968185,13296.198274694436,0,0
exp_073,32,s1,s2,0.06830144828259223,0,2.8635972838559605,165.93539258712235,9018.595085224855,0,0
exp_073,33,s1,s2,0.3316171687157162,0,4.174718929431116,74.76992051115077,5670.326023063251,0,0
exp_073,34,s1,s2,0.006469705961537813,0,5.020730131725244,26.921593823413037,11085.329847811905,0,0
exp_073,35,s1,s2,0.003706456918190366,0,2.2581895032420425,119.71818650518782,14553.449799797218,0,0
exp_073,36,s1,s2,0.04057882923422235,0,2.110891641701664,49.193415047476016,14373.534403607038,0,0
exp_073,37,s1,s2,0.06594053153014225,0,4.843445460729258,8.636135612648555,14307.61903040977,0,0
exp_073,38,s1,s2,0.03686605754103091,0,3.365257925254745,38.95597341456145,9916.747722879234,0,0
exp_073,39,s1,s2,0.0063971498460425845,0,5.683400565500246,147.1552650892252,11941.506101778825,0,0
exp_073,40,s1,s2,0.5413072898013279,0,3.3504292790790466,-34.66429701934721,5750.023120253448,0,0
exp_073,41,s1,s2,0.17813423220244592,0,1.6825605911850259,38.556011329756444,8286.089806949405,0,0
exp_073,42,s1,s2,0.3005572446292124,0,2.364802804157318,116.72232323308909,8863.622271271453,0,0
exp_073,43,s1,s2,0.034151784385065546,0,2.9341120532937706,193.4608380500344,11165.013487721439,0,0
exp_073,44,s1,s2,0.0008769414898683603,0,3.8956448056451127,121.55188794905939,9782.503886916582,0,0
exp_073,45,s1,s2,0.002041505566660098,0,4.216070287262273,191.2871259953308,7096.696541745668,0,0
exp_073,46,s1,s2,0.31385233490339026,0,2.7600399961331203,122.53058711207204,11588.647640728128,0,0
exp_073,47,s1,s2,0.19326320546458953,0,1.690632416320759,62.75106121780372,7561.899424014155,0,0
exp_073,48,s1,s2,0.1717337691120659,0,4.793601547264606,84.62015404468467,11503.007884363578,0,0
exp_073,49,s1,s2,0.03656085924872983,0,2.640016074916555,85.95889561808852,5238.856184292504,0,0
exp_073,50,s1,s2,0.008474821294608545,0,3.867911605848878,50.478293399052085,6549.189361910372,0,0
exp_073,51,s1,s2,0.07410680119514566,0,3.075933036040071,18.0641260303014,12500.11175466491,0,0
exp_073,52,s1,s2,0.03092205415110227,0,4.297245900094086,55.75960978835318,10463.38095965995,0,0
exp_073,53,s1,s2,0.00993415841040274,0,2.1916185691012307,146.88312655806828,8850.577345418713,0,0
exp_073,54,s1,s2,0.028127189400227987,0,4.812307355687926,118.90958489075452,13032.163614105335,0,0
exp_073,55,s1,s2,0.25526153339685653,0,3.5844266736393764,90.49065678550286,11169.547442848054,0,0
exp_073,56,s1,s2,0.04936318606384807,0,3.1951412421131375,147.45542587533296,9542.835286797701,0,0
exp_073,57,s1,s2,0.0011568204736009291,0,2.6000301654712636,110.29175228290205,7893.928280219343,0,0
exp_073,58,s1,s2,0.32621576787182965,0,2.5292927965712173,56.88624189041232,14323.39359805153,0,0
exp_073,59,s1,s2,0.041201222091466025,0,4.163659254571804,32.62664091180402,6313.572398648413,0,0
exp_073,60,s1,s2,0.3602764502121756,0,3.8866918850792387,65.08691054618905,7876.143500217629,0,0
exp_073,61,s1,s2,0.03220974242773884,0,5.603874414207352,137.21873134972955,13158.435210640067,0,0
exp_073,62,s1,s2,0.006210435508068296,0,1.8485037720176778,72.37828781128619,8578.775107218196,0,0
exp_073,63,s1,s2,0.043743060347071275,0,1.6384024875715493,47.886778224354806,12639.780976739594,0,0
exp_073,64,s1,s2,0.11702359686283513,0,2.0783413213592077,79.33432194522014,10182.803673409924,0,0
exp_073,65,s1,s2,0.2511426660803949,0,3.3482802855667684,74.09260975997262,10993.790621341188,0,0
exp_073,66,s1,s2,0.08881652987559562,0,3.7228808238512054,69.98587885463155,11207.992281535078,0,0
exp_073,67,s1,s2,0.05256780267924545,0,3.3268045960400867,105.93527950606395,10168.753368273998,0,0
exp_073,68,s1,s2,0.2814742212788371,0,2.734920344451549,210.80987913726318,11441.704402114243,0,0
exp_073,69,s1,s2,0.09226636082333359,0,4.581411991946968,0.8740929127764585,12032.486729610782,0,0
exp_073,70,s1,s2,0.18255207767307108,0,2.384672694751946,247.0524040582726,5541.988032027678,0,0
exp_073,71,s1,s2,0.1001049402705459,0,2.862745173933857,130.98365347726488,13943.601892269522,0,0
exp_073,72,s1,s2,0.167718883149109,0,3.446999679074905,73.6819831302334,10167.060815393846,0,0
exp_073,73,s1,s2,0.2508730441218036,0,2.74877945796886,89.59571009229009,7412.803995520102,0,0
exp_073,74,s1,s2,0.0061478366002569425,0,1.8344441487430394,51.67850394701504,9162.150993377878,0,0
exp_073,75,s1,s2,0.0621714732704067,0,3.341983057967596,49.10967803492824,7235.673988099946,0,0
exp_073,76,s1,s2,0.01300274459889936,0,2.0135615153807622,81.74211198746391,13827.927019948731,0,0
exp_073,77,s1,s2,0.17398792054769513,0,3.079829958768167,65.2305338508984,7953.555403600566,0,0
exp_073,78,s1,s2,0.02138686197295994,0,3.951612319549117,71.61295785373022,5578.553708778769,0,0
exp_073,79,s1,s2,0.10447873462313183,0,2.893494750817468,142.37870089413465,14015.13930188381,0,0
exp_073,80,s1,s2,0.23730121611019675,0,2.1022366088362476,211.40428045171907,12376.636490277235,0,0
exp_073,81,s1,s2,0.24795924576515616,0,1.9511189603093957,132.51383067267105,13200.557464538422,0,0
exp_073,82,s1,s2,0.3026879549129329,0,4.663712756492362,62.225549822471514,10181.663490357249,0,0
exp_074,0,s1,s2,0.07939326580426022,0,4.576902179810706,171.90628374523078,10001.973458645038,0,0
exp_074,1,s1,s2,0.06807719121837151,0,3.0639589978962443,140.03515847304163,11173.002024138588,0,0
exp_074,2,s1,s2,0.031056782072138047,0,0.9146650593946446,151.37204918463254,11039.04195560477,0,0
exp_074,3,s1,s2,0.044655596653686264,0,4.174795934997459,83.31227686043519,7502.0071777943585,0,0
exp_074,4,s1,s2,0.005419315637899748,0,3.43836513732889,99.84012407765654,5641.585615351367,0,0
exp_074,5,s1,s2,0.007263143957213199,0,1.521324862397702,128.1369208797353,9102.312336372253,0,0
exp_074,6,s1,s2,0.17749445536384786,0,3.638660640085409,56.14830200821238,10044.855132675562,0,0
exp_074,7,s1,s2,0.23534331435096956,0,2.9850810941930845,123.45892335201422,10846.470591154668,0,0
exp_074,8,s1,s2,0.13698012856775207,0,1.9177450704017005,64.09261224655141,14646.851724430053,0,0
exp_074,9,s1,s2,0.056671788284695615,0,1.838327984805556,117.46568987268451,5301.39693177079,0,0
exp_074,10,s1,s2,0.03445804227583318,0,3.889145918816543,74.98809541001314,9418.453232570957,0,0
exp_074,11,s1,s2,0.10623133854335585,0,3.201500452147988,-4.427712633177849,7937.794465503265,0,0
exp_074,12,s1,s2,0.006306159883800418,0,2.572149667872539,63.14539825854359,14762.537839761299,0,0
exp_074,13,s1,s2,0.3371798308195747,0,2.482714904842176,131.6820929952561,9416.021405418225,0,0
exp_074,14,s1,s2,0.057943078201397796,0,2.508477922666062,93.8966445396045,10345.273742243176,0,0
exp_074,15,s1,s2,0.00755989207383173,0,3.620208553127391,148.94029186409819,8527.370066435347,0,0
exp_074,16,s1,s2,0.10416736485786215,0,2.228669420892288,56.1412614889418,8141.335169254049,0,0
exp_074,17,s1,s2,0.1594606444111617,0,3.3070547362447544,29.251469153533428,7004.67114421485,0,0
exp_074,18,s1,s2,0.03355250804026949,0,3.6834124021554575,37.66567530648957,10267.289444557804,0,0
exp_074,19,s1,s2,0.12776162799332802,0,2.2717753357429005,117.06515253344514,7463.05224423956,0,0
exp_074,20,s1,s2,0.03648311908174833,0,3.698278827797027,168.4463408710826,6842.654365258289,0,0
exp_074,21,s1,s2,0.09110241512378102,0,2.1838482042991734,176.45188251211044,7459.529140278521,0,0
exp_074,22,s1,s2,0.11362604903600189,0,2.286585421697889,109.3714377675212,11666.796402337543,0,0
exp_074,23,s1,s2,0.06704427535115945,0,2.2684052625067803,129.96668428848096,7582.164179013764,0,0
exp_074,24,s1,s2,0.07837564529781675,0,0.6067887358755755,80.76487457624471,12460.333144297889,0,0
exp_074,25,s1,s2,0.08318382928234218,0,2.2173708021476277,123.72995637439192,12289.882951455373,0,0
exp_074,26,s1,s2,0.06190199807773318,0,2.9600011335696403,78.00696059730518,8258.797605550853,0,0
exp_074,27,s1,s2,0.4377999547345966,0,3.1704229118823086,109.64187348328238,10011.165490312454,0,0
exp_074,28,s1,s2,0.1645518557389759,0,3.430307051969219,17.297184718336656,8929.1806131941,0,0
exp_074,29,s1,s2,0.01879476474305113,0,3.103754232883452,61.91652592388027,5976.391348802062,0,0
exp_074,30,s1,s2,0.12658591892602827,0,4.698298396059252,89.66494615888314,7868.396610330268,0,0
exp_074,31,s1,s2,0.2535331096044214,0,2.906984325922978,127.31754640606842,5505.633241059724,0,0
exp_074,32,s1,s2,0.09646293239759254,0,3.33502700785996,92.07584720157524,12946.619250543034,0,0
exp_074,33,s1,s2,0.10486621807320456,0,3.9920325163111166,46.89206059895117,7891.68266759204,0,0
exp_074,34,s1,s2,0.0038357309511452896,0,-0.028720117498606257,212.8810318775207,12630.059730262334,0,0
exp_074,35,s1,s2,0.200748472194361,0,2.2882491175512207,-2.5018331920191095,9704.004196445281,0,0
exp_074,36,s1,s2,0.039189374365067906,0,3.153029792307162,184.26120596018086,14139.557743886398,0,0
exp_074,37,s1,s2,0.10507104386345517,0,2.4673778950355767,77.11005062096908,8723.843379162921,0,0
exp_074,38,s1,s2,0.04260656602548926,0,1.7618723611040459,81.83005540927842,14782.226700264893,0,0
exp_074,39,s1,s2,0.015748429851159238,0,1.3361346432878274,59.43636338995321,8820.246377394185,0,0
exp_074,40,s1,s2,0.06893092444141252,0,4.482204208530675,189.07547235472808,11307.13670121113,0,0
exp_074,41,s1,s2,0.18614162346038754,0,3.3260439396779753,126.57252375647691,5789.42242924404,0,0
exp_074,42,s1,s2,0.3251719096459524,0,3.0861193466690553,109.09989142611681,10174.390714019239,0,0
exp_074,43,s1,s2,0.028850689030170865,0,3.4986510651401814,116.91495637292239,11651.876008899379,0,0
exp_074,44,s1,s2,0.09917490114490445,0,2.4746424449713116,43.291717933134564,12231.362220325122,0,0
exp_074,45,s1,s2,0.0017043151781501672,0,4.2558364254759535,133.26295133733646,8347.044862707817,0,0
exp_074,46,s1,s2,0.007922479222511256,0,2.696040686048327,113.5412174477342,8708.011059697736,0,0
exp_074,47,s1,s2,0.12284502990373991,0,3.292640995260964,112.79907884159994,10304.171916111156,0,0
exp_074,48,s1,s2,0.0646018770541106,0,3.209438320918341,157.82684315963078,10786.50728415231,0,0
exp_074,49,s1,s2,0.05691141488714261,0,2.647595168201975,-15.166869115970538,8648.474936961273,0,0
exp_074,50,s1,s2,0.042090334169408515,0,2.226606559138056,35.50914331369912,10907.813406361061,0,0
exp_074,51,s1,s2,0.2419012023087977,0,3.51127574158076,121.5020918279925,13590.086106838577,0,0
exp_074,52,s1,s2,0.25323555091395933,0,2.7549372936482426,22.02982051487645,8851.976665764465,0,0
exp_074,53,s1,s2,0.04810678034876174,0,1.908034159714009,184.67094098393903,11163.303059172038,0,0
exp_074,54,s1,s2,0.04817189685945315,0,1.9458227604727985,32.24185022778967,13037.570560137598,0,0
exp_074,55,s1,s2,0.09189217806215977,0,1.3757118613278159,95.5174169984374,11739.091114551453,0,0
exp_074,56,s1,s2,0.12969877204082905,0,1.455099957085387,89.75396783698406,10572.383178632652,0,0
exp_074,57,s1,s2,0.029280082073171017,0,3.1655225851113684,128.2539022766339,7919.309616692149,0,0
exp_074,58,s1,s2,0.024300280784031292,0,3.9884959699784606,151.54884989000854,10971.322315085748,0,0
exp_074,59,s1,s2,0.09526980717419861,0,1.3512952793957094,161.205694986322,14374.144100074735,0,0
exp_074,60,s1,s2,0.0652539860465398,0,2.6619014467717412,54.251063537291735,11082.624850357326,0,0
exp_074,61,s1,s2,0.002292526166046716,0,3.290114242796961,148.68158149191956,7953.718762589948,0,0
exp_074,62,s1,s2,0.03728118374013014,0,1.3702661421610454,88.89441938252752,5043.419277609462,0,0
exp_074,63,s1,s2,0.0026916467908347785,0,2.1253924117449072,83.44488225525569,5223.636746470819,0,0
exp_074,64,s1,s2,0.19609069309967084,0,3.0246449221941027,10.869002838363883,6794.0908419162315,0,0
exp_074,65,s1,s2,0.004785182540293308,0,2.4444962665120062,118.134466028327,5257.169024036586,0,0
exp_074,66,s1,s2,0.08848655371441629,0,2.9643901778415223,86.40383729396389,7888.360484778162,0,0
exp_074,67,s1,s2,0.03848069423860695,0,5.687312414660401,131.43277820069326,11661.224849120279,0,0
exp_074,68,s1,s2,0.15971230083482338,0,4.39299030851397,128.66465280826077,9487.352943628755,0,0
exp_074,69,s1,s2,0.04640615431063479,0,3.2362639369563335,110.44931422637762,6378.066697869338,0,0
exp_074,70,s1,s2,0.0782328591010111,0,2.4386694233769926,112.37797774236533,14295.968167427516,0,0
exp_074,71,s1,s2,0.07341978943951581,0,1.9251806279584271,124.29478263680022,7644.346899554273,0,0
exp_074,72,s1,s2,0.012897176546310838,0,2.944218215377713,13.427817413483577,13336.295994572964,0,0
exp_074,73,s1,s2,0.07629762909265364,0,1.7839296814168146,192.88809277344907,14843.5386681707,0,0
exp_074,74,s1,s2,0.15130368978595668,0,2.352465614692965,129.4515177676993,10857.958722883059,0,0
exp_074,75,s1,s2,0.05931599051044714,0,1.9397954271809439,110.35512068500793,9568.916814111464,0,0
exp_074,76,s1,s2,0.0037644429531054555,0,3.112097059181218,83.69049291345296,14516.983734721798,0,0
exp_074,77,s1,s2,0.15023470288981722,0,2.320207467054238,97.63946310847079,5450.201494571042,0,0
exp_074,78,s1,s2,0.017184731699679982,0,2.931028237307644,116.19194519390427,13434.072918726451,0,0
exp_074,79,s1,s2,0.12212628831425157,0,3.561643861226098,106.61119993956332,7304.1157061902195,0,0
exp_074,80,s1,s2,0.06067670506249367,0,3.1553271112813315,154.72366064218252,7464.45139626111,0,0
exp_074,81,s1,s2,0.02343516490880434,0,4.305452576317717,181.62449481868435,10784.111510547811,0,0
exp_074,82,s1,s2,0.06431064669711203,0,3.417492117146464,146.17279707336954,12818.622814993934,0,0
exp_074,83,s1,s2,0.012275741913921126,0,3.4258275287708964,55.0232617326978,9940.217557411708,0,0
exp_074,84,s1,s2,0.13953442124212587,0,2.499901836912298,42.059298929284395,13884.97548549545,0,0
exp_074,85,s1,s2,0.2744421894614024,0,3.5623529137228305,112.79437411631112,12141.81591832639,0,0
exp_074,86,s1,s2,0.307772894469041,0,2.0243531862538227,107.00447727130792,7149.112697372947,0,0
exp_074,87,s1,s2,0.191161982745137,0,3.3735401023810287,100.23662428163226,6175.31109504971,0,0
exp_074,88,s1,s2,0.05318849289814244,0,3.1990505996454535,-3.701854681368455,11334.378188697185,0,0
exp_074,89,s1,s2,0.10836137395032946,0,1.9754911644563666,28.0545024625671,9503.712489466927,0,0
exp_074,90,s1,s2,0.1892493352631243,0,3.059838137202849,101.19422234302309,11427.864212970077,0,0
exp_074,91,s1,s2,0.030262444705006903,0,3.448876542408239,100.93863606706532,10280.765465677909,0,0
exp_074,92,s1,s2,0.04676186830572854,0,3.3782033919638095,95.27990499983198,12189.165267317057,0,0
exp_074,93,s1,s2,0.11621044953741398,0,3.3356861321572513,24.39590139442457,8567.451985223135,0,0
exp_074,94,s1,s2,0.02747020464616758,0,2.7514136904560775,142.0769239662665,7827.871624713978,0,0
exp_074,95,s1,s2,0.2684144189631174,0,3.628978679019027,61.23035565738958,11527.471444642628,0,0
exp_074,96,s1,s2,0.25318024069707834,0,3.5232109973995906,142.31241131036307,8145.7166069709565,0,0
exp_074,97,s1,s2,0.06843242399636061,0,2.340889856842542,139.08242968403312,6850.169432937917,0,0
exp_074,98,s1,s2,0.026425805530691827,0,3.0622443673576782,154.6692275888431,12151.03178557092,0,0
exp_074,99,s1,s2,0.08132725238562065,0,3.401510239937239,118.14309272071019,7327.904281532013,0,0
exp_074,100,s1,s2,0.061571915708860864,0,3.147298068465847,102.07578550077622,11826.893790961647,0,0
exp_074,101,s1,s2,0.22792105266368867,0,3.269241824998678,156.7781874600794,13936.553600618889,0,0
exp_074,102,s1,s2,0.04738859201143303,0,4.288496261497194,72.3199751536616,6345.43665635011,0,0
exp_074,103,s1,s2,0.03650315021411032,0,1.6425048406449165,192.19220661611877,14407.237098882286,0,0
exp_074,104,s1,s2,0.31822081183247275,0,6.185094482159845,110.523956191805,12246.270918237711,0,0
exp_074,105,s1,s2,0.06111339698817623,0,3.6010245829906955,62.29115558982396,12377.858893529983,0,0
exp_074,106,s1,s2,0.028101250142616344,0,3.3831328094727517,156.11620915999782,7363.0161031536545,0,0
exp_074,107,s1,s2,0.10556652887777802,0,2.22637207215819,56.108168979799196,13480.093068031561,0,0
exp_074,108,s1,s2,0.26520229910628645,0,3.2170193027961576,93.83704845804913,7387.988465023535,0,0
exp_074,109,s1,s2,0.01247329164629601,0,3.6740267552688337,90.95460239804638,7421.579997060287,0,0
exp_074,110,s1,s2,0.045486337543250425,0,2.0970929769814224,153.40912203891827,11843.681516795805,0,0
exp_074,111,s1,s2,0.0565770875366321,0,3.629566632469841,59.17520587076746,5270.3883335668415,0,0
exp_074,112,s1,s2,0.03457842139185656,0,2.387369762308749,-5.437838723099553,11798.692319761394,0,0
exp_074,113,s1,s2,0.06150848834104257,0,4.633212415978881,180.42012611565136,8732.716498960077,0,0
exp_074,114,s1,s2,0.2717665264347526,0,3.0978064508509817,127.23577503047588,5716.908802954319,0,0
exp_074,115,s1,s2,0.06755579112400976,0,2.9280480348596774,32.3622198142142,6884.831544985418,0,0
exp_074,116,s1,s2,0.12169069092267215,0,3.569674579218579,45.991357616392094,14169.623507294895,0,0
exp_074,117,s1,s2,0.028486778824588877,0,2.8359970820453517,131.9900043971065,14605.3081725259,0,0
exp_074,118,s1,s2,0.3553085657365119,0,3.4476941313561613,78.91118439518608,6934.210128335503,0,0
exp_074,119,s1,s2,0.025675284440557684,0,2.195101548196926,204.85573209130172,12909.44237168835,0,0
exp_074,120,s1,s2,0.04034623372332397,0,3.1637356200808626,82.23141192349003,13875.388849728597,0,0
exp_074,121,s1,s2,0.1587188240586025,0,1.2421772980197,96.11480728024466,5134.5152930471495,0,0
exp_074,122,s1,s2,0.07122310322335675,0,0.877101730502011,83.39630404765981,10780.72787972485,0,0
exp_074,123,s1,s2,0.1304952918268189,0,1.9473768443243196,144.65937643144974,10853.036886145932,0,0
exp_074,124,s1,s2,0.016107817797769104,0,3.2772895031138307,81.64707111449765,11937.459020955359,0,0
exp_074,125,s1,s2,0.14607114914712535,0,2.2246753871421077,85.49621662725924,7867.68960565526,0,0
exp_074,126,s1,s2,0.020021837070449945,0,3.6501259768485537,99.32563413092994,8278.711615825185,0,0
exp_074,127,s1,s2,0.0947005089644336,0,3.276000722396742,141.55915214317008,8621.991408697644,0,0
exp_074,128,s1,s2,0.46928138183594953,0,3.101400428977864,31.853339772546907,12967.054987367974,0,0
exp_074,129,s1,s2,6.49080184197677e-05,0,1.9500036673031556,145.42691036635847,6697.2672269187715,0,0
exp_075,0,s1,s2,0.5726172532429942,0,2.6240295547718837,35.4434518203541,6926.96792724169,0,0
exp_075,1,s1,s2,0.19705741305317612,0,3.8025435505438923,62.711429579166264,11284.542028680486,0,0
exp_075,2,s1,s2,0.04920240397380632,0,2.5266218377513705,54.71645207596474,12434.202588808663,0,0
exp_075,3,s1,s2,0.048118866791748885,0,5.2932722912717125,60.51632387400703,14128.875431702509,0,0
exp_075,4,s1,s2,0.028782243876129696,0,1.1368754923634814,74.45973289434468,9661.869248409255,0,0
exp_075,5,s1,s2,0.11922470131524679,0,4.263771601941553,96.61219368862405,10532.580993405041,0,0
exp_075,6,s1,s2,0.048737796777383956,0,2.651713771119495,171.58861945179498,10155.526361388098,0,0
exp_075,7,s1,s2,0.5234471856270838,0,3.471048181951216,118.9956516942855,10928.510280587136,0,0
exp_075,8,s1,s2,0.04280427761041553,0,2.967027220194271,101.35659888734027,13541.130070213316,0,0
exp_075,9,s1,s2,0.10899834432977562,0,4.055095250716744,133.29240688605077,9905.373371624119,0,0
exp_075,10,s1,s2,0.031082406199906057,0,2.0639767653439502,108.96164832020085,11748.051052609644,0,0
exp_075,11,s1,s2,0.06595981648302711,0,1.6367750026490424,100.50570242436646,5412.828280055009,0,0
exp_075,12,s1,s2,0.09448697096077913,0,2.976969863103163,207.078349834994,12657.312859463855,0,0
exp_075,13,s1,s2,0.0829462385557561,0,2.5300387263913953,138.61562166612524,7431.083309031154,0,0
exp_075,14,s1,s2,0.030265403961648913,0,1.2185165151766009,46.69938837037525,12746.825678678679,0,0
exp_075,15,s1,s2,0.07132378716050344,0,2.8835542699602437,111.60804550935693,8238.179864305917,0,0
exp_075,16,s1,s2,0.6746411147267509,0,4.1456634030301505,83.81823151843857,7833.932032242304,0,0
exp_075,17,s1,s2,0.02940418138084346,0,4.12127159018291,107.2265597985574,5974.732090401511,0,0
exp_075,18,s1,s2,0.08331126850950593,0,4.343311417541106,192.36649399096547,7184.972740576304,0,0
exp_075,19,s1,s2,0.00662777871876017,0,3.1732062208295013,145.9084968188831,12679.044332055242,0,0
exp_075,20,s1,s2,0.04532440607689661,0,3.5755750767661834,38.48166639979256,13177.709189699905,0,0
exp_075,21,s1,s2,0.17223660511634903,0,3.181653200149012,125.42494637647053,5198.609415855891,0,0
exp_075,22,s1,s2,0.04738549321841932,0,3.2497405075846273,82.51416329703216,6196.891043429926,0,0
exp_075,23,s1,s2,0.011196276772180559,0,2.352180565867967,155.51905800953975,8764.393367977025,0,0
exp_075,24,s1,s2,0.0061267533946892955,0,2.520277925476046,56.482100869422226,8878.679887326973,0,0
exp_075,25,s1,s2,0.09675219588991091,0,3.3972767310320235,93.46024995906653,8427.942099843742,0,0
exp_075,26,s1,s2,0.2840359939699581,0,3.492468371769592,114.15345390332489,12031.571849269996,0,0
exp_075,27,s1,s2,0.08406825429796647,0,1.1331354234469462,104.06311199178927,7981.73986434391,0,0
exp_075,28,s1,s2,0.02525798852097215,0,2.04788435883104,85.39269685291987,8876.050654695988,0,0
exp_075,29,s1,s2,0.17942249878374938,0,3.3459069140630455,144.83873402015934,7568.098005531,0,0
exp_075,30,s1,s2,0.027489679162327193,0,3.000318262913873,9.910573532341926,14764.444789914316,0,0
exp_075,31,s1,s2,0.011561792903158456,0,5.009226468139047,100.28228958044684,7456.609002557209,0,0
exp_075,32,s1,s2,0.34773964642987637,0,3.5595855092080866,90.22965696564997,10973.554303307754,0,0
exp_075,33,s1,s2,0.00040877762584201973,0,3.6360827470767845,91.28493508673043,12790.17020362454,0,0
exp_075,34,s1,s2,0.09679317993610956,0,0.7978617580376635,133.31431943155476,7115.397031307313,0,0
exp_075,35,s1,s2,0.006456510049191751,0,2.4706299441264337,44.7645582765899,10199.911166295673,0,0
exp_075,36,s1,s2,0.02286636285299651,0,3.2819831366911996,68.71292434807474,12550.615782972342,0,0
exp_075,37,s1,s2,0.3591806068305445,0,1.7416735586213041,105.7337113985339,14379.289547711916,0,0
exp_075,38,s1,s2,0.39238118925340054,0,3.069407134130881,130.06546320269504,12725.878139646647,0,0
exp_075,39,s1,s2,0.10814473742606419,0,3.6739967673745744,18.390967196668484,13893.734517677067,0,0
exp_075,40,s1,s2,0.0685943748802017,0,3.8480591377990567,221.48685793925566,7824.048773042278,0,0
exp_075,41,s1,s2,0.1031878671058631,0,1.4198084021932016,102.79757860092933,13953.781523196523,0,0
exp_075,42,s1,s2,0.2996648571946325,0,3.150902309220162,72.58031269996825,9150.456902451955,0,0
exp_075,43,s1,s2,0.07464515701426283,0,2.5360442902397335,-14.145782542743369,8234.339338096523,0,0
exp_075,44,s1,s2,0.012511352580019766,0,4.051244201538397,38.90997560778218,5503.81522531984,0,0
exp_075,45,s1,s2,0.048245261513144455,0,2.8781274958995247,80.59566600122311,5876.116915097172,0,0
exp_075,46,s1,s2,0.04149702855379796,0,3.369780319770228,155.11842307964838,11822.94424293312,0,0
exp_075,47,s1,s2,0.07007764651339686,0,3.078545342216185,140.30273683611415,6042.940881337205,0,0
exp_075,48,s1,s2,0.2704602062207594,0,2.2402534537603067,94.24502799673759,13641.021054571289,0,0
exp_075,49,s1,s2,0.009748373190432322,0,2.6896006842353124,38.86728345422716,11761.862709781572,0,0
exp_075,50,s1,s2,0.01291296845583339,0,4.283910317687434,128.07549669599308,6234.961041464877,0,0
exp_075,51,s1,s2,0.10429049945033148,0,3.4855148670888494,68.3740371328243,13466.324347478503,0,0
exp_075,52,s1,s2,0.2197893943842232,0,1.8276716429632578,55.04135229266893,5478.6106515835645,0,0
exp_075,53,s1,s2,0.0509945645859488,0,3.287581905545618,81.11081966089512,6429.6657186856155,0,0
exp_075,54,s1,s2,0.17087354553144643,0,2.9515405656289557,50.953585280864,8846.342580231647,0,0
exp_075,55,s1,s2,0.09201576603582921,0,5.489455709687318,123.69124591959098,5009.6368520406395,0,0
exp_075,56,s1,s2,0.01363967708393616,0,1.437309472683008,104.94824195223374,5763.171546749788,0,0
exp_075,57,s1,s2,0.024551836682893544,0,3.222374316411528,174.63116884394765,6900.768841566089,0,0
exp_075,58,s1,s2,0.0016107402523159273,0,1.651130079846987,32.61612638812795,12351.252086439099,0,0
exp_075,59,s1,s2,0.2518705631324389,0,4.467245056204762,50.091940897505076,11349.05537583557,0,0
exp_075,60,s1,s2,0.0548320320363102,0,2.954433034264695,62.727152963313664,8541.385556269834,0,0
exp_075,61,s1,s2,0.07989397581001506,0,3.378286130090688,68.40277960619856,12877.50433858677,0,0
exp_075,62,s1,s2,0.04917775973563265,0,3.4291805124336565,43.61243112478091,14558.119675738903,0,0
exp_075,63,s1,s2,0.1205651443885648,0,2.7378701618079115,51.98645876938715,14153.688472898079,0,0
exp_075,64,s1,s2,0.10062773058018515,0,3.453727228830964,64.3583667797465,8535.187890000365,0,0
exp_075,65,s1,s2,0.06724320131985674,0,4.598345507109961,69.9186993401606,7179.061325765315,0,0
exp_075,66,s1,s2,0.04916273943691896,0,3.8609114830128637,151.40378577770431,7017.442767525204,0,0
exp_075,67,s1,s2,0.0431804883142794,0,3.0204624470844434,83.53253142470315,7809.414022071886,0,0
exp_075,68,s1,s2,0.0011936878591351603,0,3.744313644093036,93.43557419669277,14234.011656621236,0,0
exp_075,69,s1,s2,0.046537890562593,0,1.4240080737844862,84.43655684474741,5683.0777772409365,0,0
exp_075,70,s1,s2,0.11839306069944784,0,3.280726162174712,111.08019156688763,14352.872911329727,0,0
exp_075,71,s1,s2,0.247650245502428,0,3.8791000055047116,86.28235365125853,9407.602002521406,0,0
exp_075,72,s1,s2,0.05485110684905142,0,3.463568309918122,109.07131849257686,7244.0026669319095,0,0
exp_075,73,s1,s2,0.009862660539425541,0,2.351963135071642,67.77129234471619,7931.356035176327,0,0
exp_075,74,s1,s2,0.00995369141731451,0,3.1220246043914615,96.16969188358013,13902.192374493707,0,0
exp_075,75,s1,s2,0.03802424029503408,0,3.869074506872902,166.9357050059936,5645.541454467288,0,0
exp_075,76,s1,s2,0.0419001583194005,0,2.9363551985187675,72.57132065373702,14183.510389633548,0,0
exp_075,77,s1,s2,0.2876684057118473,0,2.9841387925831366,120.35096773908883,5864.799878314661,0,0
exp_075,78,s1,s2,0.1481498985699189,0,3.638654620595563,183.82274142996414,13882.358716285535,0,0
exp_075,79,s1,s2,0.2425545006691286,0,2.292326363680503,116.71527758943024,5955.251729136198,0,0
exp_075,80,s1,s2,0.05253129808209052,0,2.2804032243869354,79.67777298704884,11111.908211924005,0,0
exp_075,81,s1,s2,0.11505262091732758,0,2.106740903694706,127.22891400427923,8058.438071146597,0,0
exp_075,82,s1,s2,0.022196038099222177,0,4.312991720973988,199.17125797164806,10033.134370949083,0,0
exp_075,83,s1,s2,0.035105726490183245,0,3.4076317058507892,86.27261607704459,5488.539565928779,0,0
exp_075,84,s1,s2,0.10682723708635676,0,3.6274003935018397,82.91294316240099,6377.349335726706,0,0
exp_075,85,s1,s2,0.27775056773109336,0,3.5592964081390206,149.27034392172288,9117.461462007692,0,0
exp_075,86,s1,s2,0.23565860194280572,0,0.7431045873497641,124.49350397848141,10856.239900646082,0,0
exp_075,87,s1,s2,0.026431410836391524,0,3.3826933836855417,89.63570098240967,12939.268415279348,0,0
exp_075,88,s1,s2,0.07205198761672972,0,4.295427792219867,82.42986285911411,10706.363333589932,0,0
exp_075,89,s1,s2,0.05362010976112343,0,1.4219962397291295,104.56024970957165,7019.698827038501,0,0
exp_075,90,s1,s2,0.4518146885529136,0,2.9266000011583246,121.76757643707768,10152.615318197964,0,0
exp_075,91,s1,s2,0.17555864983157932,0,2.495272118263795,114.23215552899559,8746.11054281206,0,0
exp_075,92,s1,s2,0.028788375042933537,0,2.788418198924061,127.15397613677031,11419.77761891378,0,0
exp_075,93,s1,s2,0.11458265211362038,0,3.9206354699344956,154.6051006533749,10597.180084049389,0,0
exp_076,0,s1,s2,0.0037624371584724365,0,2.7876954584234004,53.1784401629328,10939.930186885735,0,0
exp_076,1,s1,s2,0.0032911321397654895,0,1.2130423355729283,131.2828380722748,13871.468078118292,0,0
exp_076,2,s1,s2,0.07620356110768967,0,3.6081375537713587,105.99741585819443,12641.710266545935,0,0
exp_076,3,s1,s2,0.05767397860361271,0,5.169872686836033,83.04252974700943,7001.992166505131,0,0
exp_076,4,s1,s2,0.00928291845633592,0,4.042293473702551,64.66251705173488,7573.23798769951,0,0
exp_076,5,s1,s2,0.014013509237326808,0,3.6846826876063496,46.2543352830471,11139.480566935188,0,0
exp_076,6,s1,s2,0.1165762207888158,0,3.661515205428881,85.30926669986555,9517.703573281455,0,0
exp_076,7,s1,s2,0.07209563600539153,0,3.440901363492499,108.00610338313729,10415.073863404432,0,0
exp_076,8,s1,s2,0.036713365402678444,0,3.590891725876073,7.313362758291076,11050.361206551985,0,0
exp_076,9,s1,s2,0.05791349252254435,0,2.8136464538975337,148.78130297491936,7734.236469976679,0,0
exp_076,10,s1,s2,0.0008013904065267462,0,4.126801924289675,119.69684069976338,13102.89230250944,0,0
exp_076,11,s1,s2,0.2686055569559939,0,4.017241351189279,-5.64441790823591,5986.280237202459,0,0
exp_076,12,s1,s2,0.3361460236084205,0,2.7694705883193427,-54.029936358696375,9353.66932987857,0,0
exp_076,13,s1,s2,0.03471640823710455,0,2.334615561003819,102.07051445712398,14918.870619371684,0,0
exp_076,14,s1,s2,0.05517346622899875,0,3.174709648630679,116.64613623014854,7899.42916863934,0,0
exp_076,15,s1,s2,0.02510963897061041,0,2.9631219407052494,98.93285246635388,11969.165453013788,0,0
exp_076,16,s1,s2,0.036099347942012056,0,3.724800677550826,57.014165731843576,11792.613226543475,0,0
exp_076,17,s1,s2,0.06566468465159868,0,3.1605770378342815,119.78429776000328,13934.195606199093,0,0
exp_076,18,s1,s2,0.021140390929995527,0,2.39106444886887,84.34439457358293,8045.7999787203535,0,0
exp_076,19,s1,s2,0.356766512829946,0,4.511325985783403,105.66472136462681,10534.8695121372,0,0
exp_076,20,s1,s2,0.00035146739080486205,0,5.545382788415184,101.99037515739423,7657.483575030042,0,0
exp_076,21,s1,s2,0.02272690046086892,0,3.780756002388104,28.575943667661164,6460.641149355525,0,0
exp_076,22,s1,s2,0.12741388684825722,0,1.1412304435479923,50.99638915432026,13072.312916803528,0,0
exp_076,23,s1,s2,0.07053478052880453,0,3.9133294119466377,85.31548869146235,8682.516321994757,0,0
exp_076,24,s1,s2,0.19589973952965534,0,1.5334884152541106,101.05438178163384,11128.181881110839,0,0
exp_076,25,s1,s2,0.03359253229836909,0,3.8058800890068776,56.00150302348689,13379.992223757426,0,0
exp_076,26,s1,s2,0.19784807818380956,0,3.871963381767241,37.74658730080761,7303.540599149295,0,0
exp_076,27,s1,s2,0.09748792930975766,0,3.7771887376728706,153.1348700666573,12702.738889138784,0,0
exp_076,28,s1,s2,0.5220496702502082,0,2.3304086063601073,160.95644332707698,11139.218529335032,0,0
exp_076,29,s1,s2,0.04108641811476405,0,4.43845623816264,117.29075970757658,14096.869429717639,0,0
exp_076,30,s1,s2,0.027918529076553063,0,2.396241631268873,231.23133395813718,12715.913548429415,0,0
exp_076,31,s1,s2,0.04765570904741358,0,2.258772582575858,179.84041397518246,6110.748646445042,0,0
exp_076,32,s1,s2,0.011330468899623223,0,5.0123285817551695,119.29954055096718,6267.284018256895,0,0
exp_076,33,s1,s2,0.09463840275024947,0,1.9243323904317153,114.89573025828142,9040.825999612633,0,0
exp_076,34,s1,s2,0.14070511393389343,0,5.207929217794186,69.4927030185081,13462.209705984744,0,0
exp_076,35,s1,s2,0.18470898631381077,0,2.898465624764483,-2.1913758163115027,11380.550964986436,0,0
exp_076,36,s1,s2,0.0074612471022990415,0,2.9040149040197862,131.81013297013914,8708.623272579269,0,0
exp_076,37,s1,s2,0.2376235523910773,0,2.0375696276845536,177.41588526917067,12644.758088301058,0,0
exp_076,38,s1,s2,0.007100698222558282,0,1.644537669484348,70.23463882839258,12396.065329465973,0,0
exp_076,39,s1,s2,0.025769631984854907,0,4.317021974480591,91.31533122445275,14153.905354644696,0,0
exp_076,40,s1,s2,0.12823156569207303,0,4.804004098588861,11.321327889341127,11896.89947152494,0,0
exp_076,41,s1,s2,0.2078902699474321,0,2.6291604747541792,116.31133678601479,12476.39533386243,0,0
exp_076,42,s1,s2,0.16851984916544294,0,5.1585006059162986,106.37407938968425,5095.527766169691,0,0
exp_076,43,s1,s2,0.0850464526936483,0,3.552978837145888,98.39708692570261,14017.09298602727,0,0
exp_076,44,s1,s2,0.15975287559538542,0,2.865391430509907,69.56635989237961,11960.4222219456,0,0
exp_076,45,s1,s2,0.0030109519729795827,0,3.418106538196911,85.74762174916907,6297.807672994242,0,0
exp_076,46,s1,s2,0.005274013459691721,0,3.613679502820444,105.53838144639985,13346.247399086385,0,0
exp_076,47,s1,s2,0.3679820796760899,0,2.6134251236709534,178.24152025175323,14466.16439589874,0,0
exp_076,48,s1,s2,0.055622976428250315,0,2.3000170940078988,-1.2769665565589783,13139.739543824644,0,0
exp_076,49,s1,s2,0.24973058007236093,0,2.433000832322953,-6.872435319989689,13983.27323304383,0,0
exp_076,50,s1,s2,0.004818619435103,0,2.7631371331807517,173.43235072695268,8765.183510496712,0,0
exp_076,51,s1,s2,0.05922549581787006,0,4.5002569910125265,76.23226183378742,14279.475222441557,0,0
exp_076,52,s1,s2,0.06762031949885854,0,3.523172764989149,137.52562098059343,8306.807855564768,0,0
exp_076,53,s1,s2,0.08850678163155885,0,1.5856522598599805,158.55848313144207,7500.240394007278,0,0
exp_076,54,s1,s2,0.023506634885360596,0,1.737157477835682,79.75260553262589,6351.861820535281,0,0
exp_076,55,s1,s2,0.045265622440882114,0,1.9469172551242555,115.93315460878529,5443.4327386286,0,0
exp_076,56,s1,s2,0.003524675059883256,0,2.1923307331115707,69.68438715108692,10392.553602901524,0,0
exp_076,57,s1,s2,0.06082918023262163,0,3.9418240294747005,75.2596973336529,10049.469929965264,0,0
exp_076,58,s1,s2,0.009599340444164115,0,2.983466410402346,36.201671524267645,9814.649181668465,0,0
exp_076,59,s1,s2,0.05278661375695512,0,1.4366254691004867,108.56899733617709,6149.293415436871,0,0
exp_076,60,s1,s2,0.08450438057897448,0,2.465415732344547,188.15208459890417,7939.76589728804,0,0
exp_076,61,s1,s2,0.1918065950612912,0,5.291959326935979,40.153129401417765,9430.562869399293,0,0
exp_076,62,s1,s2,0.008474077312953755,0,1.4689929346236845,189.51545823139233,5867.566060676297,0,0
exp_076,63,s1,s2,0.09058745056536617,0,3.4477869514047614,107.30279241489457,6711.924581730068,0,0
exp_076,64,s1,s2,0.05397599810403181,0,1.563788074470893,209.34004987216133,11203.776861817672,0,0
exp_076,65,s1,s2,0.05176782581366334,0,2.1552408523840443,139.50162837701612,13474.503127667234,0,0
exp_076,66,s1,s2,0.13587852067949388,0,3.7320142722401903,19.421718883124463,13098.27000315139,0,0
exp_076,67,s1,s2,0.0062229993341838055,0,2.323654007525823,31.597602039114292,6833.771545881663,0,0
exp_076,68,s1,s2,0.07881000387252196,0,1.0189528229267788,88.12613317282127,10168.868869203568,0,0
exp_076,69,s1,s2,0.043977951726673875,0,1.7423704766222583,57.971012595988604,10404.379343143883,0,0
exp_076,70,s1,s2,0.058719455025079186,0,1.5370851130219212,81.79993827260526,9204.553325247245,0,0
exp_076,71,s1,s2,0.039965681898024095,0,4.75182178102421,114.87383676326739,9793.139381338564,0,0
exp_076,72,s1,s2,0.006397128038410405,0,2.4394409433133886,95.37897100862065,8277.33804839889,0,0
exp_076,73,s1,s2,0.2180594989649566,0,3.2199914739251048,111.82477488241277,13636.585108762909,0,0
exp_076,74,s1,s2,0.008343624657620641,0,2.6738543527022567,63.20370051649722,13302.168829505274,0,0
exp_076,75,s1,s2,0.029030169216963123,0,3.7824167049754505,43.110283436576445,5969.251021367171,0,0
exp_076,76,s1,s2,0.04467246864197498,0,3.799952429716141,76.43984801100495,10145.0127762546,0,0
exp_076,77,s1,s2,0.10397970131939456,0,4.181996454223222,49.2694586598317,14546.261799155436,0,0
exp_077,0,s1,s2,0.06967126582552809,0,3.667514786273711,43.63653494656943,13336.108723679097,0,0
exp_077,1,s1,s2,0.31555777887535785,0,2.0483615250797396,115.76771256681768,5538.479059099111,0,0
exp_077,2,s1,s2,0.03264411115015516,0,3.0668800412359905,138.7676140013822,10793.055386348584,0,0
exp_077,3,s1,s2,0.09431546793023549,0,1.9854967333329703,73.27052377484821,14542.416931627162,0,0
exp_077,4,s1,s2,0.1408070031519159,0,0.646359944555972,110.54708065933639,9827.72275743542,0,0
exp_077,5,s1,s2,0.003424491734418367,0,2.177117786843389,58.32569043755315,9453.473400234008,0,0
exp_077,6,s1,s2,0.026953992045129868,0,3.5689322362226528,66.30228715749224,13935.05415488818,0,0
exp_077,7,s1,s2,0.006950009961770004,0,3.6516377750055233,65.4348443504735,13158.347896358184,0,0
exp_077,8,s1,s2,0.06934674360025078,0,2.512151022764647,111.25395918653551,13495.28729488185,0,0
exp_077,9,s1,s2,0.17881385711124598,0,3.5301739956095015,112.31444784706908,5476.342634488185,0,0
exp_077,10,s1,s2,0.026261685225124932,0,1.9730230185970665,79.32657440458571,13148.276613494787,0,0
exp_077,11,s1,s2,0.14154893083977496,0,2.257154235676794,148.62914834689687,12626.863090688794,0,0
exp_077,12,s1,s2,0.013131373260957516,0,3.1951932077063914,54.34672919511164,5486.686587617998,0,0
exp_077,13,s1,s2,0.27911697836254196,0,2.725733991142078,-2.1918622153314082,13132.292361732834,0,0
exp_077,14,s1,s2,0.0510913735049395,0,1.0951222877476472,56.558063584925236,8517.234430609733,0,0
exp_077,15,s1,s2,0.06310277966172893,0,0.9909429026332175,203.0108310712545,13081.61152568603,0,0
exp_077,16,s1,s2,0.11423421222844819,0,3.3502843462054277,128.9784960956568,14523.443218306524,0,0
exp_077,17,s1,s2,0.21737147769023465,0,2.6816283812409005,152.14352492302993,8862.123366889145,0,0
exp_077,18,s1,s2,0.13517106895307723,0,2.7521577688707497,70.98623097078857,14322.238378405713,0,0
exp_077,19,s1,s2,0.059802106460115606,0,2.8212316152771706,12.656550735751114,7885.8961076483365,0,0
exp_077,20,s1,s2,0.14621430751030512,0,3.4059236312074153,125.17508181027709,6490.470567559715,0,0
exp_077,21,s1,s2,0.04095592260768712,0,2.5217718282032227,179.82953502584428,7766.230886479808,0,0
exp_077,22,s1,s2,0.03674867647299681,0,3.19073071664363,89.34792561907634,6439.244858386894,0,0
exp_077,23,s1,s2,0.041296761274122545,0,2.9791620403888683,91.92854430348983,8548.005697628889,0,0
exp_077,24,s1,s2,0.12697636896815637,0,2.513577842171045,164.2161857242819,6663.744837431763,0,0
exp_077,25,s1,s2,0.030216144353342148,0,3.4467189800975104,107.92307859689961,11157.380830413778,0,0
exp_077,26,s1,s2,0.0026801576787480385,0,3.474441948966384,108.03898120636661,8586.410121533456,0,0
exp_077,27,s1,s2,0.27113909600019703,0,1.9702394541284263,128.3232856301365,6453.055871060242,0,0
exp_077,28,s1,s2,0.019394840583255107,0,3.746017337739162,183.01097586068957,9555.435709965126,0,0
exp_077,29,s1,s2,0.030564881661280192,0,2.9231918773592085,105.46339804435084,7836.062178559891,0,0
exp_077,30,s1,s2,0.005648373794163842,0,3.366967663029036,90.25197432899053,6876.0402325549985,0,0
exp_077,31,s1,s2,0.022810945429786823,0,4.328196076107835,199.16554359400607,6759.585536307655,0,0
exp_077,32,s1,s2,0.016754905223767325,0,3.391940557328952,106.674385747686,6658.33519505092,0,0
exp_077,33,s1,s2,0.06173045903638024,0,2.184568636225624,134.59355761377932,11846.767432626495,0,0
exp_077,34,s1,s2,0.06420802896427101,0,4.9234202357451995,54.121571067289054,9676.944550526923,0,0
exp_077,35,s1,s2,0.17148706484896567,0,3.145062109187075,135.1413623624946,8005.945011019407,0,0
exp_077,36,s1,s2,0.1501580345319295,0,5.189396080071805,113.97433216820436,13349.979705672951,0,0
exp_077,37,s1,s2,0.3105824079447302,0,1.0233698172413357,86.90954670496015,9597.062786696144,0,0
exp_077,38,s1,s2,0.10331911890450139,0,5.289608148137037,106.19401073629612,13867.226241838393,0,0
exp_077,39,s1,s2,0.01812963220772273,0,2.9959081538592884,47.548110453470485,14817.68117596728,0,0
exp_077,40,s1,s2,0.006085836916013185,0,3.6169529610683204,83.63745504757672,5077.585836854362,0,0
exp_077,41,s1,s2,0.06052482985757947,0,3.8422330969633016,89.76366622453403,9722.961759194457,0,0
exp_077,42,s1,s2,0.05411796022323058,0,1.6810464824946894,174.1214168554677,10365.595677695015,0,0
exp_077,43,s1,s2,0.3113763281272672,0,2.804495456592407,29.248445579226654,5153.773343470151,0,0
exp_077,44,s1,s2,0.1846661889151298,0,2.774263810888644,147.63887449134484,11872.95447284305,0,0
exp_077,45,s1,s2,0.1950846906396189,0,1.6085706626663552,63.37728043225766,6695.1799339534155,0,0
exp_077,46,s1,s2,0.0934249563161649,0,3.721780683690005,33.42481147373716,8171.421654115457,0,0
exp_077,47,s1,s2,0.042736842790537105,0,2.5057222904364735,23.951654046219918,6621.2992208671785,0,0
exp_077,48,s1,s2,0.03852311437370941,0,2.31524257958243,133.45519558783715,14471.13217656441,0,0
exp_077,49,s1,s2,0.06790900062133705,0,5.219594097113372,15.600507695562815,6851.947745725177,0,0
exp_077,50,s1,s2,0.040542859059251785,0,2.304602064603807,118.82951383423645,10704.588493427394,0,0
exp_077,51,s1,s2,0.1182611804355312,0,3.485212831836833,152.0237899544848,10983.78623324997,0,0
exp_077,52,s1,s2,0.08715144248252714,0,3.4870565648768004,51.88615125597815,14516.317437599975,0,0
exp_077,53,s1,s2,0.008016342917347359,0,2.660547284010025,-2.5072009988664323,7322.9117636912315,0,0
exp_077,54,s1,s2,0.13505073858022906,0,2.2834374179953887,117.680792799389,10694.624076543874,0,0
exp_077,55,s1,s2,0.04602481319492898,0,3.555389711403085,78.34386872438151,5546.7400559619455,0,0
exp_077,56,s1,s2,0.0629966353011825,0,5.604410032290611,54.15244143213548,6975.941964940148,0,0
exp_077,57,s1,s2,0.20495028174019778,0,3.0539306510618935,125.62979363893591,7561.253613026452,0,0
exp_077,58,s1,s2,0.20941608121305913,0,1.837866981262464,63.39538283697605,6566.190329695596,0,0
exp_077,59,s1,s2,0.026779976925150557,0,1.9582194382035114,122.40420191786868,9880.412594003672,0,0
exp_077,60,s1,s2,0.02041204143510364,0,1.3678662626381295,154.55244859579943,6955.926710665891,0,0
exp_077,61,s1,s2,0.027811595800971162,0,2.1044034762155372,185.2601175792463,10131.589833199954,0,0
exp_077,62,s1,s2,0.17222645566619277,0,2.4980391740883503,203.78139033403636,14540.568050908989,0,0
exp_077,63,s1,s2,0.024144130945557712,0,3.4976832531158153,87.23783130796559,13532.252421915191,0,0
exp_077,64,s1,s2,0.013932804873581504,0,2.4389492066802276,140.88979831161117,6886.569971791905,0,0
exp_077,65,s1,s2,0.059549362168680564,0,3.171894660901946,111.9372047799919,14670.68834026938,0,0
exp_077,66,s1,s2,0.0778702526418818,0,2.6765047157718547,100.3507512506959,6806.075829015298,0,0
exp_077,67,s1,s2,0.06883990621743734,0,3.7027802568744996,127.51049512344785,7832.663409168145,0,0
exp_077,68,s1,s2,0.12463837074530067,0,2.5773468099856474,155.45483703394777,11955.558627088241,0,0
exp_077,69,s1,s2,0.05749751314387237,0,1.4405778326744347,71.73476162639096,13497.365532216167,0,0
exp_077,70,s1,s2,0.033845035818642226,0,4.665386551742768,115.19536974000226,9972.302739662964,0,0
exp_077,71,s1,s2,0.05283152625494886,0,3.1231326692113677,119.65572029642107,13252.537983092694,0,0
exp_077,72,s1,s2,0.06547698657071277,0,2.1117223298990897,48.461990486240225,5434.916185059267,0,0
exp_077,73,s1,s2,0.15648638441316276,0,2.3876326424562953,230.09350693226213,13522.970446678857,0,0
exp_077,74,s1,s2,0.05885079747122521,0,4.129995963584053,14.05620982909025,13646.050121552533,0,0
exp_077,75,s1,s2,0.06570049570210237,0,5.861716362643868,153.91789979258806,5137.181766986902,0,0
exp_077,76,s1,s2,0.0105433929400884,0,2.6575695208231305,173.01193395686738,14980.583128779643,0,0
exp_077,77,s1,s2,0.11896678620139807,0,2.5688189845448153,43.426065709461156,7647.685455048806,0,0
exp_077,78,s1,s2,0.09502759436192587,0,2.404539533877941,174.33701591801045,5898.4602683332,0,0
exp_077,79,s1,s2,0.0026684856291195277,0,3.71233462345685,56.80226192609258,7215.524133048141,0,0
exp_077,80,s1,s2,0.24188297621996005,0,3.907338063128769,118.99970530526022,8858.147248085043,0,0
exp_077,81,s1,s2,0.41074214445444013,0,1.9001723783365656,169.0076686724331,7125.391328399314,0,0
exp_077,82,s1,s2,0.2013888520139153,0,2.7441636471057196,94.89317147253803,7786.587127412299,0,0
exp_077,83,s1,s2,0.01977821014239976,0,3.9831768062656745,21.761249503562276,10004.318874387496,0,0
exp_077,84,s1,s2,0.12408110166762294,0,2.2085213556146535,82.70367881640966,6602.6777093469045,0,0
exp_077,85,s1,s2,0.15959432008439758,0,3.659479151592638,46.8861977246563,11230.962887319265,0,0
exp_077,86,s1,s2,0.010342953316115984,0,2.3799566976936815,197.95926850240608,12071.619362811307,0,0
exp_077,87,s1,s2,0.18046858677591607,0,3.111424548336408,82.660822943332,6049.578276037811,0,0
exp_077,88,s1,s2,0.04762238538285757,0,3.2120051657964845,37.706070797510606,10122.714861350365,0,0
exp_077,89,s1,s2,0.15763630671876527,0,4.369763461265747,144.66234224972163,5924.80077551214,0,0
exp_077,90,s1,s2,0.0028157556344932757,0,2.9306975927343117,122.29781629337865,8949.743686794118,0,0
exp_077,91,s1,s2,0.0035640038580939375,0,2.223900227715762,183.28154265813976,14044.841327282831,0,0
exp_077,92,s1,s2,0.08913367969724169,0,2.5621313312932923,178.88885127415318,9315.280662334853,0,0
exp_077,93,s1,s2,0.007079860775874439,0,2.528959186373812,113.74603936760953,12642.67388227639,0,0
exp_077,94,s1,s2,0.021178096059816406,0,3.263154345019631,92.04558085915288,9715.676644814424,0,0
exp_077,95,s1,s2,0.013380860384949223,0,2.89465872373988,144.82052039352374,6305.513286454601,0,0
exp_077,96,s1,s2,0.04956463663744958,0,1.2291415393655862,157.45742969096938,14243.265581611346,0,0
exp_077,97,s1,s2,0.031427772040660426,0,2.4844843155832366,70.05594258277382,5837.499465994972,0,0
exp_077,98,s1,s2,0.060202052889863994,0,2.6323905843127173,135.7235262312827,7583.376184944927,0,0
exp_077,99,s1,s2,0.18163677704946457,0,2.770696691806306,3.743331104003045,5312.380969680269,0,0
exp_077,100,s1,s2,0.03383744927391085,0,1.3297339687067382,74.27753677130077,6664.467640999214,0,0
exp_077,101,s1,s2,0.07163856549759666,0,3.7038310237581706,142.56146020856363,7507.62932382615,0,0
exp_077,102,s1,s2,0.03053500993304934,0,3.411465908149272,183.45474021083206,12424.164946267903,0,0
exp_077,103,s1,s2,0.0001366297798841281,0,2.582452544149727,146.8219611338446,14583.348589572812,0,0
exp_077,104,s1,s2,0.03589195076903759,0,2.812167393788097,146.81764038474842,10618.086584185588,0,0
exp_077,105,s1,s2,0.10307824473670955,0,1.820418216376675,87.28887002742819,10489.33816478367,0,0
exp_077,106,s1,s2,0.060448074815907284,0,3.3520344801863473,59.87736248397079,5204.9478872048385,0,0
exp_077,107,s1,s2,0.013511356550932647,0,3.262375517038797,194.26925054335072,7819.329678209285,0,0
exp_077,108,s1,s2,0.019875114312685245,0,1.8264862378127025,128.35768072282167,14846.11079746562,0,0
exp_077,109,s1,s2,0.2034936513928753,0,2.860466691905156,-7.912284159627481,6428.242951523669,0,0
exp_077,110,s1,s2,0.012621223320261105,0,3.3374840091548634,147.47725309550407,9604.610100167794,0,0
exp_077,111,s1,s2,0.003683397431024032,0,2.7981264983401184,134.37241755198272,9166.491705971155,0,0
exp_077,112,s1,s2,0.03422220764612315,0,2.6938917615570244,138.53454314675525,6742.493078588132,0,0
exp_077,113,s1,s2,0.06942621918028956,0,2.424198757703168,162.9884593004884,11520.461428763736,0,0
exp_077,114,s1,s2,0.03627279451687632,0,3.935817635301001,160.9449750282911,11807.548014226099,0,0
exp_077,115,s1,s2,0.10381975032489216,0,1.2047540236779768,165.44656094643258,6723.352983524531,0,0
exp_077,116,s1,s2,0.15305393975129716,0,1.819470635689358,101.51425666933672,14214.208557319118,0,0
exp_078,0,s1,s2,0.1445839742002482,0,2.152465913976309,115.37379267489673,10399.40133626007,0,0
exp_078,1,s1,s2,0.011512144828196139,0,4.020017693215467,70.07219508113326,6007.890316931488,0,0
exp_078,2,s1,s2,0.061505309841661485,0,3.610908715155972,107.33022882665234,12372.65478067924,0,0
exp_078,3,s1,s2,0.014994789320712403,0,2.976392296369641,125.10826873186107,8697.173885687514,0,0
exp_078,4,s1,s2,0.013778179207403908,0,3.137014805355924,134.44860670539228,14879.875256057654,0,0
exp_078,5,s1,s2,0.019099814005644058,0,2.0242364170417417,105.73226172156829,10242.758268272082,0,0
exp_078,6,s1,s2,0.22053841916606523,0,2.682747455678689,73.09674147022585,11824.019122065305,0,0
exp_078,7,s1,s2,0.00793539007088888,0,1.0145604017278518,72.63656288072849,13381.48193764036,0,0
exp_078,8,s1,s2,0.005032112826915422,0,3.4177554161716586,137.27567324360328,7971.905277593385,0,0
exp_078,9,s1,s2,0.02203581023983405,0,3.074385561365228,131.0590542932483,8447.776235683365,0,0
exp_078,10,s1,s2,0.004548755458820534,0,3.3388542414045657,42.3163006729242,10131.095968543896,0,0
exp_078,11,s1,s2,0.14172077606395356,0,2.6497385891464975,157.02915421711512,6009.299158264287,0,0
exp_078,12,s1,s2,0.15679589820864503,0,3.371956740061467,102.0830898782205,12963.499162127846,0,0
exp_078,13,s1,s2,0.03990945258436854,0,1.5023342756324936,79.7488386002805,10119.984970358319,0,0
exp_078,14,s1,s2,0.12403773479648597,0,1.414495982428844,156.4701403738075,13232.999077257438,0,0
exp_078,15,s1,s2,0.011099721280646567,0,2.7158717730214583,47.01594207115368,12022.433136914131,0,0
exp_078,16,s1,s2,0.11847771523695555,0,4.427144739464311,51.55577109098668,5605.857752527308,0,0
exp_078,17,s1,s2,0.03425212246709443,0,2.06717443436946,128.604491404109,7127.120286084566,0,0
exp_078,18,s1,s2,0.009089084031465617,0,4.093289181449379,77.1991459452963,13363.591238227189,0,0
exp_078,19,s1,s2,0.19831320998556667,0,4.083922345427576,100.38404753205438,14051.1463470723,0,0
exp_078,20,s1,s2,0.07225723659214466,0,3.123541471745414,71.55064853369302,8340.93454351274,0,0
exp_078,21,s1,s2,0.02316378667154996,0,3.242598774189019,35.01572012121965,6044.748171722304,0,0
exp_078,22,s1,s2,0.1723976832921964,0,3.273272965227459,24.4044745019545,6254.602083662052,0,0
exp_078,23,s1,s2,0.1963467761150657,0,2.0036056969176004,132.6080136230142,12157.407568002469,0,1
exp_078,24,s1,s2,0.008653890702173785,0,2.944761055226782,177.88571921436062,6201.836657127596,0,1
exp_078,25,s1,s2,0.07995710544174545,0,3.6082729454164197,47.34267813758613,12086.196112074436,0,1
exp_078,26,s1,s2,0.14306227193391527,0,3.296249623691005,137.75028807107097,9917.691111878994,0,1
exp_078,27,s1,s2,0.19256953065840923,0,3.1706969816404817,112.11204226944692,14424.281873099446,0,1
exp_078,28,s1,s2,0.38841133555239105,0,2.267164183268565,71.19117645716267,9485.923616878405,0,1
exp_078,29,s1,s2,0.5785010287087294,0,3.2542373610268784,75.32348869798612,13508.35647020962,0,1
exp_078,30,s1,s2,0.564014448982864,0,1.5276690447133516,173.4980037587576,6664.937835938418,0,1
exp_078,31,s1,s2,0.4004251745130132,0,1.606542244376541,140.68088603644898,12655.92064312589,0,1
exp_078,32,s1,s2,0.01006124991814841,0,3.6624623810893984,77.18229679561558,12494.469319723932,0,1
exp_078,33,s1,s2,0.48310709124666823,0,1.6323016444873448,150.0003245326098,10478.835445381053,0,1
exp_078,34,s1,s2,0.2881803898000683,0,3.824917315339196,116.40796251939221,5228.869012301901,0,1
exp_078,35,s1,s2,0.04613229772549039,0,0.8501038033148713,113.37917957850905,11462.04188557928,0,1
exp_078,36,s1,s2,0.01770030700553406,0,2.708754002932611,13.606287068703327,5296.9921442964505,0,1
exp_078,37,s1,s2,0.05692472865076214,0,4.378287974314245,-0.11978855799539279,7567.705627585362,0,1
exp_078,38,s1,s2,0.9961769419951673,5,23.67448479307709,127.18286462659822,10982.538927023807,1,1
exp_078,39,s1,s2,0.27569316363236246,3,13.724574054488784,90.96803496484793,10119.18265657808,0,1
exp_078,40,s1,s2,3.2044768887078434,9,19.06729699789064,115.24868995995362,10083.636332540516,1,1
exp_078,41,s1,s2,3.1866198982424305,7,20.861995689986095,75.72245268781685,14733.47468707367,1,1
exp_078,42,s1,s2,5.097744942161526,8,17.79459073629598,82.95394135816204,8887.424867526142,1,1
exp_078,43,s1,s2,0.8164802900136021,3,14.239307167231638,62.895558581484195,9564.878541655546,0,1
exp_078,44,s1,s2,3.764429170774506,2,16.448589793757204,131.44783049626292,7628.462287612546,1,1
exp_078,45,s1,s2,5.462337312890853,4,20.111140221620765,59.877666352148026,9054.461824295717,1,1
exp_078,46,s1,s2,0.33467775063363286,9,2.719346349393479,5.1724693873146155,13393.452555891929,0,1
exp_078,47,s1,s2,3.7548961134382357,4,21.044839533106664,83.51908198238398,5794.206538543878,1,1
exp_078,48,s1,s2,1.1705912300234718,5,32.252773935403226,10.01912392818516,7397.9117379540985,1,1
exp_078,49,s1,s2,2.045117900262775,5,20.054262204318356,108.61296398833808,14456.35216715493,1,1
exp_079,0,s1,s2,0.055184265108360914,0,2.6662716361037946,0.18940012255869165,10472.85167696184,0,0
exp_079,1,s1,s2,0.05250260700254292,0,2.9857449896928747,130.35764057502584,6526.032910092886,0,0
exp_079,2,s1,s2,0.08438703385634608,0,2.744184295747592,15.14991649200621,11246.595938799102,0,0
exp_079,3,s1,s2,0.2034619842375298,0,3.740639589528534,164.5335897787697,13479.70446357703,0,0
exp_079,4,s1,s2,0.006018400312433767,0,2.64365414686874,62.92940372555326,13324.923798965136,0,0
exp_079,5,s1,s2,0.06390995141963585,0,1.4337623201949758,101.03402553749004,11483.87481173526,0,0
exp_079,6,s1,s2,0.21878480611429785,0,4.073139315817288,23.24808034785921,8319.48964111822,0,0
exp_079,7,s1,s2,0.15736804578779975,0,0.9048623453369102,83.65960307615372,9200.488542112918,0,0
exp_079,8,s1,s2,0.009566051470027988,0,1.4800817945012985,93.84047666186308,11646.561990889388,0,0
exp_079,9,s1,s2,0.06021763649950296,0,3.1737976077468724,111.41251442281067,13290.060576393795,0,0
exp_079,10,s1,s2,0.05795323414334748,0,3.4852924671514476,175.6556076949567,8747.75296413493,0,0
exp_079,11,s1,s2,0.18498680706589002,0,3.7295685560212113,140.70595710169928,11502.488430168549,0,0
exp_079,12,s1,s2,0.19215321985288225,0,1.6564866891863599,98.53969564574386,12680.497242692065,0,0
exp_079,13,s1,s2,0.25195772800018384,0,4.147386084888474,67.8372939405833,7737.2270308241405,0,0
exp_079,14,s1,s2,0.2857715738014333,0,3.6835225305709534,190.50735083150477,12798.70157903575,0,0
exp_079,15,s1,s2,0.16778836330507954,0,1.9801688591640203,22.82006419135857,12610.333647234023,0,0
exp_079,16,s1,s2,0.0048754063740791415,0,3.2557062084205564,90.67442452821992,6548.204094514341,0,0
exp_079,17,s1,s2,0.14239864753643086,0,4.402920309356276,40.19114176926044,5738.465033029919,0,0
exp_079,18,s1,s2,0.033765405781731615,0,4.097697870359365,88.44411717951974,10634.958576461177,0,0
exp_079,19,s1,s2,0.004627987531418129,0,2.211027711395061,98.88642583254568,10617.123862977665,0,0
exp_079,20,s1,s2,0.06876198856941622,0,2.5375129689746885,95.53117269046712,13789.36378651503,0,0
exp_079,21,s1,s2,0.16227085734927404,0,4.043164516667667,196.06273724451412,11949.464313698312,0,0
exp_079,22,s1,s2,0.015547323925697465,0,2.8355881499925815,116.51718949056696,11564.902724430023,0,0
exp_079,23,s1,s2,0.09333241837899464,0,3.874642790320008,115.76563702076025,7959.112066506198,0,0
exp_079,24,s1,s2,0.1382095939848145,0,2.274213629855549,108.4222942986045,9141.546808819752,0,0
exp_079,25,s1,s2,0.18198600579621926,0,2.80958812621044,0.8800790666109171,9886.3856815366,0,0
exp_079,26,s1,s2,0.09623605000438637,0,0.2587877680823687,108.35560356550673,7959.200901005964,0,0
exp_079,27,s1,s2,0.25208428113744863,0,2.0898111882659656,144.89113719950194,12231.792610922434,0,0
exp_079,28,s1,s2,0.1785302027746874,0,2.235768282895894,69.56228769408317,6453.006326811578,0,0
exp_079,29,s1,s2,0.022325432105200844,0,3.625374255887157,80.25812386750029,12700.044132524325,0,0
exp_079,30,s1,s2,0.00018460197647369043,0,2.050046475206237,121.15989133889919,5622.758105109562,0,0
exp_079,31,s1,s2,0.14261613847749152,0,5.3766166571755125,60.6583644466691,9253.53018797459,0,0
exp_079,32,s1,s2,0.006953429929093805,0,3.756318940635823,128.28580044016064,5414.205430887003,0,0
exp_079,33,s1,s2,0.04711518033196893,0,5.099284413773625,157.1970895021634,10781.529411412988,0,0
exp_079,34,s1,s2,0.11807142403118143,0,2.9065413865495673,119.9372122449593,10566.235669555894,0,0
exp_079,35,s1,s2,0.12009062758142425,0,1.2816807292563108,170.11703266040925,11240.792879498264,0,0
exp_079,36,s1,s2,0.10501408336815153,0,1.6573002698172066,119.34406126477714,10059.813581524319,0,0
exp_079,37,s1,s2,0.2157245774534661,0,3.3809845606224673,127.99808335049707,11971.95514437225,0,0
exp_079,38,s1,s2,0.016638419916709786,0,2.0143662855469042,94.86529651787913,13172.844496360196,0,0
exp_079,39,s1,s2,0.03439606942783653,0,3.6688209749459917,128.36895486705478,13924.960974115407,0,0
exp_079,40,s1,s2,0.1401733243644748,0,5.008824314352343,166.21648061970464,8205.822768226191,0,0
exp_079,41,s1,s2,0.01947944506006418,0,2.7913669576119475,87.88251687573536,14339.518874028474,0,0
exp_079,42,s1,s2,0.017964504688518183,0,2.1730246661363557,129.33451082769233,14752.897702157738,0,0
exp_079,43,s1,s2,0.04566287300757005,0,1.2906682825678117,21.358010347229538,13164.591840602086,0,0
exp_079,44,s1,s2,0.024627212248111204,0,3.47802693664343,150.37561906976805,7202.80167796925,0,0
exp_079,45,s1,s2,0.0067644722620554395,0,2.299250233309705,134.28391825099357,13890.6682972283,0,0
exp_079,46,s1,s2,0.01390152901587629,0,4.530225979825708,146.3302202696249,11577.024145572192,0,0
exp_079,47,s1,s2,0.03798409507544069,0,3.326295709347442,122.70743139209142,10102.063416212808,0,0
exp_079,48,s1,s2,0.09245573764674375,0,3.6312112231699203,104.68932133091884,13964.132367792892,0,0
exp_079,49,s1,s2,0.02685297024827263,0,2.562871442980998,107.27528277962304,8357.271994608336,0,0
exp_079,50,s1,s2,0.06465576682646126,0,2.5082619601322076,147.77727749589116,8105.783121245465,0,0
exp_079,51,s1,s2,0.2529024808552194,0,3.0985793889727185,59.72674825466173,10042.392698481033,0,0
exp_079,52,s1,s2,0.005904405430803051,0,2.7842386014478677,62.3215654098247,6341.61219344781,0,0
exp_079,53,s1,s2,0.06502254485720214,0,4.574210003841888,144.77976542809674,10464.700659207645,0,0
exp_079,54,s1,s2,0.047748758977580574,0,2.6271472286890067,72.66583195204697,9194.216770158535,0,0
exp_079,55,s1,s2,0.2578529434954116,0,2.612863943496862,33.56816318065877,12323.088573740542,0,0
exp_079,56,s1,s2,0.122146948915865,0,3.1613108202029236,41.70674974575525,13987.790552502336,0,0
exp_079,57,s1,s2,0.11654793843443777,0,2.9734522786291557,144.07852380690463,14236.729919892972,0,0
exp_079,58,s1,s2,0.13326311961586973,0,4.480464966350986,75.40818022970869,9712.28167319945,0,0
exp_079,59,s1,s2,0.026536273642361465,0,2.436246146856861,28.905920141105522,6114.662260121754,0,0
exp_079,60,s1,s2,0.019573059938564855,0,3.6218700724910033,100.04169458531136,10776.86342017225,0,0
exp_079,61,s1,s2,0.05250880997005602,0,2.272097462648729,69.20587083643889,11584.070293788956,0,0
exp_079,62,s1,s2,0.18860172979310352,0,4.091874665065612,-8.999931254976623,12067.26761249039,0,0
exp_079,63,s1,s2,0.0060063827587465935,0,4.301541033390057,57.766883549896555,11846.19026519272,0,0
exp_079,64,s1,s2,0.005482343845852812,0,3.7613946575648365,44.53581778689255,7714.160423559046,0,0
exp_079,65,s1,s2,0.1684216923192885,0,3.3753498005303024,90.34962482077151,12963.189563706655,0,0
exp_079,66,s1,s2,0.21554166166536928,0,4.277011263085343,88.21795841813396,13534.935718467486,0,0
exp_079,67,s1,s2,0.05107536661466684,0,4.4002953331565,80.18646507200772,7128.912059161095,0,0
exp_079,68,s1,s2,0.131973483878575,0,3.6981700736817213,146.00523395055546,13498.130653571618,0,0
exp_079,69,s1,s2,0.05333020822090937,0,2.7372936182550847,101.20172600927125,6460.53163006024,0,0
exp_079,70,s1,s2,0.10333694314616818,0,1.6411119179611597,113.98929579363177,7434.647941602815,0,0
exp_079,71,s1,s2,0.04217198056998771,0,3.7689972664010316,175.8419047904903,5695.712641752898,0,0
exp_079,72,s1,s2,0.14268628419956148,0,3.8572650300155624,40.770832036970525,6233.628446615505,0,0
exp_079,73,s1,s2,0.6176001381018076,0,3.178261791756626,84.5263397740699,10413.303592530954,0,0
exp_079,74,s1,s2,0.008985817941733098,0,2.93246888659928,88.36597240202728,13022.23932007144,0,0
exp_079,75,s1,s2,0.004202192277274923,0,3.9881111928057504,164.9933863408817,7655.376767727672,0,0
exp_079,76,s1,s2,0.00806592697550095,0,2.752466732344947,125.74653154218554,6113.832317867611,0,0
exp_079,77,s1,s2,0.11441864266349543,0,2.8712431569324233,25.153135838232444,5504.055442360331,0,0
exp_079,78,s1,s2,0.49595547417416397,0,1.428550383413554,40.959845917644124,14145.723282670735,0,0
exp_079,79,s1,s2,0.03996806511506784,0,2.217524073902764,93.69455576018498,14554.623880354757,0,0
exp_079,80,s1,s2,0.008899651791603786,0,3.218716417794101,176.79916138186553,5614.051440475348,0,0
exp_079,81,s1,s2,0.0001705281206917329,0,3.0558397780082376,105.02144704180223,11864.362435394149,0,0
exp_079,82,s1,s2,0.05772441876978545,0,3.7645740861154446,44.444092972391545,11083.010686170992,0,0
exp_079,83,s1,s2,0.12958768394102807,0,3.2339605698244416,133.01566072577145,8263.340681821044,0,0
exp_079,84,s1,s2,0.1435286127952404,0,2.610370899701765,98.07875455471586,11511.036694199573,0,0
exp_079,85,s1,s2,0.027853990581994698,0,2.7245504866546604,80.71616089489174,9761.578811292486,0,0
exp_079,86,s1,s2,0.005114218084076742,0,3.155764074699011,149.80253053465637,7929.961801154157,0,0
exp_079,87,s1,s2,0.1161567577663165,0,3.4605502678476396,161.4951317609118,7024.946819105236,0,0
exp_079,88,s1,s2,0.01168579363574709,0,2.603234009683422,126.9108905875326,5200.824306774977,0,0
exp_079,89,s1,s2,0.10297453279394911,0,3.287340157496561,148.98234321477278,13338.656426085434,0,0
exp_079,90,s1,s2,0.06358895397618025,0,3.597509359273362,158.81698364233446,5286.446479696559,0,0
exp_079,91,s1,s2,0.2971189282943599,0,2.4041574250130866,178.38248752307368,7069.852232862822,0,0
exp_079,92,s1,s2,0.019844648454579353,0,2.606341926601784,74.98453653228115,10506.360133473952,0,0
exp_079,93,s1,s2,0.11512066289052199,0,3.495879828931335,5.42427391380389,8412.526594538502,0,0
exp_079,94,s1,s2,0.11924065312103532,0,2.963646128715916,64.79043277636504,12703.874926345308,0,0
exp_079,95,s1,s2,0.0781413758629132,0,2.038577798434312,64.05286149191373,12676.222017635888,0,0
exp_079,96,s1,s2,0.07419027891428427,0,2.5753865829933615,64.1886484825992,10226.593229963748,0,0
exp_079,97,s1,s2,0.5554237564631429,0,1.9750111387620546,79.73347900935914,9970.66525791658,0,0
exp_079,98,s1,s2,0.03713338298096097,0,1.7540606775412337,223.44759289252661,11894.899217125228,0,0
exp_079,99,s1,s2,0.2456794044640097,0,3.526953311573389,75.43201319277111,14492.657155485353,0,0
exp_079,100,s1,s2,0.04677815902327161,0,2.024114456545478,134.15503487830094,9452.2359318255,0,0
exp_079,101,s1,s2,0.08627314970832159,0,3.5327766091780473,59.07782169022698,11898.827413943565,0,0
exp_079,102,s1,s2,0.21814885531643388,0,4.8796057940791435,185.07704001603824,11193.873559693015,0,0
exp_079,103,s1,s2,0.0319906770669504,0,3.74707574223612,159.44585741158258,13391.45625460911,0,0
exp_079,104,s1,s2,0.14635469862441478,0,1.9673996909043212,121.09796756907667,14191.4732320883,0,0
exp_079,105,s1,s2,0.04576201126873458,0,2.9054843848386303,122.36004457213126,6459.382926831709,0,0
exp_079,106,s1,s2,0.2161430620636086,0,3.6161306405912095,131.74942977483627,5894.1075073111815,0,0
exp_079,107,s1,s2,0.21142800815875085,0,2.2562022449244137,220.93836799220867,14131.716214131386,0,0
exp_079,108,s1,s2,0.10967381034966744,0,3.059001497102084,44.588381861966106,11366.165888475627,0,0
exp_079,109,s1,s2,0.2288196090325233,0,3.8888154609240404,66.75543929254394,12998.12903834746,0,0
exp_079,110,s1,s2,0.013702260533443306,0,3.0482560723625656,85.69185757907995,12894.788862909858,0,0
exp_079,111,s1,s2,0.08084027676434814,0,3.457841850719605,158.65082122742038,11532.923616723003,0,0
exp_079,112,s1,s2,0.002855836138482859,0,3.2431218394412387,77.77608950526063,12628.43282376289,0,0
exp_079,113,s1,s2,0.07812747687855988,0,4.744354117732528,168.76175244205137,6049.9131885394945,0,0
exp_079,114,s1,s2,0.11023450595497349,0,5.446979708845154,74.30647660820199,10631.418288105226,0,0
exp_079,115,s1,s2,0.14396961861768334,0,1.9670358878745018,25.908552141129505,8916.063065245797,0,0
exp_079,116,s1,s2,0.14374028270061756,0,1.7400381711139963,86.56105819338609,14830.409704170288,0,0
exp_079,117,s1,s2,0.06799977425380732,0,3.3191906230894803,63.375604156323945,12391.623575284837,0,0
exp_079,118,s1,s2,0.06935929577216128,0,1.9474554368957917,123.54734361929678,8679.223852803789,0,0
exp_079,119,s1,s2,0.017653266883078517,0,4.132413093868646,-1.6681611652508366,9425.394071819133,0,0
exp_079,120,s1,s2,0.08994700971244836,0,0.9905809089187714,100.97014144784453,6434.159981210121,0,0
exp_080,0,s1,s2,0.06538690689379568,0,4.1503645369655375,27.58921333244677,10335.534109540218,0,0
exp_080,1,s1,s2,0.00261687541868508,0,3.0845988196060774,127.53612219996752,13744.917916776692,0,0
exp_080,2,s1,s2,0.1326630844798398,0,3.713130488046608,85.8526008045662,12904.22353104785,0,0
exp_080,3,s1,s2,0.056175341812152814,0,2.5036399486310232,136.98873415059404,11706.834788251355,0,0
exp_080,4,s1,s2,0.01216951447496658,0,3.4070707198177135,132.4481551214202,6525.678312609877,0,0
exp_080,5,s1,s2,0.00215654775715545,0,4.590289528586304,50.037263464036506,7831.474065060358,0,0
exp_080,6,s1,s2,0.3621414767651826,0,3.149231063280211,133.11601903681125,8155.990725867274,0,0
exp_080,7,s1,s2,0.2265956697145203,0,3.384684789811088,99.05361955757431,9539.053742580667,0,0
exp_080,8,s1,s2,0.27016974714891784,0,2.936040437259155,113.55069864734334,14645.584770442285,0,0
exp_080,9,s1,s2,0.014843102766326373,0,2.500847800988487,62.039131100851606,9675.56186737462,0,0
exp_080,10,s1,s2,0.019970144620214264,0,2.265066127861002,85.18232123520004,9300.081129032911,0,0
exp_080,11,s1,s2,0.17572333203462934,0,4.257763795792101,119.2731547102305,6357.126952649454,0,0
exp_080,12,s1,s2,0.05098857160156284,0,2.8865795292480994,79.90701608371248,11144.977357425403,0,0
exp_080,13,s1,s2,0.08413437631792214,0,4.0312392435988205,62.96560765003701,5205.767410102668,0,0
exp_080,14,s1,s2,0.0956923303803688,0,2.4106679208958295,95.45179680726213,12136.384803174242,0,0
exp_080,15,s1,s2,0.06628302936471141,0,3.328907489059311,141.29515153179275,11925.256612422903,0,0
exp_080,16,s1,s2,0.14578327161653945,0,4.3648635610250555,81.42087580042275,5506.229700863158,0,0
exp_080,17,s1,s2,0.1450416562388169,0,3.9595316097323,198.09615071337151,8181.506192306164,0,0
exp_080,18,s1,s2,0.01211654340068151,0,2.5851597269984916,207.7776916705391,7178.448542526594,0,0
exp_080,19,s1,s2,0.004433512993636135,0,1.9365134851403167,105.51589842820921,14294.193867830629,0,0
exp_080,20,s1,s2,0.01632625688615565,0,3.4921438481668767,72.53655435656869,7893.426062545394,0,0
exp_080,21,s1,s2,0.028135619927556373,0,2.749558774739505,73.26482401887819,9050.90322962572,0,0
exp_080,22,s1,s2,0.1428885326196353,0,2.4641487478860986,119.72379782257218,9615.297382413997,0,0
exp_080,23,s1,s2,0.07001811006675117,0,2.130803589645428,74.73253637721224,12117.405276279182,0,0
exp_080,24,s1,s2,0.032503046464942155,0,1.5041918952771067,152.55047353482502,10062.36330609922,0,0
exp_080,25,s1,s2,0.04110599351118367,0,4.564136943639982,70.26244481202473,13838.249068279047,0,0
exp_080,26,s1,s2,0.07107934233513229,0,3.99936400753988,115.11772397803088,6432.224010895849,0,0
exp_080,27,s1,s2,0.017697346387603147,0,1.60991140303611,48.758355758077975,14863.736962769975,0,0
exp_080,28,s1,s2,0.08303240096797089,0,5.570780598291756,139.0369393496181,13751.543752018577,0,0
exp_080,29,s1,s2,0.0279115892268611,0,1.2361442060868497,104.22305456489399,12805.763109689264,0,0
exp_080,30,s1,s2,0.15011004792585367,0,2.933755512979307,128.49132268965914,6586.510520275454,0,0
exp_080,31,s1,s2,0.22673230844331235,0,2.731199165162712,119.7855741683823,7762.6981655099635,0,0
exp_080,32,s1,s2,0.03760239446906766,0,4.263642541082097,90.73515849377192,6443.698905349107,0,0
exp_080,33,s1,s2,0.12052767676679182,0,1.8736462449630422,72.76060532416783,8384.384700071623,0,0
exp_080,34,s1,s2,0.07620170769373763,0,3.2072887183277246,134.05134127982055,11070.811296554162,0,0
exp_080,35,s1,s2,0.011512025048176345,0,3.163669153598137,56.65737412248842,9526.152496286226,0,0
exp_080,36,s1,s2,0.0005004620144343134,0,2.1290956040111015,82.59605089523433,14881.194982436653,0,0
exp_080,37,s1,s2,0.06164779583539194,0,4.889613524596136,51.589128010169794,8570.935035372277,0,0
exp_080,38,s1,s2,0.12570734431268243,0,2.99749601605421,145.9592274565326,8829.23021454007,0,0
exp_080,39,s1,s2,0.07379287616315203,0,4.085608954235631,116.16578818441671,8944.794513490457,0,0
exp_080,40,s1,s2,0.005280124224358763,0,3.4272811197535367,129.30400029037702,6765.0198701515965,0,0
exp_080,41,s1,s2,0.1380786433671184,0,2.987747019981911,57.841705582238184,8708.997504932075,0,0
exp_080,42,s1,s2,0.2356896967365697,0,3.436467428535025,74.30281703831879,5485.119018941796,0,0
exp_080,43,s1,s2,0.12098391794805628,0,1.7862274069755433,154.54302974774888,7355.210242356071,0,0
exp_080,44,s1,s2,0.10197330242801549,0,2.180549054624026,70.26828949984368,11476.697057301933,0,0
exp_080,45,s1,s2,0.12883949712608248,0,3.216571353812535,20.920457969681472,11636.295493808568,0,0
exp_080,46,s1,s2,0.284587729033749,0,2.655069125955173,166.08784071331064,13444.073438001687,0,0
exp_080,47,s1,s2,0.05828480567930797,0,2.6324537540837247,57.222798627830386,13047.240106484158,0,0
exp_080,48,s1,s2,0.31191385695513557,0,1.7540663750935508,96.00753844976785,6025.243072972048,0,0
exp_080,49,s1,s2,0.0730853628579639,0,2.0912192903549474,158.78114032897668,11746.767278561449,0,0
exp_080,50,s1,s2,0.08458564978782206,0,1.382926280930233,185.40775490798688,7615.755497478808,0,0
exp_080,51,s1,s2,0.0442065237779116,0,3.250263951803002,7.010690861024971,10580.543054432108,0,0
exp_080,52,s1,s2,0.20064890227253646,0,2.296455820806598,150.10793105868433,14313.25285635433,0,0
exp_080,53,s1,s2,0.20276294583703997,0,2.8644978192335726,101.77147038443697,7091.3661725969105,0,0
exp_080,54,s1,s2,0.15574113358021055,0,1.9447596848803872,93.477671730335,9082.596709578844,0,0
exp_080,55,s1,s2,0.02381342573659586,0,1.9986433554487641,84.40581805543451,8588.312337982534,0,0
exp_080,56,s1,s2,0.013781479901314647,0,4.0275102630574455,62.87639000606936,7919.464388640133,0,0
exp_080,57,s1,s2,0.0785705421299762,0,2.6701804470486503,58.75196755644765,5396.376672442552,0,0
exp_080,58,s1,s2,0.07944454283331222,0,3.8644262417052255,82.29608452036462,8925.526003452791,0,0
exp_080,59,s1,s2,0.08159367468341332,0,3.040215381718048,106.71605776273398,10004.719947565762,0,0
exp_080,60,s1,s2,0.010327904981383923,0,3.4821600614730324,154.3448986154827,6085.243150291242,0,0
exp_080,61,s1,s2,0.028192421514096122,0,2.398613712201343,102.48832683171263,12183.100963849169,0,0
exp_080,62,s1,s2,0.02585037237452108,0,1.3771253649327229,96.76833330833206,9891.869023749845,0,0
exp_080,63,s1,s2,0.021032482066102004,0,3.8084059211530277,109.25008820587082,13073.35946059112,0,0
exp_080,64,s1,s2,0.027643985554273633,0,0.26447179280468625,96.63711214306105,14654.751193888906,0,0
exp_080,65,s1,s2,0.16035608529134435,0,2.167897788061,124.7114970514787,14504.685495099646,0,0
exp_080,66,s1,s2,0.49542809193910115,0,0.4691008858757999,76.72670597380778,12995.356416540964,0,0
exp_080,67,s1,s2,0.03382855387264209,0,2.2076923339405035,88.90239758702758,8426.360865510676,0,0
exp_080,68,s1,s2,0.36440531413122423,0,2.956253037980641,103.08426737801982,11218.318685327593,0,0
exp_080,69,s1,s2,0.06930916585511558,0,1.2073526539230324,60.440269939261135,13663.19592006087,0,0
exp_080,70,s1,s2,0.06626280415172812,0,3.9537913419442394,151.8768996365976,6360.711170478859,0,0
exp_080,71,s1,s2,0.005017360417248241,0,2.9646627890681807,162.05267217569474,13100.855316765788,0,0
exp_080,72,s1,s2,0.03524912046541517,0,3.189186941207515,110.3460769522174,8816.71427660692,0,0
exp_080,73,s1,s2,0.0530514962431147,0,2.709359385415635,95.34191448604346,11876.605912277295,0,0
exp_080,74,s1,s2,0.031846098636976815,0,2.176646146137047,128.77523910626888,5892.924924626945,0,0
exp_080,75,s1,s2,0.1695249620899589,0,2.7057785859186714,139.08075907525426,8529.55933726107,0,0
exp_080,76,s1,s2,0.04947487312980504,0,3.539269083341967,142.6606729333826,6219.763341024271,0,0
exp_080,77,s1,s2,0.10070105383574837,0,3.676384505607764,128.41627199246233,11256.426218045564,0,0
exp_080,78,s1,s2,0.01991683965417184,0,3.1425395354244063,105.23655807748533,11337.961430561174,0,0
exp_080,79,s1,s2,0.032174622212584256,0,2.457367188682171,67.60420220063494,5169.042540347971,0,0
exp_080,80,s1,s2,0.00102206443618065,0,3.455150189279305,89.07957447825302,11213.274558728463,0,0
exp_080,81,s1,s2,0.04879347294646358,0,3.228176338716731,98.97505515667297,12201.399552832165,0,0
exp_080,82,s1,s2,0.005259819921458942,0,3.0965869113361326,157.03596711397552,9527.284082027589,0,0
exp_080,83,s1,s2,0.14182049351666662,0,3.676393741280102,131.35205408696243,12605.36354915478,0,0
exp_080,84,s1,s2,0.10251854075239936,0,3.8518817484693084,120.86122568122879,11905.406231547633,0,0
exp_080,85,s1,s2,0.010686998742799521,0,1.954040169196297,123.05832465904267,5142.529624172172,0,0
exp_080,86,s1,s2,0.024101062390585404,0,3.319286084838807,28.42401896661515,6514.698030529925,0,0
exp_080,87,s1,s2,0.032772420032517076,0,3.7028437332571786,85.29699422752542,10857.277701127896,0,0
exp_080,88,s1,s2,0.02566594934207721,0,3.2066610649858287,106.22521617275916,11592.358275814933,0,0
exp_080,89,s1,s2,0.022480834708769718,0,2.8869063674423336,91.34582439481393,8385.0850541935,0,0
exp_080,90,s1,s2,0.04060682459697872,0,7.0994503329339205,42.34255877005913,9714.326116151364,0,0
exp_080,91,s1,s2,0.04213260441870523,0,2.8095158917048817,54.15586428486592,14857.603424523242,0,0
exp_080,92,s1,s2,0.10609549308155933,0,2.178234875201728,94.05909216853887,7132.487190625258,0,0
exp_080,93,s1,s2,0.08548365577729704,0,2.6043440712690833,99.91251903742403,5862.3583176589555,0,0
exp_080,94,s1,s2,0.044006987768921195,0,1.9749442247546003,186.48935969741748,10394.325461237348,0,0
exp_080,95,s1,s2,0.05278441409533211,0,1.857495449466396,112.01746033702014,6200.13208973467,0,0
exp_080,96,s1,s2,0.07520285095026778,0,2.807747295408792,80.14340332285417,14268.950329384845,0,0
exp_080,97,s1,s2,0.20891938076000294,0,3.027711015619144,164.09754399648293,5278.847045974814,0,0
exp_080,98,s1,s2,0.01293905621679934,0,4.422904782853038,61.63396016483493,13545.27793218289,0,0
exp_080,99,s1,s2,0.09684675731573616,0,2.5669507695124922,129.9802168564626,9621.357467763102,0,0
exp_080,100,s1,s2,0.08652217015690675,0,3.4786450328881813,49.61000577302993,7405.1002964182535,0,0
exp_080,101,s1,s2,0.017312546663432363,0,3.44285644430959,201.308615245377,13051.8997747133,0,0
exp_080,102,s1,s2,0.03847235059139087,0,2.098211129629347,78.03038791850027,11522.58146028608,0,0
exp_080,103,s1,s2,0.12340604117734162,0,2.588175388723145,69.72084728383024,6542.713173700398,0,0
exp_080,104,s1,s2,0.13770452542808007,0,2.52008971400442,79.92730228491607,5698.517074865881,0,0
exp_080,105,s1,s2,0.17796301728149388,0,2.8217109737751005,70.83423860790575,10966.525407264297,0,0
exp_080,106,s1,s2,0.05078379372842454,0,3.8209250220996034,95.6347366551616,12589.211613300642,0,0
exp_080,107,s1,s2,0.04170944222407824,0,3.4675951032977324,67.56446953151041,10735.237772119128,0,0
exp_080,108,s1,s2,0.32766820498126237,0,3.1343122656390814,143.0990440947622,5699.10193505831,0,0
exp_080,109,s1,s2,0.0031449059293391737,0,3.5010387141425223,142.69566052436318,10601.573868563271,0,0
exp_080,110,s1,s2,0.11677219917544451,0,5.351405766124085,159.71259623229744,7258.889614096334,0,0
exp_080,111,s1,s2,0.06078954419427212,0,4.204229005497367,35.40789430413886,14264.616695553326,0,0
exp_081,0,s1,s2,0.020255115591083228,0,4.938115844724451,139.78882870127939,6323.530918572627,0,0
exp_081,1,s1,s2,0.014124185209681138,0,1.8717691550092606,65.28121171667223,12780.943950452289,0,0
exp_081,2,s1,s2,0.01546157597312822,0,4.571254735852009,76.6299810274573,10738.323175871765,0,0
exp_081,3,s1,s2,0.08074366486940152,0,2.6500931337112745,81.21776894693461,10825.587939097411,0,0
exp_081,4,s1,s2,0.0023849001138273856,0,2.641820903218174,144.2088730694653,9166.162170173271,0,0
exp_081,5,s1,s2,0.029898886699254525,0,3.3291746730722354,143.5042253580256,9499.084690350668,0,0
exp_081,6,s1,s2,0.08802211216478606,0,2.347957585812744,-13.320328661366855,8576.321934142845,0,0
exp_081,7,s1,s2,0.052877711562948994,0,2.4787026049356715,88.58172036791844,5373.462781631688,0,0
exp_081,8,s1,s2,0.019128909032316323,0,3.469454239837562,85.07002348400391,11112.486545231048,0,0
exp_081,9,s1,s2,0.31771862777563276,0,1.9666767942498167,15.686314707956106,12197.53227589857,0,0
exp_081,10,s1,s2,0.08625179483428043,0,5.535385011682016,146.77273506173105,10841.353122764598,0,0
exp_081,11,s1,s2,0.14513254801698947,0,3.3020093855902113,105.55005118957641,14479.63018056433,0,0
exp_081,12,s1,s2,0.05480479411518172,0,2.479402918635276,92.6278774206404,11249.140361371181,0,0
exp_081,13,s1,s2,0.021093614827297616,0,2.0409024588534983,101.68724952401064,13277.29065828292,0,0
exp_081,14,s1,s2,0.1513940605563301,0,3.7715085378154343,89.33542374259721,6857.006461853772,0,0
exp_081,15,s1,s2,0.16816683686024267,0,1.0291262869897768,126.51546368707798,5843.609349176078,0,0
exp_081,16,s1,s2,0.01879104975570245,0,3.298488106864142,150.66617514495678,7370.955583964996,0,0
exp_081,17,s1,s2,0.068488714369776,0,2.908369215635777,144.32902823698643,8615.67153951137,0,0
exp_081,18,s1,s2,0.29773390045104914,0,1.336440772086817,48.69915225480387,7729.861711578423,0,0
exp_081,19,s1,s2,0.08325536738329409,0,2.6817550852431644,101.9211089488211,11540.623239573066,0,0
exp_081,20,s1,s2,0.15526186537256717,0,3.962811232823964,115.09266620163046,7764.163610366759,0,0
exp_081,21,s1,s2,0.021316772916310414,0,2.0673403607587213,129.53904209631028,5911.04879375263,0,0
exp_081,22,s1,s2,0.010160653570997666,0,2.3060777810774424,80.29998434857583,12549.101467995051,0,0
exp_081,23,s1,s2,0.07001578692554795,0,3.657133907943231,61.357328769944544,12503.665091381634,0,0
exp_081,24,s1,s2,0.07402862673522612,0,3.6151793284289413,20.087382025046974,14335.301007541919,0,0
exp_081,25,s1,s2,0.0053017292910125,0,2.0847605713622355,50.403224874843986,11318.116635848828,0,0
exp_081,26,s1,s2,0.10531545183661986,0,2.374963022214385,67.67098900963353,14282.126845191695,0,0
exp_081,27,s1,s2,0.14118124667534346,0,2.037674070677003,87.54346625507284,11295.503662567378,0,0
exp_081,28,s1,s2,0.04338507899127205,0,1.2396694871683203,11.42802890536261,14365.196216642127,0,0
exp_081,29,s1,s2,0.007134823517151764,0,3.43503945451193,38.156188108297286,13837.580658868934,0,0
exp_081,30,s1,s2,0.25003369087221927,0,2.49903504186546,103.15864305513081,8628.81034339474,0,0
exp_081,31,s1,s2,0.2511250118014946,0,4.779171797279794,99.97805056700453,7691.934204494947,0,0
exp_081,32,s1,s2,0.0025324957072311825,0,4.190794708258743,113.92778901832467,14902.686968900596,0,0
exp_081,33,s1,s2,0.18748831190862325,0,5.131209758007332,152.91817519620943,13241.640398711657,0,0
exp_081,34,s1,s2,0.0020009559469333577,0,3.043469775472613,131.44153584537403,14520.522444899208,0,0
exp_081,35,s1,s2,0.1446121508971765,0,2.739184144469068,86.45500808224412,8536.459760127133,0,0
exp_081,36,s1,s2,0.03065088858419361,0,5.060971385155721,39.79843143607103,9365.794994867418,0,0
exp_081,37,s1,s2,0.005807474676416451,0,2.9395907052474297,119.18629098654802,13510.750043217204,0,0
exp_081,38,s1,s2,0.007683168514501961,0,2.530879291885937,122.26881834981687,11794.04942996962,0,0
exp_081,39,s1,s2,0.10841376424034732,0,2.73248819936316,130.56717144514823,6089.5975991564255,0,0
exp_081,40,s1,s2,0.19992694855220244,0,1.8538663778588114,63.914197736383485,9862.086119883625,0,0
exp_081,41,s1,s2,0.01579829854191668,0,2.140780723640056,23.965322059760275,7772.552934910694,0,0
exp_081,42,s1,s2,0.05983089316303563,0,4.327193103646142,72.1238469378363,14184.086769247098,0,0
exp_081,43,s1,s2,0.010638683853352034,0,3.985316073638129,75.39662549825141,11737.02504676889,0,0
exp_081,44,s1,s2,0.03907175703888208,0,3.0887035831077383,194.34546429561482,6889.738907971226,0,0
exp_081,45,s1,s2,0.019101485312643624,0,4.004790842219109,150.58763252495226,10307.737609614334,0,0
exp_081,46,s1,s2,0.06959825309249802,0,2.7194392076796485,36.52683815154912,13713.97521031101,0,0
exp_081,47,s1,s2,0.19291426551455906,0,1.9974449594192847,86.26302553203867,9660.896164292031,0,0
exp_081,48,s1,s2,0.14978197282398095,0,4.5660520983661375,121.72125576890625,5451.558121076004,0,0
exp_081,49,s1,s2,0.009853735020757573,0,4.083369296360516,119.35843133134021,13738.650845252174,0,0
exp_081,50,s1,s2,0.11659365271705042,0,2.4332915179142547,72.21432277262562,13813.627473571538,0,0
exp_081,51,s1,s2,0.012017570451386328,0,3.3495469861645946,197.05557377530113,9214.200961370856,0,0
exp_081,52,s1,s2,0.05804161133693946,0,2.736256163771387,151.54235402468723,6069.812087373073,0,0
exp_081,53,s1,s2,0.6137384646182144,0,3.051376085680181,41.533507659247746,7646.191885983921,0,0
exp_081,54,s1,s2,0.07148670824187435,0,3.628917060874175,84.54459917734542,14683.415957088595,0,0
exp_081,55,s1,s2,0.052774170164177986,0,3.205688917376109,72.93702131344443,8766.255640484682,0,0
exp_081,56,s1,s2,0.4266461591624806,0,4.033612837646471,139.84662823195268,9710.964042905634,0,0
exp_081,57,s1,s2,0.03247121022885898,0,1.9197132063037228,36.59709504022888,7252.81990641373,0,0
exp_081,58,s1,s2,0.19014128403344085,0,2.85722835105359,66.51575331114697,12476.031448409924,0,0
exp_081,59,s1,s2,0.0003832810288791849,0,3.3701754528198276,133.91734426595158,5733.73956834068,0,0
exp_081,60,s1,s2,0.2253762443585009,0,5.170254862976325,90.95128677509243,13820.333745188418,0,0
exp_081,61,s1,s2,0.21299969583826456,0,1.5515825252244884,74.8053154784241,7574.215443461767,0,0
exp_081,62,s1,s2,0.14521845639382594,0,1.5178724005450195,62.4091156855965,6883.738476158419,0,0
exp_081,63,s1,s2,0.042538307509292446,0,3.2174765141164374,96.048885939664,7998.6344973961695,0,0
exp_081,64,s1,s2,0.19274492713747604,0,3.5580647685685016,75.38646029881671,8537.303975571835,0,0
exp_081,65,s1,s2,0.02178121882486049,0,1.3817328109497027,189.41078199914892,5819.639255320942,0,0
exp_081,66,s1,s2,0.08554132737451475,0,2.6223558377179397,-22.523199162003472,11303.918614022085,0,0
exp_082,0,s1,s2,0.0053922960789354974,0,2.069396968338757,133.9825523972373,12944.59213825296,0,0
exp_082,1,s1,s2,0.03722558842459291,0,3.9825873813112866,97.2282160437904,13061.794668525476,0,0
exp_082,2,s1,s2,0.15226346256103973,0,1.5376683908551996,186.5846494326812,14090.77276430474,0,0
exp_082,3,s1,s2,0.0430157363426869,0,3.723623511052824,-24.476854576770425,12964.00665632112,0,0
exp_082,4,s1,s2,0.031238339235115764,0,3.062252459435203,134.44846681690348,13409.772611744093,0,0
exp_082,5,s1,s2,0.07457433938114842,0,3.1140338884444105,171.2044548390238,9494.155881865825,0,0
exp_082,6,s1,s2,0.011834406794392129,0,2.406600431417962,119.43180320311326,6923.178128039931,0,0
exp_082,7,s1,s2,0.013515929489258808,0,2.295233636749753,76.96322415357281,8199.724825143327,0,0
exp_082,8,s1,s2,0.0691318237190337,0,0.6982361439688232,102.95729711537413,9949.32271041429,0,0
exp_082,9,s1,s2,0.05574656522759398,0,2.622836238808786,127.10189349304366,12217.822150362505,0,0
exp_082,10,s1,s2,0.05192604577380766,0,3.848162873230434,24.385298417424295,12688.844188631043,0,0
exp_082,11,s1,s2,0.05977214676182009,0,2.302368094600466,97.35538374872944,14239.959806278439,0,1
exp_082,12,s1,s2,0.18766423987998837,0,4.404127575854777,72.9702191968611,8132.791757084592,0,1
exp_082,13,s1,s2,0.13108967378283962,0,0.11238614985388073,161.42646582203133,5565.229972581147,0,1
exp_082,14,s1,s2,0.33645353760048363,0,3.438735040057476,125.22821376672327,8049.1619765372425,0,1
exp_082,15,s1,s2,0.03419132704285346,0,4.1504365197361395,112.16036537021314,14346.284061686523,0,1
exp_082,16,s1,s2,0.03132447323008584,0,4.5085055300123,136.1844113526285,7263.92145183224,0,1
exp_082,17,s1,s2,0.05233514626020961,0,3.5880537618277852,53.801599468288565,13637.851365451977,0,1
exp_082,18,s1,s2,0.2099924733649131,0,1.8176230623812344,165.78745934370338,11610.403768542545,0,1
exp_082,19,s1,s2,0.1997063548171537,0,1.7616029390627506,189.46330303835413,14198.027507189989,0,1
exp_082,20,s1,s2,0.18031233538905544,0,4.028868314715849,84.81071994688028,10703.496712466978,0,1
exp_082,21,s1,s2,0.003890609514691873,0,2.521581333461349,210.5926978392554,7751.546591872974,0,1
exp_082,22,s1,s2,0.3519411486803224,0,2.614471625295135,46.605856422988666,9172.351754193493,0,1
exp_082,23,s1,s2,0.1313120179839072,0,3.786430108116729,133.76938030430352,6064.287727148945,0,1
exp_082,24,s1,s2,0.06468592099998334,0,2.9518170730216093,41.50694468338906,14303.930696512083,0,1
exp_082,25,s1,s2,1.6676784439154868,4,9.89727638930997,62.69554221451988,10486.912662093353,0,1
exp_082,26,s1,s2,0.9911002224372966,4,23.35441306412944,117.38002384663166,13169.87873417865,1,1
exp_082,27,s1,s2,1.8105457912690257,6,17.406500478565963,82.38510667581868,6996.119595428826,0,1
exp_082,28,s1,s2,2.988427052983973,1,25.0902133331918,68.78102781824492,6424.344539587684,1,1
exp_082,29,s1,s2,3.608563793638722,5,15.407968400353738,96.80607402277819,9156.128366008668,1,1
exp_082,30,s1,s2,1.619172262195265,3,20.297004490894313,107.21905419920967,9305.336062339602,1,1
exp_082,31,s1,s2,1.4353644788346667,3,6.652163355437514,110.61461632069725,12841.184920668195,0,1
exp_082,32,s1,s2,3.9466480187767687,5,12.986788205518701,62.8001732949589,13563.15918101452,1,1
exp_082,33,s1,s2,3.873437734835894,6,13.780532301853041,103.96830066957665,6017.893115043411,1,1
exp_082,34,s1,s2,3.210641107797641,4,13.921768123975193,106.52894955615112,13379.1449736047,1,1
exp_082,35,s1,s2,2.7162809530144614,4,16.62206735424268,83.38744750965562,11518.80071673072,1,1
exp_082,36,s1,s2,0.03985127028262925,8,11.964082925365446,130.8782148875453,9049.419082828004,0,1
exp_082,37,s1,s2,7.910044555570779,2,9.342241666263606,26.517184347569,5998.355596268223,1,1
exp_082,38,s1,s2,0.003608227571376471,2,16.2544613968514,153.49342042700727,6711.683504918205,0,1
exp_083,0,s1,s2,0.1312325947078524,0,3.221396907001478,40.36757206979512,12315.960696337237,0,0
exp_083,1,s1,s2,0.07204419037104724,0,5.128986534830715,167.51692597652684,9668.464393794504,0,0
exp_083,2,s1,s2,0.0343319478574028,0,2.500742931448657,107.66092447073483,6709.27246698232,0,0
exp_083,3,s1,s2,0.2593760432965873,0,4.326504123250251,97.69411971274303,12265.406916868662,0,0
exp_083,4,s1,s2,0.03867057512767477,0,3.371667294624724,138.59303065717185,14270.723169184654,0,0
exp_083,5,s1,s2,0.2258667736443073,0,4.01044764270752,83.0468165754152,10630.16072019335,0,0
exp_083,6,s1,s2,0.01709239367790803,0,2.6563071337516564,103.67051648397866,10417.946312703842,0,0
exp_083,7,s1,s2,0.15933137791922025,0,4.839945115980811,114.72934743853978,13795.827318772463,0,0
exp_083,8,s1,s2,0.20383879719684567,0,2.713974574490415,36.97584740018635,6111.650658800982,0,0
exp_083,9,s1,s2,0.09041097647089734,0,3.5337047652152327,94.33591430386238,12501.182264146688,0,0
exp_083,10,s1,s2,0.007382898853387406,0,3.2331071848067388,98.28988172678913,9532.425984817723,0,0
exp_083,11,s1,s2,0.09926357696091226,0,4.024199395255581,162.78242863636996,10187.184590409119,0,0
exp_083,12,s1,s2,0.014248067539744445,0,3.356247986789277,108.56711268722212,14416.966472721224,0,0
exp_083,13,s1,s2,0.08998993234558036,0,0.9034728356359834,95.07399290439129,6035.689886997636,0,0
exp_083,14,s1,s2,0.21465888967496666,0,2.579731926093016,64.03400425090524,12403.984707524745,0,0
exp_083,15,s1,s2,0.12199791709991735,0,4.136794460844515,142.56688883549606,10419.77413948906,0,0
exp_083,16,s1,s2,0.016836063691374952,0,4.109547294368969,-25.947308464777908,8935.5095015367,0,0
exp_083,17,s1,s2,0.10160507807227688,0,2.1102635014515374,138.30580023060395,9327.96533512297,0,0
exp_083,18,s1,s2,0.10223036456924028,0,2.21449671018653,162.75708293084088,5923.397530363587,0,0
exp_083,19,s1,s2,0.14703101712414868,0,3.2098034232885566,209.22495330886315,11750.35888826791,0,0
exp_083,20,s1,s2,0.21144475979294886,0,3.5798114971659136,120.78263746760643,7900.188364857853,0,0
exp_083,21,s1,s2,0.16118584259908675,0,2.9319205349573436,99.00589072000432,5431.842364569994,0,0
exp_083,22,s1,s2,0.13106473781844763,0,2.073516433136954,45.08706150491572,11225.780461355467,0,0
exp_083,23,s1,s2,0.13528954073961696,0,4.7687479431181,125.23386803402845,14410.528365114187,0,0
exp_083,24,s1,s2,0.1925244772312415,0,3.3197481352115723,89.81326808758568,7972.642552485456,0,0
exp_083,25,s1,s2,0.10805413336198022,0,3.3046023902928736,146.23048545671796,13061.961361092048,0,0
exp_083,26,s1,s2,0.2622062094585923,0,2.915576255479141,122.05542576415424,14927.682065945273,0,0
exp_083,27,s1,s2,0.0317016364828421,0,4.584428922637137,88.50951227754544,14701.535679215165,0,0
exp_083,28,s1,s2,0.00543942671691238,0,3.419777229984882,151.16498466808173,5095.265393556423,0,0
exp_083,29,s1,s2,0.4158960620224768,0,2.6814611082640774,46.05384133065454,5302.725040382434,0,0
exp_083,30,s1,s2,0.037036698910653025,0,3.7295903917800586,105.78500986245184,14903.645261736576,0,0
exp_083,31,s1,s2,0.055053413265567445,0,1.8181465045076919,87.50559650325337,9983.58896660562,0,0
exp_083,32,s1,s2,0.28147618918723827,0,2.4839623954069916,63.030325156238376,13913.178737187247,0,0
exp_083,33,s1,s2,0.09846515187774547,0,4.025996029550725,72.19796954997031,6089.6414170211,0,0
exp_083,34,s1,s2,0.19544056950500255,0,4.6249288264056005,105.6923912341909,10183.91591566125,0,0
exp_083,35,s1,s2,0.028272494188271657,0,1.9968355829411695,120.46504903357705,7298.70434548176,0,0
exp_083,36,s1,s2,0.0797010304561821,0,4.437754035637791,67.74570233463191,10835.724775416182,0,0
exp_083,37,s1,s2,0.048019155453823015,0,3.6106018600514362,87.19892655144396,5400.8266196064515,0,0
exp_083,38,s1,s2,0.1174514457563872,0,1.413665491576156,30.087343787208532,11518.767732847808,0,0
exp_083,39,s1,s2,0.19002231496840974,0,3.9154428367124545,160.38300242195373,9962.024500413967,0,0
exp_083,40,s1,s2,0.06333294044633812,0,1.8449146882018699,93.60077794344289,10595.029883719551,0,0
exp_083,41,s1,s2,0.037901444871979335,0,3.660335959263512,213.6880271255201,14399.241953614144,0,0
exp_083,42,s1,s2,0.05708058954043774,0,3.970311508539488,185.9440219958948,11843.947579040912,0,0
exp_083,43,s1,s2,0.03105752786016236,0,3.397538558636252,19.146942320855853,13490.615813633513,0,0
exp_083,44,s1,s2,0.12729966894962824,0,1.3132708993348634,96.18951820949525,12593.472261010207,0,0
exp_083,45,s1,s2,0.2607022727296998,0,3.6249350488526195,70.01881901802449,6724.45528482245,0,0
exp_083,46,s1,s2,0.23104456894591371,0,1.9053096639211262,124.37390641639462,5362.595287969462,0,0
exp_083,47,s1,s2,0.11861862393510712,0,4.572008080970616,174.91744360917264,9822.619189796784,0,0
exp_083,48,s1,s2,0.09530666089389721,0,2.8321371796238446,-7.607455367782445,7730.2787672834465,0,0
exp_083,49,s1,s2,0.05303233913131529,0,2.65474805379911,168.09420463658947,8916.404125278335,0,0
exp_083,50,s1,s2,0.18978609523422774,0,2.425008814894041,59.37974728714932,8616.090685342917,0,0
exp_083,51,s1,s2,0.21257136180645753,0,3.2639404471851736,133.46213989463348,9394.428645626129,0,0
exp_083,52,s1,s2,0.07259344780575776,0,3.5607991979706184,104.96586687652805,14691.672001558918,0,0
exp_083,53,s1,s2,0.18794957281696645,0,1.197051779001571,169.07875182586054,7302.79916685876,0,0
exp_083,54,s1,s2,0.07645483647168191,0,2.417566556809723,89.47822438481013,9762.207583847561,0,0
exp_083,55,s1,s2,0.08464992737330328,0,2.311112392250553,108.99649470210886,9831.101821562002,0,0
exp_083,56,s1,s2,0.10668608926441239,0,2.5532610516628993,108.99690443717171,6588.4348722397535,0,0
exp_083,57,s1,s2,0.019032304953005556,0,3.962404087381139,75.14422787503077,13562.372549386442,0,0
exp_083,58,s1,s2,0.04699266924473536,0,1.5709507418094233,82.65330409414845,9325.137910573118,0,0
exp_083,59,s1,s2,0.03213552810297741,0,2.6492885131057586,83.30721365357672,12756.471513849147,0,0
exp_083,60,s1,s2,0.012436936736599645,0,1.8821153065209577,119.50468319417504,13378.394191050324,0,0
exp_083,61,s1,s2,0.032084881573327964,0,2.9376660195459894,70.40426626737042,14997.971128119623,0,0
exp_083,62,s1,s2,0.16773800982819562,0,1.6895899440220954,114.82359665510243,6175.05037668585,0,0
exp_083,63,s1,s2,0.18235631229722202,0,2.8077689088980393,173.13436889194546,9214.096868121544,0,0
exp_083,64,s1,s2,0.13809995604506073,0,0.6425410857510943,144.32673165170578,7517.2085604782615,0,0
exp_083,65,s1,s2,0.013075069652317466,0,4.194701545898662,117.36701539405111,12461.83112569111,0,0
exp_083,66,s1,s2,0.11917756676375824,0,2.8317008083975477,134.2118100653043,6372.175671366644,0,0
exp_083,67,s1,s2,0.010752853430978261,0,3.1054690616095737,126.97134810678202,13107.932416018524,0,0
exp_083,68,s1,s2,0.07669225862439993,0,1.718793326701627,78.30555748256015,13564.08344943118,0,0
exp_083,69,s1,s2,0.006562202769730805,0,2.911013568374006,106.03675220502859,5095.310459231367,0,0
exp_083,70,s1,s2,0.010970004573438812,0,1.7173802184757918,62.81866046292573,5368.546520849902,0,0
exp_083,71,s1,s2,0.07581484305202131,0,1.2848676213734387,81.76829972694662,11403.058729006902,0,0
exp_083,72,s1,s2,0.02442328971644729,0,3.2946283773729457,145.03640441609852,6360.218817706948,0,0
exp_083,73,s1,s2,0.08454802168512937,0,-0.1461053551909517,157.153615105529,8649.75921513036,0,0
exp_083,74,s1,s2,0.06428448691626942,0,4.567481180507365,128.8611073014914,14178.75581118646,0,0
exp_083,75,s1,s2,0.004539922001213504,0,4.553193334322255,121.372180709275,6155.5413336658285,0,0
exp_083,76,s1,s2,0.24247277945723802,0,3.664672677954169,74.57514145541015,11620.066651158972,0,0
exp_084,0,s1,s2,0.085673123414749,0,1.4594351528300047,49.23124531830556,13519.428602187867,0,0
exp_084,1,s1,s2,0.0023285609022681156,0,1.638404362505445,180.69864480582746,11659.506811432904,0,0
exp_084,2,s1,s2,0.022054386567090276,0,3.4871151585370703,26.71421393425798,14799.385462858012,0,0
exp_084,3,s1,s2,0.36763021998677725,0,2.58112532037236,86.77910443564481,10903.432379299968,0,0
exp_084,4,s1,s2,0.054469718981129435,0,3.17036334020487,179.65669700020823,10105.86805995641,0,0
exp_084,5,s1,s2,0.10397582731325422,0,3.373590626302405,60.610407386919896,9885.197006554536,0,0
exp_084,6,s1,s2,0.17156157933463712,0,2.5766279571326143,61.6162708732536,14502.463740155243,0,0
exp_084,7,s1,s2,0.08053597385784572,0,3.203645746992383,123.12409741373168,14264.313649351257,0,0
exp_084,8,s1,s2,0.038247093855907764,0,3.4741204131352768,160.7417086098948,10795.702031618323,0,0
exp_084,9,s1,s2,0.24640242606596052,0,3.414754710479599,42.43344762570314,5497.706108222107,0,0
exp_084,10,s1,s2,0.015182913624668627,0,4.277870523687155,87.52241938018919,12331.326907500592,0,0
exp_084,11,s1,s2,0.3652138391446498,0,2.8752901492316765,76.07968030890132,6587.908015751609,0,0
exp_084,12,s1,s2,0.003766166451291993,0,2.113311670692825,59.122716530894195,9200.277184621918,0,0
exp_084,13,s1,s2,0.015091732198455566,0,3.8333560250712,98.86606585725137,12481.88931598315,0,0
exp_084,14,s1,s2,0.1846283214813723,0,2.551529027901756,161.90875797084195,12089.610362978352,0,0
exp_084,15,s1,s2,0.140346590958744,0,3.4158458530069282,83.01168455115175,9577.473985222636,0,0
exp_084,16,s1,s2,0.0016495037706110664,0,4.377923445091595,155.88619286097253,10517.622966768333,0,0
exp_084,17,s1,s2,0.02387843595861161,0,0.512819080675198,77.93299944722416,14746.860738439258,0,0
exp_084,18,s1,s2,0.17411334755449512,0,2.3228546132340266,127.80330613200083,8310.400174212165,0,0
exp_084,19,s1,s2,0.04775711275804234,0,2.5011423011189855,99.60855638851787,10930.092280746514,0,0
exp_084,20,s1,s2,0.04429435484969576,0,2.7986769037999033,101.26440807123453,8214.331389975237,0,0
exp_084,21,s1,s2,0.14638929674336218,0,4.481292215120001,100.27728722954423,11989.603925173866,0,0
exp_084,22,s1,s2,0.1930473928946517,0,3.686999628988453,103.8010650633013,11797.901801325392,0,0
exp_084,23,s1,s2,0.060988894598980006,0,2.9798645435089313,45.11670926650757,9410.869724560662,0,0
exp_084,24,s1,s2,0.1507076626070449,0,1.276784690773846,58.78853983135922,5897.196824688209,0,0
exp_084,25,s1,s2,0.004761696975284354,0,1.041923311950339,61.08756722014344,10553.24169512859,0,0
exp_084,26,s1,s2,0.12445463474734426,0,2.9952513156535296,71.12839294479534,13619.718941819796,0,0
exp_084,27,s1,s2,0.060727519368604446,0,1.1722979133428486,246.97140020471937,8897.929184834104,0,0
exp_084,28,s1,s2,0.011666812181765483,0,2.840207447632242,90.69749261512213,12925.646408976549,0,0
exp_084,29,s1,s2,0.03220420748022785,0,4.14088850094552,147.76461254391126,5476.322086783512,0,0
exp_084,30,s1,s2,0.08402314096331943,0,2.814442556003098,95.67676317429942,10697.415778661656,0,0
exp_084,31,s1,s2,0.012352519591522317,0,4.799527761467272,91.51170367479271,6644.385349354676,0,0
exp_084,32,s1,s2,0.14079856741399616,0,3.8857514869906025,67.11107966542377,13501.36889123401,0,0
exp_084,33,s1,s2,0.02489484193881859,0,2.009273787352249,121.6256885849006,10577.167851507525,0,1
exp_084,34,s1,s2,0.20586310529214755,0,3.868709831519304,35.41765393414115,6780.085094705985,0,1
exp_084,35,s1,s2,0.16948171910239163,0,3.3853159413350005,179.08775578651864,6160.677043703432,0,1
exp_084,36,s1,s2,0.4441337526348587,0,0.015075452393573663,68.96430451338482,14955.690796673156,0,1
exp_084,37,s1,s2,0.19941322111396176,0,0.7091228391065472,38.44837600379191,5959.093825669861,0,1
exp_084,38,s1,s2,0.2610629700352505,0,2.5247280534887544,142.9970223066771,12533.212875687772,0,1
exp_084,39,s1,s2,0.14385541277552136,0,3.5601805946419995,32.946854074889785,7550.2880341221135,0,1
exp_084,40,s1,s2,0.1560105285595158,0,3.447908478066529,54.09826457100343,8260.117116517613,0,1
exp_084,41,s1,s2,0.0036852858571586634,0,3.345508244841943,58.03296601728962,7399.143032219824,0,1
exp_084,42,s1,s2,0.09970545001996035,0,4.700527187256487,62.41901848657371,9929.4862218548,0,1
exp_084,43,s1,s2,0.036896023888977086,0,2.588128569322082,54.098377351557914,11348.940779267532,0,1
exp_084,44,s1,s2,0.13488964821561378,0,3.4620640113008294,52.230318717104154,6792.795096515123,0,1
exp_084,45,s1,s2,0.025079657544838287,0,1.173114901925979,113.57059401423571,11615.954412364865,0,1
exp_084,46,s1,s2,0.31185017663837866,0,3.227492767752101,43.360131854211325,14232.991826731928,0,1
exp_084,47,s1,s2,0.01942269171743119,0,2.1055430319752797,84.17887032083665,11420.377183139484,0,1
exp_084,48,s1,s2,2.765172006460462,5,17.548831923503954,131.7977433410234,6047.457089389816,1,1
exp_084,49,s1,s2,4.119527240319051,7,16.18861200460178,54.761537288208345,7850.041463907565,1,1
exp_084,50,s1,s2,0.37078790371391834,2,16.978055245560626,178.04765128113826,7084.477657083707,0,1
exp_084,51,s1,s2,5.260549492998394,4,3.724947759571484,97.33434746204081,11570.44274072701,1,1
exp_084,52,s1,s2,6.868971771315952,8,17.10794850067823,-62.601471633579344,9322.073571108594,1,1
exp_084,53,s1,s2,0.7609920684840827,7,18.80683094756025,176.21651205013399,11005.983239467578,0,1
exp_084,54,s1,s2,0.3312912766069225,5,16.944710156086373,116.21600403734558,14822.658292862256,0,1
exp_084,55,s1,s2,0.30743918998704234,2,22.03830388219445,172.39454540450384,6986.452053662122,1,1
exp_084,56,s1,s2,16.112037018936178,6,5.356017236616692,148.15413910883169,13310.390118192245,1,1
exp_084,57,s1,s2,3.416131813096208,1,16.93662810198872,24.20215231548678,5789.974722125941,1,1
exp_084,58,s1,s2,2.68435483736912,6,19.73864488582158,88.4449256992674,8863.140174596094,1,1
exp_084,59,s1,s2,1.3818966689347807,3,20.671235298184815,26.058837413838777,10557.023156952715,1,1
exp_084,60,s1,s2,2.6307173786094538,4,19.570488917055826,181.2243593467463,7163.870066420502,1,1
exp_084,61,s1,s2,5.387672551087514,3,19.607364642533945,78.80430018456703,9947.354074021701,1,1
exp_084,62,s1,s2,6.171445727961817,4,17.746318411115176,97.41906523482952,11334.619255033205,1,1
exp_084,63,s1,s2,2.5818996552624682,3,19.74942269766227,72.80575532969185,11562.699497270292,1,1
exp_084,64,s1,s2,13.549912689726696,4,5.339815249569203,39.85938207265407,14802.059409033516,1,1
exp_084,65,s1,s2,1.523171271465582,5,13.094370505822203,134.4008860332332,8453.656701908101,0,1
exp_084,66,s1,s2,0.9788649622600729,5,18.25683267196413,179.39577162695457,14517.348037411855,0,1
exp_084,67,s1,s2,2.96398276960063,4,20.07237354841577,114.13107951876658,12275.689280930445,1,1
exp_084,68,s1,s2,2.7280324347170137,3,18.346506511513052,42.63665786846983,11915.672491353784,1,1
exp_084,69,s1,s2,2.5913867427761823,4,14.943636904428086,66.38852630195136,8305.10081804193,1,1
exp_084,70,s1,s2,1.3115939830356447,11,16.432481454044698,100.50076700183952,7929.2685968308,0,1
exp_084,71,s1,s2,2.4032158233132144,7,9.138562149246065,79.27475287668403,5918.953652673049,1,1
exp_084,72,s1,s2,1.8167640780490804,5,8.716671806913208,98.87199418620372,13759.019264465465,0,1
exp_084,73,s1,s2,6.729431372769186,6,25.075416831196623,86.29073331258041,13970.90760752795,1,1
exp_084,74,s1,s2,1.2032447812046418,3,9.219693120074588,93.24324028580733,8949.50111181378,0,1
exp_084,75,s1,s2,3.2057345844190266,15,14.455870651337559,142.5361917233714,6610.673309128048,1,1
exp_084,76,s1,s2,4.020936088159421,3,15.923192901757254,59.197297054626965,13662.178280944558,1,1
exp_084,77,s1,s2,1.4879214712448228,6,5.78474486767361,102.25649199941563,11008.378348160848,0,1
exp_084,78,s1,s2,1.3978827745788514,4,14.57633706896216,177.45463725112432,5722.280213561982,0,1
exp_084,79,s1,s2,0.45213461897683244,7,14.108743763772319,62.75557985899452,12514.320191148861,0,1
exp_084,80,s1,s2,1.5343629824358953,5,12.602610358158518,122.54757334451429,11334.447282887446,0,1
exp_084,81,s1,s2,1.49405857278299,5,12.640051260507972,82.64440438313561,9702.918893714559,0,1
exp_084,82,s1,s2,6.302080457797281,5,19.91505158554084,80.28257897857617,5531.721077495252,1,1
exp_084,83,s1,s2,0.22272947204954666,7,17.93027635434752,102.6139709121041,11374.752577076499,0,1
exp_084,84,s1,s2,0.4112803370557939,4,7.938184547426107,117.50886076569357,13178.124638822623,0,1
exp_084,85,s1,s2,5.298956239708252,6,13.234682256562277,53.123317989425544,7587.602876288751,1,1
exp_084,86,s1,s2,2.4146127364679684,8,10.94054234808001,92.327572377943,9561.818211571079,1,1
exp_084,87,s1,s2,1.765078211268423,2,8.55404906287733,83.38889033239232,12587.883421524628,0,1
exp_084,88,s1,s2,2.7621012403867877,2,20.213242629685986,70.04254511986875,13670.964915987572,1,1
exp_084,89,s1,s2,0.12345063501149832,8,10.619859652821903,186.29471092848524,14720.18173151445,0,1
exp_084,90,s1,s2,0.5107205611294494,6,16.532488197108947,192.49857971504787,7419.2695598571245,0,1
exp_084,91,s1,s2,1.6972748988825181,3,11.586021957493767,155.93017887004456,14312.44696574136,0,1
exp_084,92,s1,s2,2.400261620636007,5,23.454854715757715,166.74729898778264,12653.300727930347,1,1
exp_084,93,s1,s2,6.768281491161348,8,13.411700854823625,95.52261974457532,6606.011792715834,1,1
exp_084,94,s1,s2,1.264910128817752,4,10.464278974898207,171.3092346092816,13019.792390755576,0,1
exp_084,95,s1,s2,0.4575045164845152,4,15.695856258471235,95.95550407014957,13029.178929602216,0,1
exp_084,96,s1,s2,1.049256759631356,7,12.299460008321219,202.62841976579483,7718.931248879957,0,1
exp_084,97,s1,s2,2.956709183698123,7,24.97793207751798,132.58418382594962,10905.712869103942,1,1
exp_084,98,s1,s2,7.720689385488977,4,9.494612711885535,58.030824804039945,13399.148866460157,1,1
exp_084,99,s1,s2,5.02943351135057,2,12.30746746979765,66.8329252242528,7346.449022974153,1,1
exp_084,100,s1,s2,1.6340405624044432,6,13.133951836240216,87.79431123258863,8447.639098129068,0,1
exp_084,101,s1,s2,2.589898319285236,4,9.841834056741558,129.99285178603319,11787.627158785892,1,1
exp_084,102,s1,s2,9.424285804074362,6,9.485352556969275,32.079432932612775,7868.220451218215,1,1
exp_084,103,s1,s2,4.797456314708431,8,21.2440706446631,131.51724063614148,12612.313354066402,1,1
exp_084,104,s1,s2,8.28248592264086,3,10.387838434052595,72.91265877131399,13129.514030252078,1,1
exp_084,105,s1,s2,5.966793665316744,2,22.34645138910979,102.26759804149238,5714.555247649502,1,1
exp_084,106,s1,s2,2.532093465897514,5,16.71862338778965,42.67232110134847,7327.391126618641,1,1
exp_084,107,s1,s2,3.681057865114583,10,7.668023352306326,109.45928455381423,9533.263683406925,1,1
exp_084,108,s1,s2,0.46755318647336486,3,12.140737146628403,131.66535330651166,9165.689951433751,0,1
exp_084,109,s1,s2,0.04046862730697558,5,16.186222237427412,55.955280614368505,13281.932549086296,0,1
exp_084,110,s1,s2,5.75932642551267,4,18.900029804958184,98.26588704770033,12522.157303249369,1,1
exp_084,111,s1,s2,0.13544862857132814,1,23.65626154645282,120.62572903854733,6568.153218266135,1,1
exp_084,112,s1,s2,5.1402472821226395,6,14.073966678036447,88.52912689600824,12713.817267601133,1,1
exp_084,113,s1,s2,5.50751090752491,6,10.291181820963702,73.44384886005477,9833.387560713116,1,1
exp_084,114,s1,s2,0.39845823290997956,9,18.07423431529111,76.27349954140031,11960.972382868413,0,1
exp_084,115,s1,s2,1.521076669723977,2,1.0070449705266227,126.88703746680311,8136.794007799078,0,1
exp_084,116,s1,s2,2.334430557659056,4,27.365087983093517,112.34563859150487,7000.280679975468,1,1
exp_084,117,s1,s2,3.803202110239228,3,20.59407215869454,154.35004433899135,10821.88224416945,1,1
exp_084,118,s1,s2,8.935310600049656,7,10.926541164508205,21.14658661635923,5716.200656601936,1,1
exp_084,119,s1,s2,7.145013718616811,5,15.625129289571767,153.0417817647047,9385.875521625556,1,1
exp_084,120,s1,s2,4.156918206935897,8,14.646615576840912,128.75419833831648,9985.429524475758,1,1
exp_084,121,s1,s2,3.802401520309582,5,7.316877755461415,111.08511462928267,12863.681693444089,1,1
exp_084,122,s1,s2,4.086287956820253,5,16.495839303763848,111.5246154854846,5592.472627482459,1,1
exp_084,123,s1,s2,3.7006406439315827,6,27.401021124987462,107.84997203385947,8307.9261484629,1,1
exp_084,124,s1,s2,6.506459720275757,4,15.380892955311614,128.37284219761614,11041.909122244419,1,1
exp_084,125,s1,s2,3.818440714704285,4,17.52196938123019,146.32395604490665,8858.902888524204,1,1
exp_084,126,s1,s2,1.1111689439159091,4,17.167872312266052,54.664721320260554,14916.090172225513,0,1
exp_084,127,s1,s2,2.3224477281563436,3,22.926136344510756,116.74663355703811,13779.308902296496,1,1
exp_085,0,s1,s2,0.0008273822374851961,0,2.9539384787308705,68.91708069701662,13727.7755520538,0,0
exp_085,1,s1,s2,0.6114180479943976,0,2.814830343291838,22.803638531399027,10717.959117554243,0,0
exp_085,2,s1,s2,0.3630041342764534,0,3.154596568734438,148.3546004070958,8617.138434299733,0,0
exp_085,3,s1,s2,0.038757182980865196,0,4.660733158908583,127.24387918111381,9816.658234127864,0,0
exp_085,4,s1,s2,0.03629787421771534,0,4.066621036958197,204.1598405575005,9273.683419740071,0,0
exp_085,5,s1,s2,0.1379739047197993,0,2.8742690682302268,9.182282013581222,14403.395257373786,0,0
exp_085,6,s1,s2,0.12831195068040152,0,3.907414189301852,-10.07025272700841,9054.818971791125,0,0
exp_085,7,s1,s2,0.011940086251162095,0,3.8760118451937036,79.94177819660159,9612.019957761724,0,0
exp_085,8,s1,s2,0.0878603647216935,0,2.507652419039359,45.45441900811503,14292.049848943203,0,0
exp_085,9,s1,s2,0.03772355803097305,0,3.1817309449149813,56.83677593395156,11600.327987825603,0,0
exp_085,10,s1,s2,0.1026051134319032,0,2.300204976681023,254.35419610578123,5721.409176116387,0,0
exp_085,11,s1,s2,0.18369367548381765,0,1.8949629419150686,101.96350167988439,6358.494557382721,0,0
exp_085,12,s1,s2,0.07194018820583319,0,3.19947130212018,93.96281202229416,9989.489310326131,0,0
exp_085,13,s1,s2,0.3835919834728335,0,3.800012537140585,130.1465347080989,8888.787621678332,0,0
exp_085,14,s1,s2,0.01438943656614489,0,2.1832770325846376,183.3591694111905,14488.81848746622,0,0
exp_085,15,s1,s2,0.02152153653639775,0,3.9553062883363412,116.50674064675165,9028.290494472481,0,0
exp_085,16,s1,s2,0.3071914194950077,0,3.1535277868412517,62.611125153361016,12773.86720373004,0,0
exp_085,17,s1,s2,0.022540474952595327,0,1.9230109055458335,64.83593988981305,7238.901552628579,0,0
exp_085,18,s1,s2,0.06134509387758036,0,4.000908197365898,132.90955638266246,6907.622409645605,0,0
exp_085,19,s1,s2,0.18343129529278315,0,4.173966471777425,120.44663092571803,12166.936632598048,0,0
exp_085,20,s1,s2,0.12195217812664981,0,2.5227181250795305,55.724049137739954,10232.454064782429,0,0
exp_085,21,s1,s2,0.011939927313026354,0,0.27653237348209103,46.439593209436744,7319.233284253125,0,0
exp_085,22,s1,s2,0.022279085323076174,0,3.596523193513695,28.312330051770918,9149.523715626581,0,0
exp_085,23,s1,s2,0.053436568547499765,0,3.525306874613383,70.91032352320858,12003.793886046382,0,0
exp_085,24,s1,s2,0.05604975362490321,0,3.437650632587819,63.53285480497895,13988.443420530613,0,0
exp_085,25,s1,s2,0.019633358238506208,0,1.6127698027347037,194.07543275734815,5876.503595091841,0,0
exp_085,26,s1,s2,0.1293996019026244,0,3.1965649624844583,79.15818366672316,7811.5289426569825,0,0
exp_085,27,s1,s2,0.0833927071840215,0,2.5982355701580535,47.16721104913331,6040.894883982337,0,0
exp_085,28,s1,s2,0.06298036627929501,0,2.401037373735144,72.4855934324948,6071.524183301863,0,0
exp_085,29,s1,s2,0.1450018319098982,0,1.9851111985928263,120.63520817984663,9724.293877184895,0,0
exp_085,30,s1,s2,0.10814148620850068,0,4.302502009317039,22.691697183337023,5156.174403596463,0,0
exp_085,31,s1,s2,0.02790876924566161,0,2.237103969294208,164.75433167718668,5844.947395846607,0,0
exp_085,32,s1,s2,0.09850925263002022,0,3.835566128383997,48.216419425274104,14001.748717370234,0,0
exp_085,33,s1,s2,0.07504777657151562,0,3.3646333935500854,225.4731110494552,13174.420901314019,0,0
exp_085,34,s1,s2,0.02766954967465168,0,3.8797511477078483,89.03670474998897,12236.46022842546,0,0
exp_085,35,s1,s2,0.03857887421237973,0,2.4945994000747698,132.18379295232927,11341.793526924535,0,0
exp_085,36,s1,s2,0.31340053451481653,0,4.347809434830987,116.81256354889757,12354.307446002744,0,0
exp_085,37,s1,s2,0.20078357841461456,0,3.076199669100832,80.9493268016202,14542.453506031936,0,0
exp_085,38,s1,s2,0.06649156133583882,0,3.4708486043183853,129.85817535997535,9982.522739858267,0,0
exp_085,39,s1,s2,0.07198450741109823,0,1.4152125842943681,79.54541542353849,13587.122684503627,0,0
exp_085,40,s1,s2,0.023517835205751767,0,2.747688653233013,136.5968925586649,5264.973064841309,0,0
exp_085,41,s1,s2,0.01843773012895987,0,2.2326329972638783,128.88318964744136,9989.328963666128,0,0
exp_085,42,s1,s2,0.02296735890765687,0,2.188908738039355,81.96614186392995,10560.022761223252,0,0
exp_085,43,s1,s2,0.04554306686164609,0,2.618375155683001,94.4373974119056,6361.28389138932,0,0
exp_085,44,s1,s2,0.12293948421029195,0,2.5071548878729994,11.658523361503237,12630.678613498885,0,0
exp_085,45,s1,s2,0.05883502132058114,0,3.2730243872357057,24.82030700314094,13012.060060520982,0,0
exp_085,46,s1,s2,0.0915395841255755,0,1.9890447794229758,89.22296105938294,7487.131748310877,0,0
exp_085,47,s1,s2,0.2920975099370262,0,2.8155902004546642,106.07670355731342,5055.146059087594,0,0
exp_085,48,s1,s2,0.019288031428482774,0,3.1139183522526483,131.58919618680815,13386.597542491498,0,0
exp_085,49,s1,s2,0.06259092055992226,0,1.0773418805378556,42.5266161918437,14815.464057362451,0,0
exp_085,50,s1,s2,0.03573547925884937,0,4.4866843084086385,76.13639631523296,13807.130994453903,0,0
exp_085,51,s1,s2,0.2106921062956323,0,3.5563489693990182,93.45801802110056,11535.088762646616,0,0
exp_085,52,s1,s2,0.19047191066866673,0,5.637719291979561,98.79599313259263,13024.376930482158,0,0
exp_085,53,s1,s2,0.051277034195173224,0,3.679856863351454,59.53429915990984,10923.344856148842,0,0
exp_085,54,s1,s2,0.22857176156741651,0,3.0870736676114996,121.81975416874106,10958.772651501784,0,0
exp_085,55,s1,s2,0.23997723748016245,0,2.7363330784344533,204.43288767571096,6072.853343743028,0,0
exp_085,56,s1,s2,0.3275413936467179,0,2.9598546224323066,166.84922897131193,6782.684832955914,0,0
exp_085,57,s1,s2,0.03370991093466618,0,3.9701007344345536,87.31519842445266,9796.96843075708,0,0
exp_085,58,s1,s2,0.03680760632464875,0,3.5070069893125764,65.18138333757258,10962.230929912965,0,0
exp_085,59,s1,s2,0.00969008480715908,0,1.8589094829735808,115.35306259705557,14817.197797860146,0,0
exp_085,60,s1,s2,0.030071206566443173,0,4.035442748990907,165.03362531596912,11913.51457605084,0,0
exp_085,61,s1,s2,0.05621099944378632,0,3.5873147461178645,66.41494302915481,6375.735002321424,0,0
exp_085,62,s1,s2,0.033016797064328994,0,0.9469839790601275,171.04318909828763,14582.66506399023,0,0
exp_085,63,s1,s2,0.18818058120778233,0,3.2167933636785,132.4959422487604,7189.157078839704,0,0
exp_085,64,s1,s2,0.0730847859999384,0,3.3458268268307294,147.80157875860093,12235.714677939623,0,0
exp_085,65,s1,s2,0.1185136136605832,0,3.0503939545758296,-18.402696303046117,10465.972121439267,0,0
exp_085,66,s1,s2,0.28569301362814614,0,4.9946237692566875,194.75249969769942,8203.303211849336,0,0
exp_085,67,s1,s2,0.10317582369564263,0,1.8913714294196282,126.12079632687522,11770.05946109495,0,0
exp_085,68,s1,s2,0.03102090042811081,0,3.925597544623791,178.0488645745598,12159.519799542377,0,0
exp_085,69,s1,s2,0.0019896427020008075,0,4.093190743502138,80.6377904735359,5626.7425882411835,0,0
exp_085,70,s1,s2,0.14669464571928434,0,2.9355320750310185,57.63998835310431,14375.736417434562,0,0
exp_085,71,s1,s2,0.008086095095485211,0,3.267278300424955,-8.767903671397036,13994.573099433359,0,0
exp_085,72,s1,s2,0.040437649185555986,0,3.61655637010805,143.38493601980855,8070.6737122853865,0,0
exp_085,73,s1,s2,0.04167483905616043,0,3.5961387656364217,52.270586121917546,10631.023893645646,0,0
exp_085,74,s1,s2,0.016836197503113288,0,2.973137530220533,219.42726889077142,5925.89952706946,0,0
exp_085,75,s1,s2,0.30726874753137723,0,3.371884602200383,108.6605084512573,13231.147217565338,0,0
exp_085,76,s1,s2,0.03311434553509792,0,2.969847923142166,74.05670423082685,5919.617446098922,0,0
exp_085,77,s1,s2,0.028142996713215126,0,2.9198635832498385,212.69585362743683,8767.192571014431,0,0
exp_085,78,s1,s2,0.265872198669829,0,2.9431367030490736,30.28551914329065,10734.951798533395,0,0
exp_085,79,s1,s2,0.0388522503188938,0,3.7251619638679436,120.26715733310412,10414.789285429899,0,0
exp_085,80,s1,s2,0.1520223286987718,0,3.81614249380131,96.31934466291486,10315.914567348103,0,0
exp_085,81,s1,s2,0.056616589899392666,0,2.0300135957030747,112.92864680476947,11536.806328847606,0,0
exp_086,0,s1,s2,0.0506371332130864,0,3.0090384417796763,182.77131010882644,8497.011085694196,0,0
exp_086,1,s1,s2,0.1225365881734532,0,1.3197339408850046,90.87931419414616,13904.169226102256,0,0
exp_086,2,s1,s2,0.011996424193034086,0,3.140382339011627,37.93925330640114,11248.655006370374,0,0
exp_086,3,s1,s2,0.05953149729408848,0,2.625977607899238,84.95869485962578,9921.519691237265,0,0
exp_086,4,s1,s2,0.08335204112593148,0,1.9886866761320172,64.54134363916268,5805.927268474273,0,0
exp_086,5,s1,s2,0.0026595020187771003,0,3.2915825272079147,76.25564958246854,8440.186501538894,0,0
exp_086,6,s1,s2,0.0027801829486480702,0,6.1478661113245225,135.63228486291175,9286.887796123934,0,0
exp_086,7,s1,s2,0.011730131524221697,0,3.8030342636939594,154.14264770884148,8947.29138271588,0,0
exp_086,8,s1,s2,0.047935175796389055,0,3.4699662294236218,68.11293766614087,10995.739043397662,0,0
exp_086,9,s1,s2,0.008969874346782517,0,3.7907615427170662,88.05351093860592,9523.746016562262,0,0
exp_086,10,s1,s2,0.03929351854338917,0,1.839594730419772,128.08624287723623,10238.033982071795,0,1
exp_086,11,s1,s2,0.1107217467941307,0,3.4410134521999396,140.65004082558275,8844.097971685644,0,1
exp_086,12,s1,s2,0.1460156956266045,0,2.9470622391813506,147.4231968561566,5045.007854832824,0,1
exp_086,13,s1,s2,0.21279431654765357,0,2.0583023739157222,24.548287780931066,12993.76698186652,0,1
exp_086,14,s1,s2,0.04929585041627127,0,3.1405048722952333,76.6872458445295,11712.210234300082,0,1
exp_086,15,s1,s2,0.16831970576078936,0,2.2230467649492827,90.50847605866805,10530.622776945525,0,1
exp_086,16,s1,s2,0.01289674035738697,0,3.6363366263318997,-22.90131930831516,11628.492027685339,0,1
exp_086,17,s1,s2,0.05125398700990672,0,2.664456153986746,182.93558132506772,5633.673964575143,0,1
exp_086,18,s1,s2,0.012312913841982057,0,1.7249403650081907,73.41030783006644,6022.323574131904,0,1
exp_086,19,s1,s2,0.1477309124044396,0,4.265450907052693,94.08251502081696,7261.571534249621,0,1
exp_086,20,s1,s2,0.11349693808177562,0,3.264397835794921,84.31079992369219,11556.1973543264,0,1
exp_086,21,s1,s2,0.01814785825170184,0,4.362183987649751,70.23705397152264,7856.743894138873,0,1
exp_086,22,s1,s2,0.2541651141048585,0,3.107161247540882,141.99306132896254,11319.742691521149,0,1
exp_086,23,s1,s2,0.10590599575864107,0,2.2504223852441365,32.7856756136225,6359.411104898847,0,1
exp_086,24,s1,s2,0.25885531905253134,0,0.9886015513599924,131.6511198247654,13152.878770614092,0,1
exp_086,25,s1,s2,1.0532244807672158,4,22.60302727365487,165.40123330511634,14833.537811337867,1,1
exp_086,26,s1,s2,2.7648934422201425,8,10.119384898776614,145.27766670206984,6155.379232062917,1,1
exp_086,27,s1,s2,4.737241293312572,4,10.242550967039339,79.61616933123268,9217.267956873153,1,1
exp_086,28,s1,s2,4.486785895488366,4,16.17314693340009,73.32823281902583,8703.442021476862,1,1
exp_086,29,s1,s2,3.2199562321827386,4,9.446054081718493,109.86426455992903,5025.2030007529565,1,1
exp_086,30,s1,s2,0.20657465371723605,9,5.920770105900537,94.9737753802411,10084.324025948368,0,1
exp_086,31,s1,s2,0.4084002614930202,2,16.71173440612784,57.33194764351444,8198.859681733382,0,1
exp_086,32,s1,s2,0.9495020603839537,8,23.239453208496514,177.71880441281738,7177.114938643238,1,1
exp_086,33,s1,s2,2.7808291371680953,4,14.415435993854532,93.48231828869129,6978.729680456339,1,1
exp_086,34,s1,s2,3.7172883179040808,4,16.680371012484784,57.9361018721677,5024.1375440097645,1,1
exp_086,35,s1,s2,0.1256805558965665,6,15.90967914620355,150.6267008031612,9839.499635258528,0,1
exp_086,36,s1,s2,1.564079314522711,6,14.287843316029454,65.33943781355518,8213.502806059352,0,1
exp_086,37,s1,s2,2.288119733786906,2,10.428134201384593,34.63625267394136,13344.505400447328,1,1
exp_086,38,s1,s2,0.7870155173750357,4,6.286320891126237,117.5642609227116,5328.448827489977,0,1
exp_086,39,s1,s2,21.609020583052995,2,12.586026965576458,112.0078125473176,9022.783721735563,1,1
exp_086,40,s1,s2,0.2890419481336477,4,19.473475306738198,123.37643370090665,7014.499563312789,0,1
exp_086,41,s1,s2,1.3546611491971476,9,22.686313871515882,94.02004125190996,6410.381181141593,1,1
exp_086,42,s1,s2,9.006732512471062,4,8.368366174029095,84.72070631395981,13091.399403164693,1,1
exp_086,43,s1,s2,0.16065121847883126,7,7.331570832960819,221.378514998191,14989.281593131207,0,1
exp_086,44,s1,s2,4.137574392018741,8,6.946910735540824,158.10353721643872,12376.891165206393,1,1
exp_086,45,s1,s2,0.05740496471816495,6,14.54013077541507,134.6779629065064,7171.696569946138,0,1
exp_086,46,s1,s2,5.572276922862288,1,8.381941755703144,110.16814017225505,7320.54086362959,1,1
exp_087,0,s1,s2,0.2846338783072656,0,2.2475638887542893,92.37603414002555,5935.509826226042,0,0
exp_087,1,s1,s2,0.05101407805558803,0,1.9436425463624312,84.32444015330815,13071.234173690546,0,0
exp_087,2,s1,s2,0.0693416745895941,0,1.9973995038065733,92.9304291754154,10611.961203125978,0,0
exp_087,3,s1,s2,0.048615843404057696,0,2.8497547932179574,138.8791082422601,11144.3016307243,0,0
exp_087,4,s1,s2,0.16678838368286752,0,3.1160454367875507,3.792213441858705,6209.399858172321,0,0
exp_087,5,s1,s2,0.056698935193528865,0,1.8812154261211347,3.2673767653462082,6074.102456958243,0,0
exp_087,6,s1,s2,0.05081636401326975,0,2.201425786590038,48.30796601200215,5095.564943066528,0,0
exp_087,7,s1,s2,0.012282428376419458,0,4.309066160847763,45.2352643922764,7922.042323494137,0,0
exp_087,8,s1,s2,0.007839109615132733,0,2.7511568853498596,186.43070682086807,10191.972069996917,0,0
exp_087,9,s1,s2,0.039456238379980135,0,3.8725903679843237,112.62109619127283,10537.584702844872,0,0
exp_087,10,s1,s2,0.08855584825442898,0,2.2922089350220345,89.2791178185361,9285.414378823682,0,0
exp_087,11,s1,s2,0.25854694530357364,0,2.890596048964345,200.79655224839277,11208.832856797797,0,0
exp_087,12,s1,s2,0.08176606338688931,0,2.904393999465296,107.13885510379858,13886.86327967015,0,0
exp_087,13,s1,s2,0.11662624695612367,0,2.6818042987937494,53.76509701135728,9362.988932311635,0,0
exp_087,14,s1,s2,0.008657542918597992,0,1.359919868538742,118.47001787463854,9581.277239804553,0,0
exp_087,15,s1,s2,0.057762085318871725,0,4.206958615519719,103.77805847271351,12807.611993113607,0,0
exp_087,16,s1,s2,0.20635792500434064,0,4.932433383135097,160.36287333549848,9304.8645710812,0,0
exp_087,17,s1,s2,0.12630828687722026,0,2.878709907949436,27.88365776683337,12141.731373855777,0,1
exp_087,18,s1,s2,0.1504532601258149,0,2.2848845786910896,71.69975317409548,7885.340472883127,0,1
exp_087,19,s1,s2,0.25276753425562826,0,2.303310325526024,80.33357492384113,13231.003749624402,0,1
exp_087,20,s1,s2,0.018745074811419148,0,2.7730324081092625,-43.874544296441684,5625.0169837678895,0,1
exp_087,21,s1,s2,0.05858982963944196,0,3.6685902637663403,108.07526591342699,7273.1957784330825,0,1
exp_087,22,s1,s2,0.023695143177236526,0,3.1717827709927136,98.03631871795311,8362.24780797651,0,1
exp_087,23,s1,s2,0.004485914004238641,0,3.4118109526368006,17.221486648080088,9125.43725653508,0,1
exp_087,24,s1,s2,0.14882077479185415,0,4.149371579226621,203.6837416117364,8229.93951518106,0,1
exp_087,25,s1,s2,0.08026184477873498,0,1.8358974746811203,120.97279376432239,12358.679195411882,0,1
exp_087,26,s1,s2,0.04991161062128527,0,2.2584135218643113,127.87376499244904,11565.20778593131,0,1
exp_087,27,s1,s2,0.002725120956415102,0,3.6377187559821413,-56.24173247886475,14075.778198297696,0,1
exp_087,28,s1,s2,0.0663459079299805,0,1.8246124718430714,132.67483745929647,5815.731448709066,0,1
exp_087,29,s1,s2,0.04359528189651296,0,2.7522644388032593,169.59159313187428,6681.503640130737,0,1
exp_087,30,s1,s2,1.9691833293214314,4,14.93006272586972,85.08576515017221,13619.994869954367,0,1
exp_087,31,s1,s2,1.8579818041998355,7,12.372139744644638,84.88792722322879,8866.486649877217,0,1
exp_087,32,s1,s2,1.7958348881228856,4,20.61371045371735,112.82074781315573,13796.89713035486,1,1
exp_087,33,s1,s2,12.677936969940632,4,8.814312127998981,186.6423717327413,14568.594850528205,1,1
exp_087,34,s1,s2,4.83174377854858,1,14.47347941419643,99.11170182745326,5943.869137806577,1,1
exp_087,35,s1,s2,6.742614512862362,10,17.94983649895783,94.33148359917726,6689.69615881221,1,1
exp_087,36,s1,s2,0.09236816058654522,9,22.909602387809322,109.45846609817688,6760.476954271702,1,1
exp_087,37,s1,s2,0.9575874075219337,8,27.781397734562304,57.32893178699202,7263.86218147278,1,1
exp_087,38,s1,s2,3.5529091170167986,3,14.846737486722319,91.5521099972695,11485.521398809275,1,1
exp_087,39,s1,s2,1.708676869065334,2,19.104678748053853,133.25069536640072,10193.684776051208,0,1
exp_087,40,s1,s2,2.597046174199715,2,26.232551897877862,56.86514492879189,5046.341859388633,1,1
exp_087,41,s1,s2,1.5062027412010477,4,12.860235992761154,161.44821582616123,13571.605858391864,0,1
exp_087,42,s1,s2,4.220156049255959,3,17.177966069854275,3.408182996488629,11548.62557539054,1,1
exp_087,43,s1,s2,3.2405293383329252,4,18.302263153821034,78.38314670383069,11273.916838991521,1,1
exp_087,44,s1,s2,2.2744144884064155,4,27.34893074103499,114.01502639045766,5716.387184883836,1,1
exp_087,45,s1,s2,1.0154518111791224,8,18.479782364873227,113.27475755444016,9356.0129178555,0,1
exp_087,46,s1,s2,6.4679887635187905,2,17.854258748412818,82.0190870376067,8114.994685279831,1,1
exp_087,47,s1,s2,0.059019280451838504,4,12.34273547450684,137.9989024402776,8436.852518080248,0,1
exp_087,48,s1,s2,1.2132804206753554,6,13.45232904286919,58.24495275021911,14110.64102056083,0,1
exp_087,49,s1,s2,9.919464930568129,7,15.737117158951191,171.89450698485206,10341.87377609642,1,1
exp_087,50,s1,s2,7.870014412258822,3,10.946312243196767,81.6887946127865,14179.19045608133,1,1
exp_087,51,s1,s2,6.967080631958902,10,25.216364007974434,21.21173971264637,9923.327199072877,1,1
exp_087,52,s1,s2,6.012455784667354,6,9.769403477232316,29.451764134525003,13097.827500732772,1,1
exp_087,53,s1,s2,1.9461255146709786,5,18.175351987790993,169.05756024198584,10311.930167498365,0,1
exp_087,54,s1,s2,8.487321628085962,3,16.7496663807337,162.1782325696941,6640.038917260662,1,1
exp_087,55,s1,s2,0.6448621256546966,4,17.470045335064516,103.14260864797451,8903.803029252023,0,1
exp_087,56,s1,s2,0.7012777983674241,5,17.525401015268358,38.22912418358161,9774.695117128183,0,1
exp_087,57,s1,s2,2.319788720489159,5,15.828904871073544,13.682329828433183,7555.17829481997,1,1
exp_087,58,s1,s2,3.762081500190047,3,22.7881670453968,52.2080657416159,12165.811994381937,1,1
exp_087,59,s1,s2,2.6327728571836473,4,15.245238578418107,23.134375282444296,13989.290568210019,1,1
exp_087,60,s1,s2,2.4763300600189493,3,22.79582822060287,110.9359895526896,13037.403550507635,1,1
exp_087,61,s1,s2,4.992870918033925,8,14.907483327848057,54.94115485186737,8002.371558876853,1,1
exp_087,62,s1,s2,2.0716052913856093,7,26.480724037669336,-4.381681369982826,14723.775529910336,1,1
exp_087,63,s1,s2,3.3409561651548625,4,11.215931597795748,79.66549920901758,8149.71932407386,1,1
exp_087,64,s1,s2,1.5572797187801224,7,12.202386087422726,109.85420359497826,9666.382028588005,0,1
exp_087,65,s1,s2,9.886603534963893,9,5.914955425424909,-4.009204865345506,8116.09804026884,1,1
exp_087,66,s1,s2,2.5056926154057813,5,16.409250495356822,31.75039909602915,14480.72265599657,1,1
exp_087,67,s1,s2,0.5137885552948146,8,9.11688581629739,160.91716545593516,6707.764063306907,0,1
exp_087,68,s1,s2,3.0652694931943314,2,12.675690091030543,40.52143953352314,6174.9996093228465,1,1
exp_087,69,s1,s2,1.2132586914352739,3,24.32495271938369,158.9000168467569,5055.175408556929,1,1
exp_087,70,s1,s2,1.2262401128792626,3,10.80267948491229,81.21386365381291,6143.432419396769,0,1
exp_087,71,s1,s2,4.592737376062025,1,15.79268603817544,136.35759998054004,11903.96987912796,1,1
exp_087,72,s1,s2,4.336850108793701,4,12.460000441280169,32.32251201283876,13865.250632332176,1,1
exp_087,73,s1,s2,4.753378961197589,8,22.262739615257903,132.4439848739987,7013.007854746422,1,1
exp_087,74,s1,s2,8.166199736686629,1,21.89617228289664,51.656907325263376,14780.749641821294,1,1
exp_087,75,s1,s2,6.7487343746444335,7,20.652393464004906,1.1728105014765178,14009.18279318316,1,1
exp_087,76,s1,s2,12.07005370008859,7,14.885376733490613,100.67401510447668,13616.821668405812,1,1
exp_087,77,s1,s2,0.5734746561262272,12,17.360618355585707,114.1137061275269,8277.526053945508,0,1
exp_087,78,s1,s2,9.484695202379505,3,26.623570942859992,141.38852509027413,8668.965168914,1,1
exp_087,79,s1,s2,2.332380701964579,8,14.032917968954091,117.26729945964357,7463.308472579745,1,1
exp_088,0,s1,s2,0.13253943253872166,0,2.8776600158714447,103.67779785443712,13048.540948948172,0,0
exp_088,1,s1,s2,0.10258184786831409,0,2.9321322089657826,91.65594947876127,10106.413686943159,0,0
exp_088,2,s1,s2,0.020881111834320936,0,1.7981119004828163,72.63362435214972,12410.331022073613,0,0
exp_088,3,s1,s2,0.12282130989560769,0,3.4632519446351413,160.72262258772548,10916.531603333351,0,0
exp_088,4,s1,s2,0.05227476014155783,0,2.1511630798175947,115.04001806139613,11845.128492021848,0,0
exp_088,5,s1,s2,0.010970076298939993,0,3.0178698016404053,156.87525229969012,10303.569045356406,0,0
exp_088,6,s1,s2,0.08791336903898202,0,2.8804522894567,176.64281456220823,9275.88073647322,0,0
exp_088,7,s1,s2,0.034014581543892176,0,2.7691296886721113,86.13392501508595,5005.278436858323,0,0
exp_088,8,s1,s2,0.20357818322775945,0,2.261048735361198,134.7989889442763,5023.9009059550535,0,0
exp_088,9,s1,s2,0.06775028041947413,0,4.4093326071308505,77.67925994976387,9028.955066975179,0,0
exp_088,10,s1,s2,0.19959302045307148,0,2.747570393172218,61.97221506621891,14339.408986687307,0,0
exp_088,11,s1,s2,0.001179895706030729,0,1.5446889224701994,66.92935553970956,10318.607224430782,0,0
exp_088,12,s1,s2,0.03267927547117138,0,2.6850331858100063,154.2065371286693,14899.337655361987,0,0
exp_088,13,s1,s2,0.13281625062521576,0,2.2749213541127986,87.11629006698423,11670.464163817287,0,0
exp_088,14,s1,s2,0.13040415838447855,0,3.1363165328949965,48.26212601837052,14870.879840538204,0,0
exp_088,15,s1,s2,0.03948844351194832,0,3.586784639238732,85.5883543945145,6174.160446650556,0,0
exp_088,16,s1,s2,0.27109670014600046,0,2.4800407252724264,166.5639582078696,5835.476203521517,0,0
exp_088,17,s1,s2,0.0019360757014093715,0,4.466344792419355,55.668103152849405,9875.292134689022,0,0
exp_088,18,s1,s2,0.13419020162852086,0,3.7827409108580587,191.56352251019348,14674.990807248545,0,0
exp_088,19,s1,s2,0.13033675740173817,0,2.8371080925921577,113.09675057967786,12136.396267772012,0,0
exp_088,20,s1,s2,0.09108129210502294,0,3.0199399842448638,140.468971689078,7796.413790291516,0,0
exp_088,21,s1,s2,0.04858711924101222,0,2.3215227234057605,65.93764396699841,9704.21586026661,0,0
exp_088,22,s1,s2,0.22309049648188573,0,2.3891461916054304,55.635036026483235,13529.881280515385,0,0
exp_088,23,s1,s2,0.04143892262019928,0,2.1099594909914394,93.63304104234217,14921.757952986016,0,0
exp_088,24,s1,s2,0.22085670647091227,0,2.617794764616925,117.71067978689855,14693.580578479136,0,0
exp_088,25,s1,s2,0.2647208459515734,0,4.840919380203226,67.401005917689,14924.58427692047,0,0
exp_088,26,s1,s2,0.05272010039380576,0,3.317385935990306,99.23370012068611,10508.928604048075,0,0
exp_088,27,s1,s2,0.0029920799451507436,0,4.819799160391179,96.54794146673612,5260.300282030797,0,0
exp_088,28,s1,s2,0.053349517116924955,0,3.4153976921035034,50.00605297176638,14573.458487780414,0,0
exp_088,29,s1,s2,0.09797229440113775,0,2.151878577968964,179.89394431118976,10631.408689519163,0,0
exp_088,30,s1,s2,0.07849504779795691,0,3.5713597071650267,120.77945713579373,11628.859442830997,0,0
exp_088,31,s1,s2,0.39025085083508837,0,2.9220577533586063,103.40846053495191,10074.753983861712,0,0
exp_088,32,s1,s2,0.23354810679532664,0,2.849176209171798,127.94626833195626,12257.040615165246,0,0
exp_088,33,s1,s2,0.05285577182873977,0,3.0084106267812585,138.2377917211281,5183.074308201438,0,0
exp_088,34,s1,s2,0.16930165554366733,0,2.1983865503471947,97.82704556501325,6893.914828714949,0,0
exp_088,35,s1,s2,0.016501538449763424,0,1.86252875332603,152.81577312173457,6276.905173114432,0,0
exp_088,36,s1,s2,0.24967625691005463,0,3.4844904571759048,29.06147752754633,6505.07849498474,0,0
exp_088,37,s1,s2,0.017267823492890095,0,3.3989027103753724,92.74325850118157,14624.421963562685,0,0
exp_088,38,s1,s2,0.18438209522308574,0,4.087035951055093,148.20404516167906,9695.728430874009,0,0
exp_088,39,s1,s2,0.07553516344847507,0,4.367369053322017,139.74427758138773,5968.461725105512,0,0
exp_088,40,s1,s2,0.025474646629383247,0,2.9117329213449015,112.39330480723815,7684.742108082029,0,0
exp_088,41,s1,s2,0.054802798284907965,0,2.480361862460824,86.71229355041353,7079.611319042033,0,0
exp_088,42,s1,s2,0.10220952282499836,0,3.6426198040322313,39.76713348628977,6000.8089490347,0,0
exp_088,43,s1,s2,0.004277843793367234,0,3.3972408995941086,127.61826961789026,11660.276828463733,0,0
exp_088,44,s1,s2,0.0031386681720807796,0,3.6974604031675478,70.89625840586547,6446.676650585446,0,0
exp_088,45,s1,s2,0.1675863225210793,0,4.55015612568794,127.16146768122421,11445.07078451173,0,0
exp_088,46,s1,s2,0.05395502198646989,0,4.001756882816315,39.677788019294944,13069.128818048943,0,0
exp_088,47,s1,s2,0.0045764015549316075,0,1.473749858633393,38.60496353079438,10594.708404584526,0,0
exp_088,48,s1,s2,0.01209537454845378,0,3.0822433192351633,136.74052119442385,14237.52804283779,0,0
exp_088,49,s1,s2,0.16979463556227936,0,2.6892499330911614,86.9685325107166,13612.502400009282,0,0
exp_088,50,s1,s2,0.07680867470353304,0,1.1074370879598774,87.17861382150336,10165.978711706473,0,0
exp_088,51,s1,s2,0.17311445816754037,0,2.7051160018453393,59.268164214059595,8188.666732455584,0,0
exp_088,52,s1,s2,0.18303933595711674,0,2.510779962790749,168.18682343084495,11644.883096645599,0,0
exp_088,53,s1,s2,0.05016106825438265,0,3.169069321971239,101.22726047246694,10355.744672355746,0,0
exp_088,54,s1,s2,0.447192795783693,0,2.4719387659121272,117.20853371664586,12959.661686003468,0,0
exp_088,55,s1,s2,0.01758850851547886,0,5.31251063058504,133.00812211606112,13922.304552193602,0,0
exp_088,56,s1,s2,0.02362594527527877,0,2.6801589631887426,90.80855877542517,14585.743559183244,0,0
exp_088,57,s1,s2,0.04979151360111175,0,3.906791652683544,205.46040815038978,7131.819246598325,0,0
exp_088,58,s1,s2,0.11073475144068089,0,1.7190504309204242,96.64310559343012,9216.200610349533,0,0
exp_088,59,s1,s2,0.2096146969914484,0,2.807544823232186,144.99438586004968,5834.586051423762,0,0
exp_088,60,s1,s2,0.014990363467434,0,2.9732325217047633,151.72050982521276,6629.943078612445,0,0
exp_088,61,s1,s2,0.22448800695601012,0,1.4951810834717187,123.83514226316629,10331.358119805644,0,0
exp_088,62,s1,s2,0.03274883776887015,0,3.900652909765959,18.592321952649637,10388.591777677273,0,0
exp_089,0,s1,s2,0.004730609347990697,0,0.9516946098164984,97.58657973989419,14959.650370509224,0,0
exp_089,1,s1,s2,0.4608651876506371,0,2.219329361982323,55.59744408634894,12496.72218717047,0,0
exp_089,2,s1,s2,0.2204319569924474,0,3.863071847796253,119.36917915312145,5632.924553957281,0,0
exp_089,3,s1,s2,0.1023120329984799,0,2.073120554619326,129.95571580414415,12779.702093246055,0,0
exp_089,4,s1,s2,0.28871500079349205,0,2.7441664871209843,119.9608153779035,8239.926379721861,0,0
exp_089,5,s1,s2,0.06923702203641968,0,3.4835006932660297,68.70621742708146,8414.281511709287,0,0
exp_089,6,s1,s2,0.08526607429283944,0,4.899060767061867,70.20043677849408,12775.619262108798,0,0
exp_089,7,s1,s2,0.0030604081651971465,0,3.4711939870727377,64.37110368574834,13130.554258120163,0,0
exp_089,8,s1,s2,0.026993584212496338,0,2.7979816918008362,93.37148824411288,6502.939755970067,0,0
exp_089,9,s1,s2,0.000804819186817337,0,3.8494623348848522,109.44663160080432,6495.760995381788,0,0
exp_089,10,s1,s2,0.13920857526648092,0,3.666550897499745,105.58022506964481,12981.225224702579,0,0
exp_089,11,s1,s2,0.1915481006557035,0,4.1295541036205305,125.2409822273959,8508.69503479861,0,0
exp_089,12,s1,s2,0.023447955525103256,0,3.2263232333566876,119.92073396562834,5907.028969380902,0,0
exp_089,13,s1,s2,0.2016726139550151,0,1.6751109334445418,50.38089299641854,11233.135672863878,0,0
exp_089,14,s1,s2,0.08407163834800703,0,1.3457319195320248,112.90921701328766,14597.737512562198,0,0
exp_089,15,s1,s2,0.299815367938298,0,3.0478813903870203,150.57040041820073,13396.780344607154,0,0
exp_089,16,s1,s2,0.12152370613766264,0,0.7191670126116327,99.64322820847467,7662.250253265598,0,0
exp_089,17,s1,s2,0.03003339542728702,0,1.7739528684356092,111.41894898734529,6747.918761729559,0,0
exp_089,18,s1,s2,0.0010447728265055578,0,3.3334334458061785,131.5472023236466,12855.25297766573,0,0
exp_089,19,s1,s2,0.05393154937719788,0,2.067950441357339,28.371241382331547,5814.220817300484,0,0
exp_089,20,s1,s2,0.10045625338556433,0,3.531798078034676,67.11287795094533,6899.764622638127,0,0
exp_089,21,s1,s2,0.02589313963550446,0,2.2680072537849263,99.90312980387357,5903.909920822063,0,0
exp_089,22,s1,s2,0.10037577457553104,0,1.8293537577462975,124.93409794560205,13724.865152583927,0,0
exp_089,23,s1,s2,0.12112894917305667,0,1.9566433682627955,58.659944990743384,12542.852531308286,0,0
exp_089,24,s1,s2,0.13228461496512076,0,2.5908920749405024,52.36933935569395,7166.772466584407,0,0
exp_089,25,s1,s2,0.034834430609718546,0,3.7979223988069206,135.64502737969127,7774.231652656212,0,0
exp_089,26,s1,s2,5.2722400452215524e-05,0,3.0813048599500186,66.10930094528243,7854.811388983864,0,0
exp_089,27,s1,s2,0.02143753553530245,0,2.1113907904654443,111.33061803169495,12664.040160965937,0,0
exp_089,28,s1,s2,0.1409872518361259,0,2.115665956523045,70.1133498630513,13139.818761393763,0,0
exp_089,29,s1,s2,0.03998281247706297,0,1.6658058583020945,99.85195595732765,11720.448132281359,0,0
exp_089,30,s1,s2,0.5883062789574847,0,2.1251259515340832,90.42483770693717,8176.7311947286835,0,0
exp_089,31,s1,s2,0.22210650116215702,0,2.2466567873276206,137.38199824463547,14535.987193653255,0,0
exp_089,32,s1,s2,0.0973358388726157,0,3.264664317469107,39.26100919664346,9512.768676639938,0,0
exp_089,33,s1,s2,0.171312025242543,0,3.84245001667597,82.49400315872718,13119.703864383113,0,0
exp_089,34,s1,s2,0.11227106901538725,0,3.8824415572566147,105.26921672343721,7157.298992501961,0,0
exp_089,35,s1,s2,0.40970463338558577,0,2.6604823866607927,29.583073199938347,5976.339218336077,0,0
exp_089,36,s1,s2,0.014730537016326529,0,1.7622045863634106,155.82124177463194,14545.733188379749,0,0
exp_089,37,s1,s2,0.13460411297243788,0,2.176225554742044,140.21109314724964,14965.88955118974,0,0
exp_089,38,s1,s2,0.03931771750351123,0,3.914369815740792,122.76641959796112,6751.5099442465635,0,0
exp_089,39,s1,s2,0.09391543230030952,0,1.6506076764088722,67.06419699179119,5117.71812756312,0,0
exp_089,40,s1,s2,0.2055522409010164,0,4.652818489520873,168.73839209536362,13286.51794257545,0,0
exp_089,41,s1,s2,0.0712210020782626,0,2.0650336232641764,81.52870992870766,10704.15381208112,0,0
exp_089,42,s1,s2,0.08055704773772475,0,3.771618258765491,20.52862217372946,9393.668859683628,0,0
exp_089,43,s1,s2,0.16374781609166336,0,3.7225748926676054,104.95566043296621,10179.829683849783,0,0
exp_089,44,s1,s2,0.21847603084957018,0,5.7289293752068415,148.25694974690236,8668.079954555868,0,0
exp_089,45,s1,s2,0.05111075359337624,0,1.334090456788695,129.74804677977568,9324.002202896929,0,0
exp_089,46,s1,s2,0.07442409722753023,0,4.221036332108666,117.52160765871028,8943.523274560155,0,0
exp_089,47,s1,s2,0.11285657886622387,0,3.2906603893468165,114.15227052123248,7542.4520503642425,0,0
exp_089,48,s1,s2,0.04310491734590674,0,3.931352404363791,111.45636199016683,12904.460866918957,0,1
exp_089,49,s1,s2,0.08769808434091811,0,2.9602842512194654,115.74411649315755,13424.505711862468,0,1
exp_089,50,s1,s2,0.1706061043633216,0,1.5912221455372915,99.00410846116135,9608.953568281511,0,1
exp_089,51,s1,s2,0.19233604541890711,0,2.527333360589127,148.42599030458118,5473.068069586738,0,1
exp_089,52,s1,s2,0.07130276904544328,0,2.138614262779078,97.30720059314619,12948.899557235947,0,1
exp_089,53,s1,s2,0.03335030325875575,0,2.239114367586385,113.9143406733305,13607.031729096028,0,1
exp_089,54,s1,s2,0.13442871613487664,0,4.569704530858774,32.37130265844629,6874.538926855747,0,1
exp_089,55,s1,s2,0.42282754146620216,0,3.6079012660042316,131.14910565357116,6533.802175778761,0,1
exp_089,56,s1,s2,0.001789264786047056,0,1.913610161926857,113.0306206952322,12804.33456488845,0,1
exp_089,57,s1,s2,0.053798468167127717,0,2.431499844431982,89.23900131027952,14960.650799446215,0,1
exp_089,58,s1,s2,0.3123810683876154,0,2.6196297399986284,58.092312783796494,8907.875380246067,0,1
exp_089,59,s1,s2,0.03521154657687663,0,3.143863377128565,114.11936336757498,14559.16405594065,0,1
exp_089,60,s1,s2,0.20754925693376705,0,3.812370639071424,152.49152000732911,13661.624909794813,0,1
exp_089,61,s1,s2,0.11524875348730523,0,3.5240514919167185,44.9366468335036,10150.016399485732,0,1
exp_089,62,s1,s2,0.40115493008131997,0,2.435169850525666,100.60978249502483,7641.895107656434,0,1
exp_089,63,s1,s2,6.233812012732345,3,19.958966940754294,117.05920508603569,8196.983743971925,1,1
exp_089,64,s1,s2,0.0693634276420242,5,20.783849437216922,61.52195073878565,5392.442446965667,1,1
exp_089,65,s1,s2,1.3066920156146844,3,19.62594043835385,33.77645484509066,14695.685365212797,0,1
exp_089,66,s1,s2,0.011197378684191007,6,11.704920757533259,135.18621040344857,10690.376161324339,0,1
exp_089,67,s1,s2,1.3968926339779708,6,16.517867028135505,163.61224433600765,14701.396431949954,0,1
exp_089,68,s1,s2,0.03889471697792604,8,17.587992978347984,109.71625340671348,9387.8599067413,0,1
exp_089,69,s1,s2,1.088297584567743,5,15.872941387630046,66.61558585926267,8230.068704938438,0,1
exp_089,70,s1,s2,1.0329488762858532,4,15.66195657784934,85.06502411547648,14592.434679225742,0,1
exp_089,71,s1,s2,2.687914356934863,3,11.860108398834958,85.48249825069107,13957.190576464352,1,1
exp_089,72,s1,s2,5.409678713509518,3,13.431814134101321,64.67132629061234,9314.703176655603,1,1
exp_089,73,s1,s2,1.0919597408550388,3,14.650208666197493,24.33377100635741,5368.234005379518,0,1
exp_089,74,s1,s2,2.2924848372351994,7,7.69531434689847,134.2688569390645,12569.241566624167,1,1
exp_089,75,s1,s2,2.9943079831639956,5,7.293669377177533,131.22407307979364,5281.310440388925,1,1
exp_089,76,s1,s2,0.0035745647024586387,2,19.50268366490324,47.016572127108404,14591.497743591575,0,1
exp_089,77,s1,s2,0.5791235692674777,6,4.755663186619734,74.24211487750124,12448.37593870395,0,1
exp_089,78,s1,s2,0.67580575196878,6,17.289012562500602,23.694688909812545,5757.464022713669,0,1
exp_089,79,s1,s2,1.8258584009577543,4,22.13993960149219,134.42861338991918,7545.849347725963,1,1
exp_089,80,s1,s2,0.8895450676203999,8,8.397086063399886,61.84922479076466,7246.21702778428,0,1
exp_089,81,s1,s2,0.4953935018641184,5,19.354443767732832,165.84316947548766,14054.359809634767,0,1
exp_089,82,s1,s2,0.3783371819589596,6,11.31515837271701,172.64043813492842,14311.829275410804,0,1
exp_089,83,s1,s2,0.6037011117650148,6,19.934575966415768,190.56106936363562,12648.764855911764,0,1
exp_089,84,s1,s2,1.3429595638991727,4,9.612750248182726,145.96677436252193,6699.40860586601,0,1
exp_089,85,s1,s2,5.504408896729584,4,16.260396448131832,132.77928033793253,8594.946492227025,1,1
exp_089,86,s1,s2,1.1068262415847632,3,20.043908001983993,135.886103459511,13273.830151873093,1,1
exp_089,87,s1,s2,0.45273270879336946,4,10.2931220466327,160.96630846679173,6145.066037601076,0,1
exp_089,88,s1,s2,1.5454417101173963,6,11.974475382002904,132.61457243174445,8326.74427748332,0,1
exp_089,89,s1,s2,6.160166639561268,8,13.653292036621767,155.7325248793231,8548.547528232197,1,1
exp_089,90,s1,s2,0.5404329370710065,2,14.377717385787035,113.61383906054994,12942.443175942317,0,1
exp_089,91,s1,s2,0.15384463853484545,2,17.3566806209894,108.28520319908786,5107.527672030657,0,1
exp_089,92,s1,s2,0.7882736326093058,4,10.734943456951793,-0.1671989041079458,9799.238058822062,0,1
exp_089,93,s1,s2,0.3838376616063804,1,11.703615779382698,34.386808372343616,6183.515759435666,0,1
exp_089,94,s1,s2,4.205083305835428,5,13.83843739019085,71.74247738393757,9168.225005017222,1,1
exp_089,95,s1,s2,1.4050376474415014,1,16.836373904972998,88.61993851052571,5054.914008695522,0,1
exp_089,96,s1,s2,11.862828818804111,1,13.182408426199702,22.912452254144043,10184.515337155923,1,1
exp_089,97,s1,s2,0.2765426320415661,1,16.423079767325277,91.7879933962419,8898.425188879031,0,1
exp_089,98,s1,s2,3.609886992204039,3,15.540667211437329,146.62613582396992,7940.32284031031,1,1
exp_089,99,s1,s2,0.28996341456344454,8,15.268379944175885,88.03861582534321,10337.393475604531,0,1
exp_089,100,s1,s2,3.5191251733434044,4,14.520663663325669,170.38330672768126,13179.935628896297,1,1
exp_089,101,s1,s2,1.564047864215419,5,10.187064197413523,151.82404707116368,7786.317720487361,0,1
exp_089,102,s1,s2,4.171562776735122,5,9.643476345155605,39.349864981220165,11970.091771193367,1,1
exp_089,103,s1,s2,0.7893745925237377,4,14.417333294404914,114.4332355291931,13500.42133581086,0,1
exp_089,104,s1,s2,1.8872670841987895,4,13.675420416592903,54.880225767987774,8938.10546945276,0,1
exp_089,105,s1,s2,4.103004897384903,4,12.847484121669904,108.12610677155618,5036.046591572903,1,1
exp_089,106,s1,s2,0.2303897274665975,5,23.512426441594936,71.48700957511457,6867.928471173717,1,1
exp_089,107,s1,s2,4.75790939594522,1,13.378241492473634,137.83512846173272,11986.502552219785,1,1
exp_089,108,s1,s2,3.8712212256244847,6,19.195554612858263,32.525614785986804,9353.712011426149,1,1
exp_089,109,s1,s2,4.9211621136346,2,14.77555180934607,23.794057474320173,7916.393220448822,1,1
exp_089,110,s1,s2,0.6628453819032333,4,18.55944424024499,9.112170127348996,5818.185443745843,0,1
exp_090,0,s1,s2,0.026089791075484283,0,2.7010827700094375,120.9987619199648,11575.936644308455,0,0
exp_090,1,s1,s2,0.2092384414371431,0,2.3562054834640347,120.58914446586112,14513.941850481353,0,0
exp_090,2,s1,s2,0.009641903314787556,0,2.6119184762358296,83.8674796371202,11669.170546438885,0,0
exp_090,3,s1,s2,0.16471920903010637,0,2.5827005487628796,59.12068834563649,9903.092332993714,0,0
exp_090,4,s1,s2,0.1654684208083577,0,1.854822156208998,77.91640960076084,9649.362574638222,0,0
exp_090,5,s1,s2,0.06472092501864184,0,3.9545676098062517,56.003217656448626,8659.902985317394,0,0
exp_090,6,s1,s2,0.0237248036022029,0,2.662970021953324,70.28420042773494,9814.392204982512,0,0
exp_090,7,s1,s2,0.009803129686087372,0,2.760066865112924,184.74136101264705,9451.67245067738,0,0
exp_090,8,s1,s2,0.0019950315714082597,0,2.0848554801817314,132.38014797145627,5908.655092916078,0,0
exp_090,9,s1,s2,0.18453685236926734,0,4.665458054706842,95.18558442420353,13218.848961027701,0,0
exp_090,10,s1,s2,0.33415230902122806,0,2.3699859271448904,109.02576551739949,10576.882054129162,0,0
exp_090,11,s1,s2,0.07123761543839059,0,2.850725956134689,82.95174405966154,9121.780001866882,0,0
exp_090,12,s1,s2,0.017551516968690267,0,2.578862387557884,127.3324805043386,5038.003380729148,0,0
exp_090,13,s1,s2,0.22067018722839646,0,2.7304342794919543,49.01765076554733,8659.662475490204,0,0
exp_090,14,s1,s2,0.017943939491674898,0,3.7556600333333536,108.91991441137465,10137.233337530444,0,0
exp_090,15,s1,s2,0.3608678731771231,0,3.3975143330660003,82.36415673183892,7569.080788268624,0,0
exp_090,16,s1,s2,0.02884043432562737,0,2.110663183765306,163.2022903443106,8494.168095658284,0,0
exp_090,17,s1,s2,0.1863005954007354,0,3.1670570026933897,134.86936211921753,9068.393545575833,0,0
exp_090,18,s1,s2,0.005460785587731297,0,2.0503195753550068,56.37998830761203,10428.816478410936,0,0
exp_090,19,s1,s2,0.2884188760933574,0,3.0288149297017366,156.86583361313018,5172.982597876382,0,0
exp_090,20,s1,s2,0.007085056369057131,0,2.571044473583251,135.7199547195413,8180.904177038125,0,0
exp_090,21,s1,s2,0.015056415132944648,0,2.2764929544457266,60.37974298693951,9120.934652730311,0,0
exp_090,22,s1,s2,0.09758961381358078,0,2.3009650197161586,-2.3690893791232126,6819.000969371433,0,0
exp_090,23,s1,s2,0.005804202329157065,0,2.4766776282294396,90.92369640685831,7997.201378127535,0,0
exp_090,24,s1,s2,0.18176853908218793,0,1.8361128777030358,74.7541289962095,14020.675434209037,0,0
exp_090,25,s1,s2,0.10198454965003817,0,2.3628755079743824,52.76094497423126,13124.923592305138,0,0
exp_090,26,s1,s2,0.016431881772790598,0,3.79738813897261,48.80274309255606,12380.004313777,0,0
exp_090,27,s1,s2,0.3190320903663904,0,2.279139120987089,-5.250862553287816,9392.677108247182,0,0
exp_090,28,s1,s2,0.04900071349062244,0,2.0106853180727686,75.90687580088002,8661.590374631314,0,0
exp_090,29,s1,s2,0.3481206455620186,0,3.27765054589564,145.2181705115368,6928.059806501603,0,0
exp_090,30,s1,s2,0.21091978408910517,0,3.459984866513773,5.349405838814492,14117.947877803213,0,0
exp_090,31,s1,s2,0.04075023402132308,0,2.8539749997903052,111.39389107645032,14287.031038302765,0,0
exp_090,32,s1,s2,0.044420407402546894,0,3.8881807609125385,-5.056744645112898,8470.264729937382,0,0
exp_090,33,s1,s2,0.05978050229429969,0,-0.9615795679890415,129.20250125701799,14611.094554136182,0,0
exp_090,34,s1,s2,0.033099111934702545,0,3.7933223488924632,74.71339679886125,8920.088418494071,0,0
exp_090,35,s1,s2,0.007601440476110816,0,5.799883006645994,47.75253860310485,11176.92734652511,0,0
exp_090,36,s1,s2,0.02680013594330658,0,3.6532100170442776,119.28247911461129,5261.275645650977,0,0
exp_090,37,s1,s2,0.09496981697045384,0,1.500370726635018,193.00580283342885,9536.083650743165,0,0
exp_090,38,s1,s2,0.11378130248045926,0,4.4072608520308485,117.1168625948471,9216.375620530143,0,0
exp_090,39,s1,s2,0.054012511091900445,0,3.761640874677144,164.3688136095869,12780.980330536022,0,0
exp_090,40,s1,s2,0.21818173995236925,0,2.1205057678587664,43.75039189071557,10269.507416384711,0,0
exp_090,41,s1,s2,0.2665749488060305,0,2.881719359525364,162.7285715557002,10731.18887765754,0,0
exp_090,42,s1,s2,0.12458721971952053,0,2.068360341129309,102.63100479753103,8527.367874349991,0,0
exp_090,43,s1,s2,0.0048783051746345354,0,1.798375366522985,162.65936240982285,12383.626937842142,0,0
exp_090,44,s1,s2,0.056161056338383586,0,2.8727890207695217,75.9909243488579,7186.945591008971,0,0
exp_090,45,s1,s2,0.024116846694047164,0,3.2175511661757947,97.21674071059131,14600.692554287527,0,0
exp_090,46,s1,s2,0.16268599421386754,0,3.8017348647089118,61.340417379822846,5153.634485350709,0,0
exp_090,47,s1,s2,0.00579989445684094,0,3.231784072443332,160.5710030300056,8733.0767503005,0,0
exp_090,48,s1,s2,0.13488381263073188,0,2.6560473108330283,68.90940688540003,12276.08562227965,0,0
exp_090,49,s1,s2,0.023214497147946312,0,1.876164827901411,208.05574422182087,7023.638241223934,0,0
exp_090,50,s1,s2,0.21926793109909212,0,5.012843243618482,34.352008926161716,7530.376353852714,0,0
exp_090,51,s1,s2,0.04258795036836592,0,2.9761958253452905,68.02013517508927,8448.460738215232,0,0
exp_090,52,s1,s2,0.039958806839380016,0,3.331245123532734,131.6787359688978,9572.895264980263,0,0
exp_090,53,s1,s2,0.02173493790800443,0,2.586438162428628,67.23840444474206,14545.283553255931,0,0
exp_090,54,s1,s2,0.03269526395266146,0,4.610241692541401,97.35689925490247,14291.856337161613,0,0
exp_090,55,s1,s2,0.09290974116153,0,3.0821368422837008,99.02112055907148,5261.626251441072,0,0
exp_090,56,s1,s2,0.17848225838276122,0,3.825928341856545,71.04646864373163,6621.668782666319,0,0
exp_090,57,s1,s2,0.04259001103181248,0,4.413071550138769,127.77280763079126,14112.267942765338,0,0
exp_090,58,s1,s2,0.012747609074999642,0,3.232808113199762,177.88527113682494,9767.255651922065,0,0
exp_090,59,s1,s2,0.017163793481060084,0,1.5144084907929343,29.624952106436975,11483.464948529718,0,0
exp_090,60,s1,s2,0.09135568679386333,0,2.58372737456465,79.58101815303948,12261.121651569414,0,0
exp_090,61,s1,s2,0.05813690108515808,0,2.415704316117054,183.30446049678574,5309.848915831565,0,0
exp_090,62,s1,s2,0.07878050766633206,0,3.2681793582860656,194.50808725180067,6228.799419389992,0,0
exp_090,63,s1,s2,0.16923257341068804,0,3.5336210295104156,88.42032321779236,14068.754563429418,0,0
exp_091,0,s1,s2,0.02168190487229727,0,3.0764239965060556,53.850935873840534,12441.491966102434,0,0
exp_091,1,s1,s2,0.27295221824788934,0,2.808092288521886,139.20291866820145,12040.577508768934,0,0
exp_091,2,s1,s2,0.1189479076901999,0,2.136547481018389,90.55568022405782,8820.089152841972,0,0
exp_091,3,s1,s2,0.4874080547162195,0,1.0261194784081609,134.2451839645358,12438.147768639254,0,0
exp_091,4,s1,s2,0.11594003858730804,0,4.860091821152825,153.32616353744913,10849.379101177132,0,0
exp_091,5,s1,s2,0.3129881726531296,0,5.6001859918371935,113.16647224227457,9716.549478491963,0,0
exp_091,6,s1,s2,0.09168464899172114,0,2.688412722272851,137.99693068779428,9959.028691425996,0,0
exp_091,7,s1,s2,0.059531464912270696,0,4.197861865391138,80.96651897440059,7319.451613685957,0,0
exp_091,8,s1,s2,0.06929831951315943,0,2.5925964688494143,58.850903510465045,12697.036314015859,0,0
exp_091,9,s1,s2,0.13914305661081172,0,2.204487466660172,52.64180675741281,8864.177119249545,0,0
exp_091,10,s1,s2,0.10064691977623266,0,3.7808664169402806,101.94111722470727,10646.20655687316,0,0
exp_091,11,s1,s2,0.19451696489893278,0,2.4704102152283594,41.76300612908683,8198.866347588555,0,0
exp_091,12,s1,s2,0.04114050059937767,0,2.886786833789663,140.5780125131211,7679.682302063828,0,0
exp_091,13,s1,s2,0.03487096132910251,0,3.179320846162035,169.5328134288492,9494.971190765671,0,0
exp_091,14,s1,s2,0.2614749571092862,0,1.972623094709533,102.41262888176229,12079.498349463904,0,0
exp_091,15,s1,s2,0.16880068337680756,0,3.258062074741549,155.48665356098863,11168.390909165924,0,0
exp_091,16,s1,s2,0.12354323112234505,0,0.9983289451519033,148.3368459149754,13331.592276068315,0,0
exp_091,17,s1,s2,0.014365231291832859,0,2.7461467420917622,66.04227804013398,14947.24212687428,0,0
exp_091,18,s1,s2,0.1004583078642492,0,0.6282104609701911,114.90271267604803,11132.802423389265,0,0
exp_091,19,s1,s2,0.024381094692781796,0,2.604178467235786,156.07731939374582,9829.046967196982,0,0
exp_091,20,s1,s2,0.13185831493776748,0,2.4826176705255705,63.661801827555244,6547.519958630706,0,0
exp_091,21,s1,s2,0.14613697489129845,0,2.9745771302754322,53.47769595723887,12499.096376724301,0,0
exp_091,22,s1,s2,0.07087926069795657,0,2.2625213828129453,100.73328614180757,12828.612123565032,0,0
exp_091,23,s1,s2,0.09263604858074397,0,4.153348521474664,136.34334929291649,10606.178018704066,0,0
exp_091,24,s1,s2,0.07105436174225198,0,3.7080026467121097,114.4398828616025,11384.972297560294,0,0
exp_091,25,s1,s2,0.15526878494126806,0,5.543556168549496,71.98904758728202,6801.496440327315,0,0
exp_091,26,s1,s2,0.0670442974617383,0,2.8894913681350554,41.17283749418552,5649.516836471929,0,0
exp_091,27,s1,s2,0.08585110402079436,0,3.789063120620737,75.3721314541018,8762.637284434833,0,0
exp_091,28,s1,s2,0.24982746163281108,0,4.1912127297395045,95.37129713645825,7972.714652560145,0,1
exp_091,29,s1,s2,0.06007541935814012,0,1.6508776698432945,137.35898068465755,11573.28326476979,0,1
exp_091,30,s1,s2,0.03405237381521287,0,2.565152370691401,99.28348078600784,5781.823221837906,0,1
exp_091,31,s1,s2,0.02576071464279819,0,3.562826197170428,153.77783416001935,13934.481270642791,0,1
exp_091,32,s1,s2,0.2350840066327382,0,1.5409221537154252,30.978549200029914,13357.43049598749,0,1
exp_091,33,s1,s2,0.05558984285053246,0,3.019247742989999,157.97225222570108,9247.131242350017,0,1
exp_091,34,s1,s2,0.03272130920035542,0,3.074415261361456,46.346326257994875,8252.251152908437,0,1
exp_091,35,s1,s2,0.028693598016175267,0,2.6162640507297192,43.09315682556344,10558.727615442127,0,1
exp_091,36,s1,s2,0.18141643799659005,0,3.3142385766718525,114.16874352240208,10762.33615629095,0,1
exp_091,37,s1,s2,0.08199581819848482,0,2.722511078694949,126.58327814124173,6454.505521041785,0,1
exp_091,38,s1,s2,0.00864022232056568,0,2.702134798774449,144.25749939722365,9987.262697678221,0,1
exp_091,39,s1,s2,0.16248563997777776,0,3.946382052261355,83.68936862534264,8216.978696967668,0,1
exp_091,40,s1,s2,0.13181955341658375,0,1.9262481459370668,130.08729919976486,6244.97805314805,0,1
exp_091,41,s1,s2,0.2957054193836046,2,11.495147947946332,150.04048086884822,12457.004976483906,0,1
exp_091,42,s1,s2,0.4519657069611398,9,16.768766074107713,114.08770200222489,9076.069330667982,0,1
exp_091,43,s1,s2,2.7394879779811236,1,6.740007773045873,125.68989872969898,14443.635912805154,1,1
exp_091,44,s1,s2,4.535689594315198,7,11.4523819759735,161.08528032371294,10075.283834409613,1,1
exp_091,45,s1,s2,0.5947345125512217,5,21.04732810135148,117.84515995804142,10715.29915223745,1,1
exp_091,46,s1,s2,0.9155631223954972,9,14.987656000170396,64.67256047643929,7904.095673661227,0,1
exp_091,47,s1,s2,2.074848647965228,6,16.985202074361826,129.07381821092807,13386.175772018181,1,1
exp_091,48,s1,s2,0.7311685677790779,7,20.562838917231538,116.72596899757899,10659.276597392643,1,1
exp_091,49,s1,s2,0.34715483672199815,5,2.7070681659089035,81.6482003256019,8159.369061403162,0,1
exp_091,50,s1,s2,4.421936008530926,6,20.09077076786376,152.40205361311183,6139.377704230068,1,1
exp_091,51,s1,s2,12.419928503267897,2,8.01482063687465,113.45599342092257,10725.887602852554,1,1
exp_091,52,s1,s2,2.5985969059326575,1,14.444240848156694,138.07552379404785,13747.962934489075,1,1
exp_092,0,s1,s2,0.06272426582331583,0,1.9934292738647998,167.24328106823268,6042.00542970779,0,0
exp_092,1,s1,s2,0.13105994443207866,0,2.3446229313269686,138.26042609325515,6367.562437423066,0,0
exp_092,2,s1,s2,0.07503548810713451,0,2.4664322995720154,38.16023757109217,12773.612201288504,0,0
exp_092,3,s1,s2,0.0247957695369485,0,3.5847736306274074,151.45740506162417,7197.258637379008,0,0
exp_092,4,s1,s2,0.07474019105061612,0,1.7543317972438548,123.70419780281968,6449.493358125169,0,0
exp_092,5,s1,s2,0.07575106437970762,0,2.657650343281497,194.98891078965556,5700.392485319204,0,0
exp_092,6,s1,s2,0.25931072840578456,0,3.9315824859718953,174.93067693804005,11436.270119306773,0,0
exp_092,7,s1,s2,0.05085043215872536,0,2.47980750305887,178.61046446495664,13810.960476081264,0,0
exp_092,8,s1,s2,0.12632320382275505,0,3.694651450202368,104.93993901642858,14124.433609397369,0,0
exp_092,9,s1,s2,0.005375315521044355,0,3.5834485063484705,49.05920922556265,14218.394265060846,0,0
exp_092,10,s1,s2,0.05626980376268971,0,3.108863710727029,82.4623987156931,6946.869972411436,0,0
exp_092,11,s1,s2,0.08036804592885255,0,4.046110477532834,-3.9464129607609477,14324.363194633997,0,0
exp_092,12,s1,s2,0.0665144132425943,0,3.081545329642815,76.54600525175599,8257.45530175318,0,0
exp_092,13,s1,s2,0.15056856691343545,0,4.68470663146617,89.50541686038406,14088.209953483138,0,0
exp_092,14,s1,s2,0.044984654128396626,0,2.6897429204462067,104.79930284090297,7130.5666585113595,0,0
exp_092,15,s1,s2,0.10045171871085667,0,3.612863713230541,15.331258142720028,5159.825553911492,0,0
exp_092,16,s1,s2,0.0658464165623335,0,1.6887850072328923,184.57212030703081,5676.398074789076,0,0
exp_092,17,s1,s2,0.09438537127236535,0,3.1419769976046394,224.3405245836182,11931.4547559554,0,0
exp_092,18,s1,s2,0.023294358156910014,0,2.085456337889669,124.11543203654512,8926.93631034787,0,0
exp_092,19,s1,s2,0.006995760055835878,0,3.158151253830919,166.00297117079572,14710.492023636883,0,0
exp_092,20,s1,s2,0.2852959235638483,0,1.5260775677178515,184.98326777038665,10326.64587403624,0,0
exp_092,21,s1,s2,0.03692788490699491,0,3.0603729013390235,93.43336701715405,14658.170738331703,0,0
exp_092,22,s1,s2,0.07601031837673994,0,3.4617150130949175,91.02334012333769,8646.66529474856,0,0
exp_092,23,s1,s2,0.2459580396901848,0,3.093455084042425,157.8891575963967,11768.726666684572,0,0
exp_092,24,s1,s2,0.12050315099423717,0,1.9749744367048974,121.31504572237817,11927.762117068205,0,0
exp_092,25,s1,s2,0.0003223273280136408,0,3.461485852663511,188.38060968646394,7597.604221428384,0,0
exp_092,26,s1,s2,0.16284390192273035,0,2.6182304004952273,-27.12539885314986,5276.745548671347,0,0
exp_092,27,s1,s2,0.05130275224441422,0,2.4753276638814397,61.018466283442905,7521.3949868673935,0,0
exp_092,28,s1,s2,0.004711340413836935,0,4.5370864864344105,-34.38870007205701,10710.626286813167,0,0
exp_092,29,s1,s2,0.06203052976162518,0,3.984083652753956,115.29465964457127,5410.402409123605,0,0
exp_092,30,s1,s2,0.06857883223450288,0,1.7235639466653254,118.38234107654898,7525.001088318993,0,0
exp_092,31,s1,s2,0.15398807753772234,0,1.1831793840481608,133.2343972836232,12647.552222772703,0,0
exp_092,32,s1,s2,0.13732422090769827,0,2.8414963144658936,-7.926308671154936,11645.18933537597,0,0
exp_092,33,s1,s2,0.042045065952570994,0,1.649426756090418,134.99764392543437,7920.20827488259,0,0
exp_092,34,s1,s2,0.03720390023319181,0,4.825878857441737,193.14315110518973,5561.465220551424,0,0
exp_092,35,s1,s2,0.10484175778235005,0,4.032047001370422,21.01986045387001,13402.337477712363,0,0
exp_092,36,s1,s2,0.00465658609200417,0,4.211594227659473,201.02514095935138,7067.665552294336,0,0
exp_092,37,s1,s2,0.1039682134021507,0,4.5245997737194354,115.63701677354138,6106.1856814934945,0,0
exp_092,38,s1,s2,0.058628103559822745,0,1.86019184000634,157.6692162638068,5938.8810422118295,0,0
exp_092,39,s1,s2,0.29856705674383405,0,2.923814601532878,95.66838919035236,8083.669550500321,0,0
exp_092,40,s1,s2,0.07182090079552685,0,2.9779580696118635,99.67557786685634,11166.795229958034,0,0
exp_092,41,s1,s2,0.1240601731389392,0,1.7857515280067366,80.32878646668168,8060.155947380373,0,0
exp_092,42,s1,s2,0.10665315506957954,0,4.696003638883513,97.97352091820832,7181.7024452331425,0,0
exp_092,43,s1,s2,0.18450692267033464,0,2.5443673597871905,53.9082051192165,10912.076298552212,0,0
exp_092,44,s1,s2,0.13350811982221664,0,2.0335689100889325,135.2771406128124,12257.655356285703,0,0
exp_092,45,s1,s2,0.11918258604608911,0,3.2814268917186498,108.54957788239841,12117.171853791993,0,0
exp_092,46,s1,s2,0.04337261553041247,0,3.666701819593133,149.44521411700214,10742.591858585778,0,0
exp_092,47,s1,s2,0.04366971295958154,0,3.0250711883155894,141.38148215428504,11281.033770372349,0,0
exp_092,48,s1,s2,0.053676428773596456,0,2.348006590831575,157.5896961501335,13106.34391508951,0,0
exp_092,49,s1,s2,0.011422348563360628,0,2.795298349249655,192.51475212548158,11987.53562921908,0,0
exp_092,50,s1,s2,0.07579964551425923,0,2.9299822271636886,44.357294419580775,14645.589706646886,0,0
exp_092,51,s1,s2,0.14058466727937366,0,3.296121413329449,93.3386233601151,12789.462771891076,0,0
exp_093,0,s1,s2,0.041968683890141294,0,4.622418650704942,183.02425869826956,14280.53081640376,0,0
exp_093,1,s1,s2,0.01884084044573185,0,2.788522745616636,176.7812396719899,6747.520115874925,0,0
exp_093,2,s1,s2,0.18056876615117637,0,2.2136704886174665,123.76599119213653,11103.603497898739,0,0
exp_093,3,s1,s2,0.10322702956071957,0,2.204675304959885,117.29691843652381,10983.159089025647,0,0
exp_093,4,s1,s2,0.010520853994207251,0,3.4660295955016127,115.66492201840624,7985.416424468981,0,0
exp_093,5,s1,s2,0.15063940096555573,0,4.337430395987354,81.47386629795275,11862.523696636223,0,0
exp_093,6,s1,s2,0.0341280495017999,0,3.4580796250385157,148.55456265492685,8493.716181960497,0,0
exp_093,7,s1,s2,0.07142878449533345,0,2.161432157210452,105.86125597167201,14722.338657559274,0,0
exp_093,8,s1,s2,0.009631181122089704,0,2.941480597550665,190.10958040802734,12598.787302994682,0,0
exp_093,9,s1,s2,0.030236306750147542,0,3.5850063628536217,-20.30903919541702,6207.341547296214,0,0
exp_093,10,s1,s2,0.19094447561622452,0,2.98126778624434,105.58628462367105,8768.164245148022,0,0
exp_093,11,s1,s2,0.09016007112670356,0,3.7731568772003996,119.7883645026915,8728.910033445642,0,0
exp_093,12,s1,s2,0.144743503077242,0,3.771509117559171,44.4354822354843,9667.452203189201,0,0
exp_093,13,s1,s2,0.10837647249413246,0,1.5131288856886198,56.55208286776111,9859.901481965462,0,0
exp_093,14,s1,s2,0.22547736430679804,0,4.0095668308183505,179.04760421597786,12198.652242726715,0,0
exp_093,15,s1,s2,0.13060486371938795,0,2.0036363504622816,61.739928441093824,10091.318667929116,0,0
exp_093,16,s1,s2,0.01599770625619255,0,4.925947960318987,87.39979152587493,5074.101643778201,0,0
exp_093,17,s1,s2,0.011782392322183366,0,4.756184373637941,19.943775264381536,6552.924364436365,0,0
exp_093,18,s1,s2,0.040198913944870386,0,3.4400882813285163,118.10788262441682,9052.921669138934,0,0
exp_093,19,s1,s2,0.03725904854598277,0,4.156338169291444,148.20621159847255,14838.070281581951,0,0
exp_093,20,s1,s2,0.11951082377713945,0,2.1617817926936103,62.83488541968545,5928.342815845124,0,0
exp_093,21,s1,s2,0.05876843146793166,0,3.405733381407442,89.8893275434765,9039.097487057496,0,0
exp_093,22,s1,s2,0.20924587879060697,0,3.888935795291148,74.08632496415696,9545.14553564131,0,0
exp_093,23,s1,s2,0.003289330026328409,0,1.4485145054606194,96.29589911861218,8074.421672778238,0,0
exp_093,24,s1,s2,0.11531447256089636,0,3.9954367054299045,103.77883085733289,14359.546569960758,0,0
exp_093,25,s1,s2,0.11742760830852228,0,2.705856069080006,117.534069412657,5792.744779694449,0,0
exp_093,26,s1,s2,0.040491891988257304,0,4.178128706634906,37.814070191695436,13403.597605766781,0,0
exp_093,27,s1,s2,0.03522310372444578,0,2.083097241925995,91.26986721293356,9127.409399834785,0,0
exp_093,28,s1,s2,0.024131860306580585,0,1.5618077822373926,63.8241445306871,13087.295347836522,0,0
exp_093,29,s1,s2,0.00040709628273927613,0,3.165582129494118,97.15419853213551,11789.926968583162,0,0
exp_093,30,s1,s2,0.147914338956938,0,2.6344239749119365,147.61331597870304,5659.446202512366,0,0
exp_093,31,s1,s2,0.052880284384937706,0,1.763513465520438,173.06778435140907,9483.125112361538,0,0
exp_093,32,s1,s2,0.17458533679221117,0,2.9165451998238874,88.29154213077176,9884.130278806748,0,0
exp_093,33,s1,s2,0.03555142390557688,0,0.8589634829380723,40.96780079847113,14239.089430661577,0,0
exp_093,34,s1,s2,0.06794860136273027,0,1.3265348559105565,91.9302532248314,5463.228250117814,0,0
exp_093,35,s1,s2,0.03559296566998652,0,3.3289336315544116,138.5299422082502,13625.436813526796,0,0
exp_093,36,s1,s2,0.2103038043365238,0,3.0441486034706897,176.94507069285993,14500.464758246722,0,0
exp_093,37,s1,s2,0.17023268602628358,0,2.781651192770459,49.15367665480286,10396.911869177966,0,0
exp_093,38,s1,s2,0.07537776288690344,0,3.59898090972173,-14.026209756667418,5929.920438117236,0,0
exp_093,39,s1,s2,0.10648848171315668,0,4.48699485932857,99.41642438502627,11933.876944395077,0,0
exp_093,40,s1,s2,0.011965079682497324,0,4.289532368248795,59.25554309613252,8368.861926631342,0,0
exp_093,41,s1,s2,0.08367890161001017,0,2.913686151720476,31.06883557442709,12384.334506558558,0,0
exp_093,42,s1,s2,0.040064375670172576,0,2.6491218154887517,63.57035534295485,11444.32555884085,0,0
exp_093,43,s1,s2,0.15728542735629203,0,1.1258375628352204,96.5019982164906,14275.163835925503,0,0
exp_093,44,s1,s2,0.07640210858543811,0,2.71644102923409,197.12412073833795,7421.070625666829,0,0
exp_093,45,s1,s2,0.07917272845843873,0,2.626837940060524,154.3539418529583,11687.265028266282,0,0
exp_093,46,s1,s2,0.004327933867454159,0,2.9654114797828486,-21.679790982401826,6605.827019196087,0,0
exp_093,47,s1,s2,0.02184007119794458,0,4.650757600025658,166.33253299360834,8416.069320780254,0,0
exp_093,48,s1,s2,0.04684499376283191,0,3.7160427154729136,100.50704526788195,6496.566340441109,0,0
exp_093,49,s1,s2,0.08019086089218316,0,2.935165580445405,65.61329579427638,8972.12206333927,0,0
exp_093,50,s1,s2,0.01793647361301425,0,2.817318100384903,38.499496695869574,6265.949055495653,0,0
exp_093,51,s1,s2,0.034924316706691196,0,2.803573065182608,79.22504759425091,10336.924614639971,0,0
exp_093,52,s1,s2,0.1362074073929638,0,2.5122642598090708,149.68972503556904,14387.968866664552,0,0
exp_093,53,s1,s2,0.02752592723155884,0,0.9027069512863344,128.08976761361626,13981.108565142616,0,0
exp_093,54,s1,s2,0.14949748924570644,0,2.477236561257723,141.84539805288665,13734.852293014614,0,0
exp_093,55,s1,s2,0.1049172287460682,0,2.1240054673278417,155.5770894359292,7450.155154116113,0,0
exp_093,56,s1,s2,0.052455530892767166,0,4.830181663674357,141.46500301317124,9979.645517797859,0,0
exp_093,57,s1,s2,0.1200194052672793,0,3.9891413996797973,162.04124058698304,7510.884679247154,0,0
exp_093,58,s1,s2,0.059118370849681925,0,3.4141254839222634,114.22016433025195,10011.711282910299,0,0
exp_093,59,s1,s2,0.4326837158658184,0,2.4839085325933064,69.54548311423537,9607.513067080357,0,0
exp_093,60,s1,s2,0.07107829374750192,0,1.2948088413546195,7.488943444266061,9872.506237127749,0,0
exp_093,61,s1,s2,0.03859071899892517,0,3.560329692250849,126.24456849605191,8649.589007895815,0,0
exp_093,62,s1,s2,0.05173205192313884,0,3.1651562972392293,125.6316724256582,7427.159366976957,0,0
exp_093,63,s1,s2,0.0928802048172297,0,3.827873959028951,109.03308762564379,8116.686018510236,0,0
exp_093,64,s1,s2,0.02239938253260785,0,2.108862498889381,59.374317499965976,11483.844190004203,0,0
exp_093,65,s1,s2,0.16736190854051702,0,1.891383311780737,77.4076478524468,8430.916165908158,0,0
exp_093,66,s1,s2,0.07908887323349209,0,3.598890010445865,198.90731020033016,7567.302917163905,0,0
exp_093,67,s1,s2,0.2501265092651046,0,1.4802812015967999,-15.168526843251007,14673.852254168272,0,0
exp_093,68,s1,s2,0.2027740953624455,0,2.4901078574189404,124.60759888405425,13380.873086909314,0,0
exp_093,69,s1,s2,0.060753595892830387,0,3.3690157687099442,60.123031951697314,11312.20375281935,0,0
exp_093,70,s1,s2,0.15099021668615742,0,1.4215382938928767,50.37232922543339,14728.852635813575,0,0
exp_093,71,s1,s2,0.14911803314627764,0,2.508822580302627,188.30033214270068,13909.683326868011,0,0
exp_093,72,s1,s2,0.0016962710367919268,0,3.740106301407038,48.46896369275093,10083.87851400766,0,0
exp_093,73,s1,s2,0.07631561586951664,0,1.8130993010485779,85.11576751422587,6662.214827100297,0,0
exp_093,74,s1,s2,0.034882188974670846,0,4.303318630333133,93.6286111942352,9468.320216518458,0,0
exp_093,75,s1,s2,0.22807778189417355,0,2.640807325814099,70.13771233925263,5705.237637959274,0,0
exp_093,76,s1,s2,0.07134020647697308,0,2.969527956557659,71.50285891913178,9206.14509464755,0,0
exp_093,77,s1,s2,0.022593852479288978,0,1.2218285289873396,167.79572598023097,6979.668110327386,0,0
exp_093,78,s1,s2,0.17519396871562384,0,1.231225201125423,100.72109758447098,14151.122633532186,0,0
exp_093,79,s1,s2,0.1293098597193225,0,2.226621663841332,110.50264580668416,14306.45914727493,0,0
exp_093,80,s1,s2,0.015572002906447037,0,4.910635565848807,74.01005197402064,9947.690122423,0,0
exp_093,81,s1,s2,0.2141061964533862,0,2.8583061021992284,106.51558159268171,11176.36260182864,0,0
exp_093,82,s1,s2,0.005361509324408593,0,3.9657327966098377,145.1271293231122,8444.911496435827,0,0
exp_093,83,s1,s2,0.154455796848636,0,3.0577515542321234,208.8545501951501,9552.725541531952,0,0
exp_093,84,s1,s2,0.01155685574235229,0,1.7880925497074873,105.48053780068595,11560.304626598614,0,0
exp_093,85,s1,s2,0.09031622049747395,0,2.0014024622894127,58.66115028171248,9760.62491519097,0,0
exp_093,86,s1,s2,0.07184401971755987,0,2.3609546912478376,148.55790486929058,9034.226352906291,0,0
exp_093,87,s1,s2,0.0420520889522725,0,4.259173213303001,0.6471231481461781,10574.711238341579,0,0
exp_093,88,s1,s2,0.044838670345084854,0,4.623616834202869,171.66017800657283,10268.978317445513,0,0
exp_093,89,s1,s2,0.060214025977179536,0,3.078984249406326,59.60996262983921,12126.99990486887,0,0
exp_093,90,s1,s2,0.02424883929361839,0,3.43712614671867,170.25836778200198,7375.209584781741,0,0
exp_093,91,s1,s2,0.01778729932521269,0,3.8063702052256883,60.379834046887446,7505.118744257479,0,0
exp_093,92,s1,s2,0.11495594911626655,0,5.038278877463446,199.67524629828551,13525.993217655026,0,0
exp_093,93,s1,s2,0.20772608918056568,0,2.2641658546209977,103.12379538676981,6611.846367764606,0,0
exp_093,94,s1,s2,0.29694303197448824,0,3.12277092288757,93.31303229446823,10404.068055121897,0,0
exp_094,0,s1,s2,0.004344458248364452,0,3.3323854280480933,37.51026793295607,5807.371784000136,0,0
exp_094,1,s1,s2,0.01764123589319202,0,3.0731787145048175,171.7229513259173,14003.009356916753,0,0
exp_094,2,s1,s2,0.011866954573436509,0,2.834197173136082,124.73363827832331,13614.893912331945,0,0
exp_094,3,s1,s2,0.11037456598577333,0,3.2871388997373803,142.26826143496658,13331.585309762759,0,0
exp_094,4,s1,s2,0.14152336964074283,0,3.442127642278372,49.66053260853205,6481.755465201586,0,0
exp_094,5,s1,s2,0.2036045877970062,0,1.8292356533073957,82.33862707478687,14356.749836612229,0,0
exp_094,6,s1,s2,0.004649009689468449,0,4.55164052817635,91.41734780363409,8167.504754317009,0,0
exp_094,7,s1,s2,0.07525462272439387,0,3.1937419006681065,104.29540092083153,6027.0263927103,0,0
exp_094,8,s1,s2,0.01710572820758049,0,0.32668104217359506,114.5444470985394,9107.961606836665,0,0
exp_094,9,s1,s2,0.03523436275558047,0,3.994472013274944,107.8725763418866,6609.243405378638,0,0
exp_094,10,s1,s2,0.024243637868754647,0,2.5820077663668304,108.04444772453995,11737.641995630065,0,0
exp_094,11,s1,s2,0.03775428153783364,0,1.8524363211224528,13.647123358019064,8495.87561491715,0,0
exp_094,12,s1,s2,0.18401703194071886,0,3.0704595906591026,132.7315508504751,10818.784988349393,0,0
exp_094,13,s1,s2,0.00730902987888191,0,3.648214981588537,182.16174429374877,5503.945238076003,0,0
exp_094,14,s1,s2,0.02211775689642105,0,2.4889411075012076,76.8526399820583,11586.45954622777,0,0
exp_094,15,s1,s2,0.2637213645227067,0,2.86296424050517,179.6344991254293,9040.51297984482,0,0
exp_094,16,s1,s2,0.04885067291581633,0,1.3291180602446142,160.0839980499987,7261.219711887171,0,0
exp_094,17,s1,s2,0.09234233752431178,0,2.8769666086507732,98.61622033305156,5222.3111356677455,0,0
exp_094,18,s1,s2,0.03203934514976528,0,0.7907803807964195,109.41385639728573,5240.55152387552,0,0
exp_094,19,s1,s2,0.025251026783769406,0,1.8224539378666922,135.33342734455016,10667.362550310041,0,0
exp_094,20,s1,s2,0.016339631971495194,0,4.294570232789852,148.72800405066135,9258.788912916514,0,0
exp_094,21,s1,s2,0.32748999080795227,0,1.4998957629131537,78.04520798502622,6153.78609603904,0,0
exp_094,22,s1,s2,0.02333521071514913,0,1.4664777576803636,121.72173724119351,11542.494284475448,0,0
exp_094,23,s1,s2,0.04815654419728658,0,3.1480211853186946,148.96313140072263,11226.04053101276,0,0
exp_094,24,s1,s2,0.08131923296001585,0,3.181881005239053,80.49693750950291,12679.639020481784,0,0
exp_094,25,s1,s2,0.05684360543653612,0,1.679764584077366,56.09377109034091,7343.948858335477,0,0
exp_094,26,s1,s2,0.24299480033541024,0,3.967644457705007,33.06533812602892,12870.947803836221,0,0
exp_094,27,s1,s2,0.0022211436164734184,0,2.9330539923668013,90.64941287406707,11960.157443137032,0,0
exp_094,28,s1,s2,0.030218491242036818,0,2.9082157103719144,93.29626945763604,8331.900006992975,0,0
exp_094,29,s1,s2,0.013703163139778507,0,1.978372411079434,143.18831926822133,11610.947993049624,0,0
exp_094,30,s1,s2,0.09138757822666234,0,3.4340533769214514,83.03907033434406,13221.314563856931,0,0
exp_094,31,s1,s2,0.02133238690719952,0,3.2008635545609136,91.28959268290608,14611.146993777405,0,0
exp_094,32,s1,s2,0.02494960464227414,0,2.737921423124193,158.5595210386246,12887.784247534957,0,0
exp_094,33,s1,s2,0.05232281193668353,0,3.182136194000205,81.60595917086903,6506.88639903579,0,0
exp_094,34,s1,s2,0.26176395861782886,0,2.2147307546909083,92.27376350336252,7284.800147739944,0,0
exp_094,35,s1,s2,0.19842594971222605,0,3.8503355529804404,78.6520581785816,6722.867383921489,0,0
exp_094,36,s1,s2,0.06315218804404693,0,3.5594768368043614,86.64121532152176,10965.263277080432,0,0
exp_094,37,s1,s2,0.12595987377979956,0,3.084499773727646,161.2588010513454,13453.659010216,0,0
exp_094,38,s1,s2,0.10182253743991297,0,2.1376285003427236,123.05944291205587,14390.188292347038,0,0
exp_094,39,s1,s2,0.15900488531694873,0,3.5027218606030095,22.76294673893847,8764.659048611611,0,0
exp_094,40,s1,s2,0.1079992710339391,0,1.7010376354008974,-42.43427654068776,7687.244545998085,0,0
exp_094,41,s1,s2,0.08363233025563163,0,2.483080513643024,141.89341937366075,5704.049376521376,0,0
exp_094,42,s1,s2,0.10004435637848093,0,1.4093204891755349,94.61935572942491,14627.484701962694,0,0
exp_094,43,s1,s2,0.027237222919565113,0,3.8552752636530547,135.04182233763464,9305.190524239119,0,0
exp_094,44,s1,s2,0.11711340947203269,0,1.6829663062857747,115.49754894222109,12598.878821135384,0,0
exp_094,45,s1,s2,0.2631313418949614,0,3.211421228540042,99.75701936080415,9279.653135348606,0,0
exp_094,46,s1,s2,0.06534200104303964,0,1.9933867378483197,127.85342331475383,14019.460099472064,0,0
exp_094,47,s1,s2,0.16158222346150553,0,3.2839635984012574,148.26320002930296,13837.47961179493,0,0
exp_094,48,s1,s2,0.11393483096281197,0,3.7647320210107527,101.02375851642496,9397.197688215014,0,0
exp_094,49,s1,s2,0.0694287541508151,0,2.3434159166378623,69.32986369645035,6011.946042311708,0,0
exp_094,50,s1,s2,0.060396382447083986,0,3.9375640137582275,55.92450176627403,8075.216202040534,0,0
exp_094,51,s1,s2,0.12757204013175236,0,2.3962202040268483,66.00938234617274,13061.741604415052,0,0
exp_094,52,s1,s2,0.04637727645432209,0,2.6729153720729903,84.91721021960312,8583.820633516198,0,0
exp_094,53,s1,s2,0.010052087809821487,0,3.2164485094934405,89.24195634024873,6715.068557096686,0,0
exp_094,54,s1,s2,0.011813826411289707,0,2.849708321479313,150.80151968022557,6571.629414124275,0,0
exp_094,55,s1,s2,0.08711200398710527,0,2.9147347593674073,73.0824909274976,10903.138263753435,0,0
exp_094,56,s1,s2,0.3149350467940657,0,4.130310810336987,62.99793586375133,6326.998139051293,0,0
exp_094,57,s1,s2,0.05684235754250059,0,2.958197066746812,23.17094916566035,9172.318588658783,0,0
exp_094,58,s1,s2,0.39013328473202746,0,3.1551847380479305,139.4067321847082,6765.097779151199,0,0
exp_094,59,s1,s2,0.08140884288229859,0,2.444127224459705,95.99092142848781,7439.5793754792385,0,0
exp_094,60,s1,s2,0.009663718544800099,0,4.621452508152035,105.01777230433798,8273.146511695351,0,0
exp_094,61,s1,s2,0.07611277915587226,0,3.7460046522328674,242.59809397792014,9058.196872167558,0,0
exp_094,62,s1,s2,0.1550733550758534,0,5.281057423639215,101.37481832977696,6846.211316340268,0,0
exp_094,63,s1,s2,0.1976885649464184,0,2.706681131794722,-12.404759638553497,8521.947798246465,0,0
exp_094,64,s1,s2,0.22247649395853322,0,2.8119393121262872,113.66688220692345,12527.145557623337,0,0
exp_094,65,s1,s2,0.010856959893779633,0,4.203060509445583,120.24066768475085,6896.009200410423,0,0
exp_094,66,s1,s2,0.012125532111951949,0,3.2005935790777538,58.39248511698841,14209.663889160298,0,0
exp_094,67,s1,s2,0.09883780490166744,0,3.087516096110761,78.79335510333125,14030.65306840576,0,0
exp_094,68,s1,s2,0.03894328666745329,0,1.899823795416343,59.17714280768546,10055.445869462801,0,0
exp_094,69,s1,s2,0.027173372100238742,0,3.861887675741223,166.57409132287614,9007.736153695907,0,0
exp_094,70,s1,s2,0.12821327719466571,0,3.25003096551165,79.8843829407982,11029.081815837024,0,0
exp_094,71,s1,s2,0.09944762867752671,0,3.1680714389772606,69.03221268943712,9941.220238254926,0,0
exp_094,72,s1,s2,0.06652645440801601,0,1.14770724149239,27.688371504789977,9228.054073186366,0,0
exp_094,73,s1,s2,0.09467344925195155,0,1.9390570051616476,53.97379338419728,9977.812794732803,0,0
exp_094,74,s1,s2,0.08972670254689857,0,3.994204266104261,108.76977057612629,12691.440583448206,0,0
exp_094,75,s1,s2,0.005360110942423675,0,1.0155909823999925,176.63197338247693,8610.512934173576,0,0
exp_094,76,s1,s2,0.3167610301321081,0,4.760127464344927,82.67255311451143,14670.869699568235,0,0
exp_094,77,s1,s2,0.016369625274431376,0,2.8555848352432154,82.7448639702373,5444.442653473053,0,0
exp_094,78,s1,s2,0.012416353548201822,0,4.0762912853130056,140.69114660117677,6404.9207764302555,0,0
exp_094,79,s1,s2,0.09044500501337198,0,2.6297664055241396,47.395786638263296,8453.45025389813,0,0
exp_094,80,s1,s2,0.09518154826087327,0,4.594371188164454,164.38264386995974,8398.824252431608,0,0
exp_094,81,s1,s2,0.01588446617642977,0,2.287569595565747,121.51168988492098,11373.739084269466,0,0
exp_094,82,s1,s2,0.10896203781279448,0,2.567069526584509,162.74035338722305,5217.964682327804,0,0
exp_094,83,s1,s2,0.16662695994909016,0,4.171822034461271,90.55830456230534,12759.849496609471,0,0
exp_094,84,s1,s2,0.06897665438224794,0,4.0583618802463555,161.23919922546176,10180.667150335772,0,0
exp_094,85,s1,s2,0.08803211850687363,0,3.325664720910789,167.896873066283,9501.483052843463,0,0
exp_094,86,s1,s2,0.10849534210359153,0,2.7981414788133723,49.07146897264558,13717.752398510593,0,0
exp_094,87,s1,s2,0.10308450416992371,0,2.05112271536543,156.68977601108352,5232.854364110311,0,0
exp_094,88,s1,s2,0.1748278746282302,0,2.546673087429162,73.26046230844703,8404.65858650525,0,0
exp_094,89,s1,s2,0.1552854938192983,0,1.596501522776891,137.18285549545251,6684.893383253896,0,0
exp_094,90,s1,s2,0.011602634616637235,0,2.868297703106852,159.90294165885118,8232.543143579525,0,0
exp_095,0,s1,s2,0.008284053729781296,0,2.7510153845026317,78.53072269931948,7702.348646143266,0,0
exp_095,1,s1,s2,0.08153230066284277,0,3.092133232089065,81.31635704080063,9117.081661150238,0,0
exp_095,2,s1,s2,0.01969056313417775,0,1.6872195041534879,159.0954930661322,13274.894244418532,0,0
exp_095,3,s1,s2,0.4549970914641317,0,3.7207263677564395,141.38101760718288,8551.534540301082,0,0
exp_095,4,s1,s2,0.07648702557198706,0,1.8224706675474798,144.68174321767688,10341.364310047928,0,0
exp_095,5,s1,s2,0.11372923843347196,0,4.3897433944040465,59.31144621945915,12967.125915681318,0,0
exp_095,6,s1,s2,0.02530059291709206,0,2.199674814160874,19.206597245277745,7356.7814394331635,0,0
exp_095,7,s1,s2,0.1494358757219633,0,1.0631443422352633,158.0284785575299,5160.618676373684,0,0
exp_095,8,s1,s2,0.03943339975876117,0,3.504914594577821,134.8863862650599,5673.790824623077,0,0
exp_095,9,s1,s2,0.16166909247659622,0,3.759131887370346,148.522508532815,7444.373186137696,0,0
exp_095,10,s1,s2,0.08828521239698167,0,1.9138075662834282,150.34011588959788,8983.079990928638,0,0
exp_095,11,s1,s2,0.2938412833497066,0,1.315869088689994,58.018629841059024,6072.12500097209,0,0
exp_095,12,s1,s2,0.041754987691773174,0,1.9527838437274008,116.66884564263201,11052.864852254786,0,0
exp_095,13,s1,s2,0.13516826221448122,0,2.525600998858132,96.68027566184622,13546.898567675544,0,0
exp_095,14,s1,s2,0.008720879342743933,0,3.61523202768791,70.16626242406015,5894.146535433152,0,0
exp_095,15,s1,s2,0.13724633631887437,0,2.621686198212693,20.625890557133708,14765.054152027873,0,0
exp_095,16,s1,s2,0.08023709984604048,0,3.8434763955160873,12.872516237396049,12117.719964751039,0,0
exp_095,17,s1,s2,0.15028875240574788,0,4.472468174997898,81.80100110866503,6168.942981483544,0,0
exp_095,18,s1,s2,0.07458495536816889,0,2.938077070245518,84.2064478481155,8647.663224541784,0,0
exp_095,19,s1,s2,0.3822759098011468,0,3.8115877427607705,89.81743946755493,9352.997918367484,0,0
exp_095,20,s1,s2,0.07622567837899322,0,4.293084410864209,31.0659925690693,12391.203096651589,0,0
exp_095,21,s1,s2,0.15657083179959347,0,1.9272477824637146,161.1720346229666,8305.958793440353,0,0
exp_095,22,s1,s2,0.04275693492056467,0,2.551865640516201,79.99420916618082,10523.544694740993,0,0
exp_095,23,s1,s2,0.00485764876816065,0,3.3703541239260253,95.98588826546958,8242.57269708087,0,0
exp_095,24,s1,s2,0.030142423097249745,0,5.1076854077086615,47.483501244158845,8225.30124891678,0,0
exp_095,25,s1,s2,0.04848604960382208,0,3.9701419722744817,148.0142285192838,13036.184880256338,0,0
exp_095,26,s1,s2,0.09006677599392515,0,2.2769898790688923,42.27808083260872,14007.067342419969,0,0
exp_095,27,s1,s2,0.1323238402144161,0,3.1904092362602055,84.53507310787373,8306.576285389174,0,0
exp_095,28,s1,s2,0.0023500982270338445,0,4.027938020178478,97.81913892946342,9443.493954498306,0,0
exp_095,29,s1,s2,0.44918588792077485,0,2.507639051336237,46.84782162037493,5166.188108913202,0,0
exp_095,30,s1,s2,0.005166589171817362,0,3.421571388133522,-8.171614389737435,7370.941032950122,0,0
exp_095,31,s1,s2,0.01820740430885082,0,1.7867202891596716,85.387473720052,11308.966483692042,0,0
exp_095,32,s1,s2,0.31075367353115846,0,2.4254721312472314,130.92104217009035,14511.353093482978,0,0
exp_095,33,s1,s2,0.13908155063518432,0,3.263609561392732,42.747141924397184,14664.786443926396,0,0
exp_095,34,s1,s2,0.010176489799467918,0,2.2238094887426816,29.415365095651815,6155.942731839179,0,0
exp_095,35,s1,s2,0.03555983617402297,0,2.7710821230169267,196.71426972651258,9210.741139766164,0,0
exp_095,36,s1,s2,0.05655269273291328,0,4.495346607353195,126.34789593133546,8725.598788079085,0,0
exp_095,37,s1,s2,0.19706952589518004,0,3.6885243000198216,93.69631116757087,12435.046272678495,0,0
exp_095,38,s1,s2,0.12290964461435508,0,3.9235291284062717,67.27588914284863,6052.812090863068,0,0
exp_095,39,s1,s2,0.07722428570461899,0,3.5530276616955403,116.96726744708084,10696.536623220254,0,1
exp_095,40,s1,s2,0.02988414021561905,0,3.4359683409200965,128.37753877098763,6535.6475735398935,0,1
exp_095,41,s1,s2,0.20587574301657716,0,3.0463454314806584,128.2411917302209,5383.649463640759,0,1
exp_095,42,s1,s2,0.24723576105889072,0,3.314334794835481,55.46264622861663,9009.07231401839,0,1
exp_095,43,s1,s2,0.4832529017469213,0,3.631114568981274,52.36011898482688,10721.458087506979,0,1
exp_095,44,s1,s2,0.014542673421072525,0,0.33438707159494596,66.62323877961514,13061.974086648379,0,1
exp_095,45,s1,s2,0.05578603108481182,0,2.784526853806569,196.29755902156774,10820.207848565124,0,1
exp_095,46,s1,s2,0.02758075185337765,0,3.649202426141611,53.988607829398674,6223.303776009026,0,1
exp_095,47,s1,s2,0.019356533069802714,0,4.08692120204551,27.900975449716803,9403.542739605973,0,1
exp_095,48,s1,s2,0.08187114213278314,0,3.4237695970337194,56.3213034275918,6565.833521089938,0,1
exp_095,49,s1,s2,0.1377237617963087,0,4.34602607332918,105.02691133436227,6726.830648800987,0,1
exp_095,50,s1,s2,1.1851893141174292,5,16.41257422791246,132.05683032849228,14368.484810925505,0,1
exp_095,51,s1,s2,0.713309385557283,5,19.232313411158415,12.552522830812984,12232.17383210357,0,1
exp_095,52,s1,s2,1.3055105681013244,7,7.326011236606822,128.48922108635782,8427.585565764064,0,1
exp_095,53,s1,s2,1.3862924546151962,5,5.1543210555863705,69.54918800636484,14275.756896888004,0,1
exp_095,54,s1,s2,3.7618991531252224,7,21.50967321465078,118.15092778876055,8954.184441574342,1,1
exp_095,55,s1,s2,2.2106436075308893,3,21.218470494784064,100.04478335409009,9352.170091747932,1,1
exp_095,56,s1,s2,0.18099627908795404,9,20.00806917351291,42.75082676587576,13187.542315413224,1,1
exp_095,57,s1,s2,1.3371417888117552,7,9.820808086478879,54.78422364464938,13483.489653203593,0,1
exp_095,58,s1,s2,2.5640033568965013,2,9.154918081929091,144.13109009145563,11791.716327072561,1,1
exp_095,59,s1,s2,3.2135914788755437,7,10.18621794014568,116.46434499823094,14933.426973011192,1,1
exp_095,60,s1,s2,0.8465169084984431,3,13.974172247165367,122.38904342228987,14273.752634359085,0,1
exp_095,61,s1,s2,0.7310304290849781,9,19.706214031570155,60.55173841645426,12619.247840620154,0,1
exp_095,62,s1,s2,0.7760605658599489,2,12.555973929426605,158.95310157549412,7813.119593575541,0,1
exp_095,63,s1,s2,0.7395924848558101,3,17.07462914162047,133.85876267755376,11626.208146492812,0,1
exp_095,64,s1,s2,0.8817596444445995,7,16.875486485174882,195.1875874203464,14715.104361202833,0,1
exp_095,65,s1,s2,2.961654984708988,3,7.803812202900659,114.55952406557086,10835.057576609597,1,1
exp_095,66,s1,s2,3.6049812943924526,2,2.999501627829273,32.70985574911071,11918.460945501407,1,1
exp_095,67,s1,s2,0.5876022921142519,4,16.413025837103323,77.49526147030593,9702.144117247983,0,1
exp_095,68,s1,s2,6.4745673050194625,3,16.47289630102048,199.94926634719863,14104.258836558698,1,1
exp_095,69,s1,s2,7.118762986552878,6,12.684105522011006,46.994177681976105,6867.470419402988,1,1
exp_095,70,s1,s2,1.7415236251643809,7,19.2993762586556,47.65462121827198,13580.053312360555,0,1
exp_095,71,s1,s2,2.25787734353689,2,10.068721782459647,66.10934759021978,10546.288666744598,1,1
exp_095,72,s1,s2,1.3771427834028862,4,12.134552580469474,96.85852565213827,7099.455003728244,0,1
exp_095,73,s1,s2,0.8800590399583748,7,21.77406228806321,39.4225721292273,11016.587225635783,1,1
exp_095,74,s1,s2,0.3440195591899249,5,17.451682663736108,69.03195092649749,8369.25700245057,0,1
exp_095,75,s1,s2,7.784691328063033,6,15.629148228226716,110.03970928180532,7600.673768702464,1,1
exp_095,76,s1,s2,7.17786320053108,3,0.11467668566116807,79.66832445596555,13698.039545817595,1,1
exp_096,0,s1,s2,0.19510817079875176,0,3.8578255492741698,182.44025862996207,7710.605038782967,0,0
exp_096,1,s1,s2,0.3160958809093398,0,4.933234502723498,134.98815952306208,8787.821955903171,0,0
exp_096,2,s1,s2,0.2545780910074957,0,3.9417192217326256,57.61987367249942,6166.660628515198,0,0
exp_096,3,s1,s2,0.07717284472628774,0,1.7091634535359785,116.11018142113329,8237.76742990146,0,0
exp_096,4,s1,s2,0.01968634152752264,0,3.4361553800024764,147.86751179394005,9464.340927823689,0,0
exp_096,5,s1,s2,0.08118862365723749,0,2.140129013947674,5.905923731193918,11193.718007447686,0,0
exp_096,6,s1,s2,0.023759573393097547,0,2.970928701534941,19.904748890736666,12615.225162234889,0,0
exp_096,7,s1,s2,0.08121185918055468,0,1.947608119503468,121.0865884407429,8949.284761184947,0,0
exp_096,8,s1,s2,0.1171946994270352,0,2.9166769700369555,26.47095454732391,10892.497501796017,0,0
exp_096,9,s1,s2,0.1557475618476252,0,2.3915256967945506,90.70573454173231,8172.465966396312,0,0
exp_096,10,s1,s2,0.09341056952165926,0,2.181274796013768,111.03611917634109,11771.18336370819,0,0
exp_096,11,s1,s2,0.18730052532920152,0,1.553207588357103,149.92995650565538,5024.950577483477,0,0
exp_096,12,s1,s2,0.10452853858543708,0,4.180328275837862,150.25360232978235,5392.605611052261,0,0
exp_096,13,s1,s2,0.0726595925967393,0,4.444326821783452,76.61597955959249,12226.892279868307,0,0
exp_096,14,s1,s2,0.3009036994514611,0,3.135101826826278,146.2914131849308,14804.739214749356,0,0
exp_096,15,s1,s2,0.01627693245697081,0,4.26946237881177,63.97192334815639,8830.66839692694,0,0
exp_096,16,s1,s2,0.15168676998334862,0,3.802222672168481,133.0842655716396,6872.723121995251,0,0
exp_096,17,s1,s2,0.07257396309932805,0,1.9918844760353633,149.67394866123536,13380.26418616534,0,0
exp_096,18,s1,s2,0.1511005184936857,0,2.721164466156688,81.21456625708076,7373.733957575391,0,0
exp_096,19,s1,s2,0.21076480761340655,0,3.45751151593531,41.30613597855772,5649.120707192751,0,0
exp_096,20,s1,s2,0.0804090711478564,0,3.2294347602778246,45.487484208120854,8677.957236305083,0,0
exp_096,21,s1,s2,0.09305994399503245,0,4.053257268339759,84.30991447683704,12569.777299910837,0,0
exp_096,22,s1,s2,0.18624107755222774,0,2.4796080266557126,79.40655181482262,10573.346683758735,0,0
exp_096,23,s1,s2,0.20622557646634185,0,2.72722696575576,80.04386173250288,12459.982183910302,0,0
exp_096,24,s1,s2,0.06261634846212279,0,4.504424126884077,184.82026435371534,9123.549610313967,0,0
exp_096,25,s1,s2,0.12231634625991286,0,3.070607910610982,70.12754818327974,5403.715454388557,0,0
exp_096,26,s1,s2,0.23119297237441272,0,3.894940904635069,92.09751482089409,6876.834098508388,0,1
exp_096,27,s1,s2,0.017718028423827727,0,2.2633654899165307,135.34971038965804,6719.853927721049,0,1
exp_096,28,s1,s2,0.1378378069073784,0,3.9093750403385026,116.46982692714298,7768.114183619066,0,1
exp_096,29,s1,s2,0.03500641864554657,0,2.0805667511222854,145.87456807370995,9623.772319053085,0,1
exp_096,30,s1,s2,0.07342653502971294,0,1.8064453282639548,164.8809694690193,13583.369796999164,0,1
exp_096,31,s1,s2,0.05147148885170397,0,3.0809824796286693,115.64581547421363,9909.280383553116,0,1
exp_096,32,s1,s2,0.20377671202789985,0,2.156544483208234,128.7081091682552,5072.923044918717,0,1
exp_096,33,s1,s2,0.40246488940882297,0,2.5959132577282125,213.8773102152429,14446.561427023,0,1
exp_096,34,s1,s2,0.046077855712809056,0,3.9244966429282213,160.4738037700402,11770.214463366823,0,1
exp_096,35,s1,s2,0.11305138563388364,0,2.904809198601703,139.74416251321804,10604.836282646256,0,1
exp_096,36,s1,s2,0.039262144056356064,0,3.6994280108838504,142.13573696330022,12385.010136399915,0,1
exp_096,37,s1,s2,0.13277343486383542,0,2.664090904815116,87.8000998332267,8107.54246858341,0,1
exp_096,38,s1,s2,0.08565588851815892,0,1.5432820081349004,70.81481869955238,5222.887673132419,0,1
exp_096,39,s1,s2,0.012912183719839147,0,2.593805384529961,115.01096851865192,9672.1063912589,0,1
exp_096,40,s1,s2,0.10627223172394734,0,3.4685699981726854,19.012286980046156,13573.778335845456,0,1
exp_096,41,s1,s2,0.8199451595599179,3,20.690782556009044,78.61256030996213,5686.113023504855,1,1
exp_096,42,s1,s2,2.0169283362142933,5,13.500674671715855,108.95067944691043,10461.573441412827,1,1
exp_096,43,s1,s2,5.146173247514824,5,16.676961601695627,101.50173804530627,13374.642566684088,1,1
exp_096,44,s1,s2,4.165758761755847,7,11.419525963050948,73.74937514557053,10739.823291165605,1,1
exp_096,45,s1,s2,2.3079177613236195,3,20.047011009303812,26.58065881434879,9379.872695561846,1,1
exp_096,46,s1,s2,8.635318586045212,1,19.984872100457483,109.64641102928701,5339.071606616288,1,1
exp_096,47,s1,s2,5.377044654692549,10,14.899476729902872,64.99086192359817,9219.00605418212,1,1
exp_096,48,s1,s2,0.9105189178197749,7,16.24778773766589,131.4247463894413,10429.663579609347,0,1
exp_096,49,s1,s2,3.1650147370591957,5,13.176978750566413,85.29946066327818,13879.437609509923,1,1
exp_096,50,s1,s2,3.0940944033672357,5,11.40903731552696,110.57663892079285,12133.963317512565,1,1
exp_096,51,s1,s2,0.5485294664384455,10,4.744130999725686,186.40879782624532,5016.629655169673,0,1
exp_096,52,s1,s2,0.6534048573283656,3,21.74911626313843,101.02132304062049,11356.97847928375,1,1
exp_096,53,s1,s2,2.669430759825663,5,13.30461987701797,143.37845567646218,8712.305690726474,1,1
exp_096,54,s1,s2,1.0593396401368478,3,5.564505195618141,156.6246570150031,12657.97279761108,0,1
exp_096,55,s1,s2,0.0642766258216689,9,18.369393570029768,136.16041488202976,10573.161919973718,0,1
exp_096,56,s1,s2,0.407549136662436,3,24.738666085940196,40.9693229196089,8809.59812443776,1,1
exp_096,57,s1,s2,1.6209428190986692,8,10.997940863048212,71.23492601751008,13992.242589621797,0,1
exp_096,58,s1,s2,2.917421660421825,6,14.856131795387297,100.05001042590439,7686.334133524877,1,1
exp_096,59,s1,s2,1.409102983087234,6,15.383088762910221,123.99392088429578,6752.400196095341,0,1
exp_096,60,s1,s2,3.0736150675635043,6,10.293784155022639,122.52801234807642,9532.534683768105,1,1
exp_096,61,s1,s2,2.1087922054851242,4,16.897766691315347,123.27729197569042,10638.602741104087,1,1
exp_096,62,s1,s2,2.266471978290319,5,18.35420627145681,110.85199809010714,13143.058728922784,1,1
exp_096,63,s1,s2,5.011456033493932,4,12.472100771643822,114.49378500167627,13159.069548194051,1,1
exp_096,64,s1,s2,0.195373581387201,3,5.614293957221252,75.45651706713478,13159.07765411595,0,1
exp_096,65,s1,s2,1.3354693863066776,5,11.324990564187136,242.93251924555275,5133.96595723944,0,1
exp_096,66,s1,s2,0.1470478895010954,7,7.892597351541603,119.6117571280474,13760.75902416079,0,1
exp_096,67,s1,s2,4.357460570211772,8,13.147547475291374,135.67860222755385,5028.643783024998,1,1
exp_096,68,s1,s2,0.22068884423146756,8,17.933256295805634,86.65792480087144,5465.6857080698055,0,1
exp_096,69,s1,s2,1.1004685378684913,6,10.687139859623771,128.42090441858792,12753.995715126126,0,1
exp_096,70,s1,s2,3.459237004055957,5,10.11329424938397,58.31494246958162,12683.852430170185,1,1
exp_096,71,s1,s2,3.005797976031317,5,8.839024190479936,44.643047254243285,5056.3475539718875,1,1
exp_096,72,s1,s2,1.6725138387663374,6,15.828037802864733,55.50430011691469,13139.938891834632,0,1
exp_096,73,s1,s2,0.2617096134464033,4,12.412412592537319,108.65424447988661,9265.459096613435,0,1
exp_096,74,s1,s2,1.606386217561835,8,16.859857695296338,72.4464299207147,12266.276157819795,0,1
exp_096,75,s1,s2,0.4560112305371571,8,12.573151786284969,116.36972765314312,14236.6938233795,0,1
exp_096,76,s1,s2,8.135718282978136,3,3.4336456687000028,156.4057419455706,12920.25375477618,1,1
exp_096,77,s1,s2,22.212254244593865,4,8.397841705570734,98.67688767781598,6768.433545256853,1,1
exp_096,78,s1,s2,1.9035421320417834,4,16.298205338027763,168.14539874967264,6614.333345216236,0,1
exp_096,79,s1,s2,0.021235157935237826,2,18.627724106219475,29.795401585491945,13131.984131350597,0,1
exp_096,80,s1,s2,0.16369376430254934,4,14.944101612404118,56.231384995030005,13117.445221828451,0,1
exp_096,81,s1,s2,6.59371758300621,5,15.844204291852238,116.60753316405686,9155.680044278404,1,1
exp_096,82,s1,s2,1.4619115529379778,5,11.471193961383738,178.75851153440578,12092.758081673775,0,1
exp_096,83,s1,s2,2.438943823359793,5,14.561270877008777,104.5956763520927,8795.638448796542,1,1
exp_096,84,s1,s2,0.6379913020914298,2,24.60685723633126,151.03542992907057,12787.438467572625,1,1
exp_097,0,s1,s2,0.2057070554634721,0,3.3532729534882373,25.89928192154547,11033.011876273084,0,0
exp_097,1,s1,s2,0.03465221410880039,0,1.8996207165717047,30.53573168206598,12182.581488401267,0,0
exp_097,2,s1,s2,0.0011559981353997228,0,0.9245294963106656,76.21464691339676,13540.029679722546,0,0
exp_097,3,s1,s2,0.15668330782721546,0,3.8505951075591023,80.42506634033533,14136.000060675284,0,0
exp_097,4,s1,s2,0.080398678825316,0,3.463978029826256,70.75654469958633,8193.442400276957,0,0
exp_097,5,s1,s2,0.0749254972463092,0,3.0001230548709343,69.07989946325063,8802.64533240386,0,0
exp_097,6,s1,s2,0.11585702549537787,0,3.1166785854118424,78.55836241810555,12719.560735740662,0,0
exp_097,7,s1,s2,0.0012860489359924846,0,2.4417749205122377,118.86659377607447,11980.561154729612,0,0
exp_097,8,s1,s2,0.060747672555995974,0,1.0254070906140202,131.55853960810563,7454.664063274178,0,0
exp_097,9,s1,s2,0.007369751892447385,0,3.3021225079297456,149.8876375243798,14827.991593209174,0,0
exp_097,10,s1,s2,0.19001372014754966,0,3.265073050732282,150.06649848540096,5809.427044660447,0,0
exp_097,11,s1,s2,0.24464123011336625,0,3.046402030451679,48.294514985344016,13568.557381116441,0,0
exp_097,12,s1,s2,0.0639432048404692,0,2.5893187717717367,45.85981965451095,14883.873602098822,0,0
exp_097,13,s1,s2,0.8331487746613284,0,3.619454490366728,116.83057604012774,5442.067281645807,0,0
exp_097,14,s1,s2,0.032292462629320944,0,2.22912631124193,88.34711785804329,10174.09302015607,0,0
exp_097,15,s1,s2,0.0004429102910328399,0,3.646565709819214,79.7398367397665,7130.580539202646,0,0
exp_097,16,s1,s2,0.0067041308791549285,0,3.6982442943655425,73.32553697845418,10871.873634945312,0,0
exp_097,17,s1,s2,0.08820689573743323,0,2.14359367535903,38.72489692570792,10986.866376681213,0,0
exp_097,18,s1,s2,0.20741736424605905,0,3.551668207101681,67.26224014016086,5489.021774384374,0,0
exp_097,19,s1,s2,0.03956076022253919,0,3.304200985551475,37.713999250315176,6647.831657552399,0,0
exp_097,20,s1,s2,0.0641473017737678,0,2.484436222899258,95.13260938648794,13258.67593700604,0,0
exp_097,21,s1,s2,0.15146402053607866,0,3.7609148171608626,25.860496857808023,8626.695808807784,0,0
exp_097,22,s1,s2,0.1466321356463337,0,2.4282084018275043,113.43737742836048,13441.88165369863,0,0
exp_097,23,s1,s2,0.019775131168460594,0,3.5473925660068546,61.84121684152585,6832.51061390762,0,0
exp_097,24,s1,s2,0.01305608986750776,0,3.9582725823148275,76.74185663972898,6768.087582325213,0,0
exp_097,25,s1,s2,0.041411187354553465,0,2.0904860074475367,32.46971283227733,12142.717943576958,0,0
exp_097,26,s1,s2,0.05199766687902524,0,3.6909073425043566,163.86731711226096,8610.991821089174,0,0
exp_097,27,s1,s2,0.05660578614171085,0,3.316381998979258,192.6798947091781,13683.401614273867,0,0
exp_097,28,s1,s2,0.27058040028469116,0,2.5146642746645704,105.09081776411662,10048.520561271635,0,0
exp_097,29,s1,s2,0.026137681535748938,0,2.8750122146861425,-4.652217820504045,7950.508044108315,0,0
exp_097,30,s1,s2,0.03705154820638489,0,1.4202734828669366,63.75726582199574,6695.009951812475,0,0
exp_097,31,s1,s2,0.14505567073681894,0,4.148489270048343,81.86201684737937,13827.169895146286,0,0
exp_097,32,s1,s2,0.13901557513077484,0,4.533879961225971,64.19450274598294,6552.20504378573,0,0
exp_097,33,s1,s2,0.10820967023519329,0,4.722095688094408,48.015552792950956,12547.905921417232,0,0
exp_097,34,s1,s2,0.08271049224202207,0,1.8034783038303026,129.75486033702674,10926.995547093318,0,0
exp_097,35,s1,s2,0.061706483795011105,0,1.1086288763381225,24.134532821454393,8109.240279858686,0,0
exp_097,36,s1,s2,0.03643250780030447,0,3.520869966079964,189.98401364214615,5299.5210736366425,0,0
exp_097,37,s1,s2,0.004974210870770635,0,4.155129085509945,111.69511433770747,5439.778112089565,0,0
exp_097,38,s1,s2,0.070766593770215,0,3.391072990535438,89.55980883752402,5814.696233915713,0,0
exp_097,39,s1,s2,0.09339367040474118,0,1.7981713977288023,101.2734671898428,5424.87009986145,0,0
exp_097,40,s1,s2,0.06983348165950046,0,2.233489907183108,127.92031445370681,11913.198288203897,0,0
exp_097,41,s1,s2,0.07905027365753757,0,4.380929826454859,40.30787617093552,6919.767775838241,0,0
exp_097,42,s1,s2,0.06105194862938445,0,1.1607641309304733,209.77445438216938,8975.013768571685,0,0
exp_097,43,s1,s2,0.13505938349002056,0,4.243376138952611,169.58601563225542,13918.00644913562,0,0
exp_097,44,s1,s2,0.5036054238702011,0,1.079535829867793,142.53018285086253,12788.753491818146,0,0
exp_097,45,s1,s2,0.01532666439487878,0,6.009862195787916,179.26812027107155,14834.678675296525,0,0
exp_097,46,s1,s2,0.47112882092284103,0,2.871787870990333,171.08367519977864,10472.257899747836,0,0
exp_097,47,s1,s2,0.03852825993267178,0,3.5274767230286628,135.28465156452543,12714.25287824123,0,0
exp_097,48,s1,s2,0.014928493131903973,0,3.8559726967944306,-16.14809391578862,6246.579686567889,0,0
exp_097,49,s1,s2,0.04598521722967556,0,3.6621395504936523,168.8919159752402,7048.564335269475,0,0
exp_097,50,s1,s2,0.04066569738642674,0,3.117163945434311,42.33944941033445,13205.159897881345,0,0
exp_097,51,s1,s2,0.0019220049151394006,0,2.7735670229862373,83.40588881377164,12140.667431590879,0,0
exp_097,52,s1,s2,0.2244126002666675,0,3.1613969135784465,181.84252556452316,6051.123641142705,0,0
exp_097,53,s1,s2,0.1406147637073159,0,2.70480958856356,61.784762478711166,8079.915114986406,0,0
exp_097,54,s1,s2,0.04450744996780224,0,4.134232446706742,64.0846471356608,6717.237339617187,0,0
exp_097,55,s1,s2,0.1869803501282889,0,2.970776004744102,157.69005590319608,6061.487484892574,0,0
exp_097,56,s1,s2,0.08566247788824399,0,2.4358874612130093,142.9973013976694,13377.474241964886,0,0
exp_097,57,s1,s2,0.11298517573269325,0,2.761498566556043,30.197809229279905,6035.0846480260825,0,0
exp_098,0,s1,s2,0.04722086500744445,0,1.4674179914639713,-11.827255369228219,14487.626550510335,0,0
exp_098,1,s1,s2,0.1427677365876515,0,3.8746003361213885,27.028440472624247,10939.005367153071,0,0
exp_098,2,s1,s2,0.167198907264859,0,3.283003725841662,71.54858495178433,8311.698403252352,0,0
exp_098,3,s1,s2,0.013883921503824448,0,2.1227821184951257,160.3834002463431,12301.237436706904,0,0
exp_098,4,s1,s2,0.017725873460730245,0,4.005207728131381,55.94077299899511,6357.998757596533,0,0
exp_098,5,s1,s2,0.10596919634212897,0,2.8264742761668815,77.0682531774684,14784.625453218865,0,0
exp_098,6,s1,s2,0.012887979860575122,0,2.3045594955265507,107.88931859578733,11694.012115293623,0,0
exp_098,7,s1,s2,0.032664767025504124,0,1.9184622982716333,36.64557222089283,7051.568146256092,0,0
exp_098,8,s1,s2,0.284142249331527,0,2.747703464385073,81.37488229915067,11122.258593117593,0,0
exp_098,9,s1,s2,0.3519001714452006,0,1.3726395163713352,149.32834122903122,13174.041112301305,0,0
exp_098,10,s1,s2,0.014552364151532604,0,5.20215521966883,164.32211399285245,6949.185904202793,0,0
exp_098,11,s1,s2,0.07913717670237758,0,1.643665029895896,158.10221687539098,8156.807665029501,0,0
exp_098,12,s1,s2,0.006212915907932023,0,1.8545315318646935,122.29256139344537,11617.17531305297,0,0
exp_098,13,s1,s2,0.09706294245079311,0,2.551850180769434,132.24392329395678,5274.617789542525,0,0
exp_098,14,s1,s2,0.24546981096534962,0,2.9049131812135705,144.01392839230414,5780.880589271238,0,0
exp_098,15,s1,s2,0.06890933859683086,0,4.320157592994256,104.92695771391143,12171.014443661956,0,0
exp_098,16,s1,s2,0.007343620268753769,0,2.263359695119057,120.7626063276535,5894.720270494874,0,0
exp_098,17,s1,s2,0.050850686655403224,0,5.37689933295646,49.63538361290749,10768.645235042133,0,0
exp_098,18,s1,s2,0.38217156073286357,0,1.9744027236546604,83.13346549525015,10918.670025070753,0,0
exp_098,19,s1,s2,0.058038307443718476,0,2.7320423751632155,90.85933571147262,9360.932973273922,0,0
exp_098,20,s1,s2,0.10523044037245757,0,4.294409022560712,129.6263239461453,9665.546269243583,0,0
exp_098,21,s1,s2,0.03880765323802166,0,3.4366059912640177,101.77859140879059,5450.905380463171,0,0
exp_098,22,s1,s2,0.07521878892971251,0,2.2871275067402235,84.57966380784941,9346.705659641111,0,0
exp_098,23,s1,s2,0.10248901816173091,0,2.517794319998556,101.44232346597647,10791.174644884013,0,0
exp_098,24,s1,s2,0.026396891016396647,0,1.7119953750068666,45.637889417304024,13585.133077748354,0,0
exp_098,25,s1,s2,0.004874183385553264,0,1.8647458150430092,17.970948033330693,11188.34263483692,0,0
exp_098,26,s1,s2,0.1555730564498237,0,3.922387231911065,141.5631517189599,6923.870163034525,0,0
exp_098,27,s1,s2,0.24274373867132049,0,2.831889805828336,98.52395696797504,11680.961820848626,0,0
exp_098,28,s1,s2,0.0926348136046867,0,1.7419093591782173,225.99817756399872,8981.222220374078,0,0
exp_098,29,s1,s2,0.02355342225993634,0,3.074068291774699,108.29523571819212,10676.037489252672,0,0
exp_098,30,s1,s2,0.09975013344710491,0,3.412834890857594,151.7746654348635,6145.907289713737,0,0
exp_098,31,s1,s2,0.11949970697718788,0,3.4856384675098284,103.37766295094816,12337.19214672824,0,0
exp_098,32,s1,s2,0.04215989351397896,0,2.945544456879762,43.97496645946555,11793.542808117829,0,0
exp_098,33,s1,s2,0.019513390702335626,0,4.049432290007683,124.0826142078257,6570.501783845843,0,0
exp_098,34,s1,s2,0.12234468778679389,0,3.092884549994979,83.49448451845292,14733.620526841874,0,1
exp_098,35,s1,s2,0.14756601532717234,0,2.8050338203972514,94.41038716389042,11166.54128992981,0,1
exp_098,36,s1,s2,0.00032341092502871546,0,2.340064256778538,137.58332813089598,7992.170759749174,0,1
exp_098,37,s1,s2,0.04215624586508854,0,2.2147972894201713,144.1697553012088,7844.708938870511,0,1
exp_098,38,s1,s2,0.0778687505140499,0,3.5972736873011977,97.57459602389311,7633.965820806728,0,1
exp_098,39,s1,s2,0.009639113141963127,0,1.6663710590412597,108.66203999686468,9136.267002758917,0,1
exp_098,40,s1,s2,0.020726767209877678,0,2.6512896208110606,138.49547124770334,12748.675053417479,0,1
exp_098,41,s1,s2,0.29681831225955846,0,3.03974424918683,135.29955204213525,14832.55106379999,0,1
exp_098,42,s1,s2,0.10669311335410486,0,1.8042574029202803,94.6099925704794,12914.217554092727,0,1
exp_098,43,s1,s2,0.09792385390752018,0,1.8608145115547685,57.952433216814825,12338.285482294945,0,1
exp_098,44,s1,s2,0.08517042379341365,0,3.2858798162263767,44.50196410968922,5857.62263167554,0,1
exp_098,45,s1,s2,0.023281635350794513,0,1.9095558295300736,106.7422610192133,7482.718157960791,0,1
exp_098,46,s1,s2,0.23729113584087444,0,1.9209293071515983,155.0707617082736,13773.55122354281,0,1
exp_098,47,s1,s2,0.0288061888932882,0,1.2268320621892022,160.05772029641477,12521.494093589221,0,1
exp_098,48,s1,s2,1.1613956294056347,8,15.372135583053684,125.0169471140205,11757.409840972447,0,1
exp_098,49,s1,s2,4.980028295250778,3,17.408125324943338,26.832384428189137,5478.469987417074,1,1
exp_098,50,s1,s2,0.001912647263608395,5,4.141051110350271,131.18643210324277,8397.078484857257,0,1
exp_098,51,s1,s2,1.5295294606202512,4,13.616154314678221,17.080058302077695,9944.000493074558,0,1
exp_098,52,s1,s2,5.129785044108653,6,18.039394813673887,121.87552962576511,11050.329383099668,1,1
exp_098,53,s1,s2,3.478208945859782,7,9.298151360828827,24.278049706222816,9699.080294020154,1,1
exp_098,54,s1,s2,0.7724311052040134,8,22.381799607803046,34.55425185488683,14203.316576991685,1,1
exp_098,55,s1,s2,1.77328245829273,4,15.21277244772807,80.74776650328141,6311.059793740044,0,1
exp_098,56,s1,s2,5.019167055373645,7,18.817671282802007,201.34777788069837,12185.554277383682,1,1
exp_098,57,s1,s2,7.0922250909604045,7,11.910329674327475,95.35824872018415,11856.859392769067,1,1
exp_098,58,s1,s2,3.4627484841785314,4,26.4419968800049,124.5867392692731,12238.30580850883,1,1
exp_098,59,s1,s2,2.814126946389319,5,13.051734132347814,157.96092786082207,10753.467224050783,1,1
exp_098,60,s1,s2,2.00514872631289,3,19.649394271898633,97.70604947390991,8891.761833142791,1,1
exp_098,61,s1,s2,3.8133135968068306,6,16.282436865058006,38.841226770503226,5341.7369393925355,1,1
exp_098,62,s1,s2,0.859197457743725,4,18.230015470646293,166.8116850179651,8395.758369243023,0,1
exp_098,63,s1,s2,3.216135966236457,2,10.862320699120529,89.00274280254234,9195.009053596455,1,1
exp_098,64,s1,s2,0.024629868826992987,6,18.61149985312025,88.74388090727533,12387.178832056503,0,1
exp_098,65,s1,s2,3.5714309994212123,5,21.998130880543034,171.03831907529457,5673.199655996316,1,1
exp_098,66,s1,s2,1.3206979078154,6,16.989846235226246,114.16268915486766,13606.484754683705,0,1
exp_098,67,s1,s2,0.2612076064884955,6,12.085363926378033,25.578391508578157,11196.929641389179,0,1
exp_098,68,s1,s2,0.5775215818106079,6,13.920522755148772,60.955562320785546,7242.521950160038,0,1
exp_098,69,s1,s2,0.33148036740307,5,17.02176456082594,67.45969912926842,10708.754326348959,0,1
exp_098,70,s1,s2,0.15004158717190444,4,20.8358227350578,144.09054662544386,11130.52692978106,1,1
exp_098,71,s1,s2,1.0854959027923567,4,8.5103093212359,77.34105887316338,7453.131498618368,0,1
exp_098,72,s1,s2,0.6784529695880871,4,24.917893400002285,101.13432192420842,12712.656236145971,1,1
exp_098,73,s1,s2,0.09052255442265131,10,17.234814174403983,101.56094802521717,12097.364474419073,0,1
exp_098,74,s1,s2,0.910120879135719,3,16.985610087371306,186.29228063747425,5234.3489828745505,0,1
exp_098,75,s1,s2,1.3179708866435598,3,11.705095933812066,68.28713977804973,9130.946300277425,0,1
exp_098,76,s1,s2,2.594413213955314,8,11.585774578766427,115.96166047212733,9591.639747890438,1,1
exp_098,77,s1,s2,2.525397103924903,1,13.839971958908245,62.16168897010604,11220.089568784477,1,1
exp_098,78,s1,s2,13.78189131908056,3,15.271161979246894,79.84250473473976,13795.725132259076,1,1
exp_098,79,s1,s2,4.930508866148131,3,14.763641889777546,194.8770847471745,5201.181786873171,1,1
exp_098,80,s1,s2,0.837158452786957,8,14.219366806041789,33.38364132030799,11374.367364076315,0,1
exp_098,81,s1,s2,2.53676725087999,4,14.972581809753713,36.340715444719905,12455.93058070356,1,1
exp_098,82,s1,s2,4.137721836552704,4,11.410585731534729,108.2649204515524,6453.900948737121,1,1
exp_098,83,s1,s2,2.4585924284042098,2,18.13020831225792,83.02773165425721,6849.6859412476415,1,1
exp_098,84,s1,s2,2.201740473855937,5,15.998741301938281,134.19261908127802,6058.854842198231,1,1
exp_098,85,s1,s2,0.03918613184866727,1,13.788876173193891,135.20077013333872,7982.325275453267,0,1
exp_098,86,s1,s2,1.3469729770364731,3,6.937382561135602,177.51862825269782,14024.553879162182,0,1
exp_098,87,s1,s2,1.557825066849049,8,21.461352776914836,105.67936339565708,9137.330213426989,1,1
exp_098,88,s1,s2,0.653664540046886,9,19.973951791932855,144.11237295776147,11795.746869647934,0,1
exp_098,89,s1,s2,3.758270367832198,3,9.359900945530882,127.0613891923768,7530.0520630988,1,1
exp_098,90,s1,s2,1.667227954212918,5,28.171787114667282,109.68802332766154,10537.134291234408,1,1
exp_098,91,s1,s2,2.3912956531753946,3,10.678749457711985,140.09487327775102,13297.103356277297,1,1
exp_098,92,s1,s2,1.2916413388658967,6,15.90710860030642,91.61789671219353,10998.459671374714,0,1
exp_098,93,s1,s2,0.3055271502139477,6,12.273888707713992,54.256387902359585,7698.657378199687,0,1
exp_098,94,s1,s2,0.8320261357423332,5,18.442277988620084,127.18904550509366,10323.154152526206,0,1
exp_098,95,s1,s2,2.679974656878051,4,6.853220839018597,110.7048262689612,10166.421135317541,1,1
exp_098,96,s1,s2,6.199538415812204,6,16.51710182775858,96.4174003321891,8238.523106676766,1,1
exp_098,97,s1,s2,0.3708436866347609,6,17.36002574753968,38.50955242668708,9344.781618993384,0,1
exp_098,98,s1,s2,2.7465876186464704,3,15.550713068374948,107.33659772863885,9655.82485550067,1,1
exp_098,99,s1,s2,3.4208873485827915,1,21.4973477459718,114.5229134698639,9334.435393803258,1,1
exp_098,100,s1,s2,2.105561372838371,4,17.423089290901217,161.7207308185905,12303.933369355957,1,1
exp_098,101,s1,s2,5.783791722927743,8,19.123919461441698,136.9971358134171,13423.925466510336,1,1
exp_098,102,s1,s2,1.6762041406268269,5,12.538334779707215,105.47263340327751,14232.087666406505,0,1
exp_098,103,s1,s2,4.979263055525569,7,22.470982365805884,120.79254681365772,7857.933523056404,1,1
exp_098,104,s1,s2,0.6736440999783917,5,19.04841760480846,84.40545257681525,11954.401686592102,0,1
exp_098,105,s1,s2,1.255154440733626,5,10.357361695212466,143.68200662841306,14618.956989754177,0,1
exp_098,106,s1,s2,0.048654438041363435,3,0.04796847715589747,92.20928928085074,9605.852250674008,0,1
exp_098,107,s1,s2,5.280388158576448,5,18.653743546295743,86.08541547662527,10385.59174805033,1,1
exp_098,108,s1,s2,1.0186455674740418,3,7.293765389521041,104.599949248188,8835.886336972277,0,1
exp_098,109,s1,s2,1.7013484087931636,4,7.516302713272481,-12.817681525365842,6441.56110486275,0,1
exp_098,110,s1,s2,1.613386403937966,5,17.299557061083732,98.75783390931863,10080.713760507982,0,1
exp_098,111,s1,s2,6.028780973864313,1,13.107685362846176,182.89984589638382,9067.483291999553,1,1
exp_098,112,s1,s2,2.6912973667470825,6,8.360493330318235,91.08966458285231,8364.462297726772,1,1
exp_098,113,s1,s2,3.1436924704154046,4,12.378674972986046,92.28081548694772,6301.87774306108,1,1
exp_098,114,s1,s2,3.8796732881156304,6,13.68749734635204,187.81060416119604,10453.54281660405,1,1
exp_098,115,s1,s2,2.2828212945581132,6,16.274324567056087,88.06192860061346,14308.120730797638,1,1
exp_098,116,s1,s2,0.43973197787708634,5,15.810263311454321,144.10096162669095,10234.27435808723,0,1
exp_098,117,s1,s2,3.062485880750752,3,14.06706195127027,142.56352820416373,12934.967581372095,1,1
exp_099,0,s1,s2,0.055393064472669666,0,3.6372374070761504,175.4112530140261,8284.182984817271,0,0
exp_099,1,s1,s2,0.053171519565508085,0,3.58777910292378,102.66118936832159,14313.620989354167,0,0
exp_099,2,s1,s2,0.43033941630093697,0,3.293395124438052,124.19493125654228,9164.00811767731,0,0
exp_099,3,s1,s2,0.1290227143206021,0,4.7468971711867525,77.21862859081341,12803.508243795677,0,0
exp_099,4,s1,s2,0.1852735106706613,0,2.2571890872827236,124.91005936127817,14362.778405139863,0,0
exp_099,5,s1,s2,0.02400225418078973,0,2.046373238276314,4.201567167938592,12124.131047855939,0,0
exp_099,6,s1,s2,0.12081030446027385,0,1.5914730038953713,88.28782098690894,11725.626296535418,0,0
exp_099,7,s1,s2,0.02395662546405861,0,4.130033839113478,56.76488430329026,10328.007473375454,0,0
exp_099,8,s1,s2,0.04451613806577732,0,3.6103708551734437,57.01199977542804,6587.430591469257,0,0
exp_099,9,s1,s2,0.032938989596461854,0,3.016678562511907,141.83426118380217,13540.846038824242,0,0
exp_099,10,s1,s2,0.14590545199254984,0,1.724990527560746,72.01946539488117,5999.107647255137,0,0
exp_099,11,s1,s2,0.32346963683354085,0,4.182285471749933,40.13995320699135,12302.982392251211,0,0
exp_099,12,s1,s2,0.022025153821876343,0,1.1798263178017758,50.23662604198342,14328.137496167461,0,0
exp_099,13,s1,s2,0.42704938696500616,0,3.7914552086901954,23.712369119207853,12452.194082658416,0,0
exp_099,14,s1,s2,0.021208195813351635,0,1.8890449658791706,142.78091420794914,6688.58899382865,0,0
exp_099,15,s1,s2,0.19016376408368144,0,1.1015637801727451,101.15903280623449,9046.96306714465,0,0
exp_099,16,s1,s2,0.0533021545193821,0,3.3958327671141086,113.81851669317511,9756.62819555302,0,0
exp_099,17,s1,s2,0.03899158962307221,0,3.4721759308642244,113.23783835890296,6140.850783649162,0,0
exp_099,18,s1,s2,0.15936227390724556,0,4.074553779633492,108.35600451080835,10141.049402366578,0,0
exp_099,19,s1,s2,0.19846826848512128,0,1.8634718720060957,108.71860285541116,5049.457709291744,0,0
exp_099,20,s1,s2,0.09676201787479205,0,1.6557865413669937,121.36432603239635,13506.315970589656,0,0
exp_099,21,s1,s2,0.20231387687960636,0,4.900844343247966,103.13036549990537,14044.668397672232,0,0
exp_099,22,s1,s2,0.060926213619957474,0,3.257205715914803,219.0784825894965,14832.521876004826,0,0
exp_099,23,s1,s2,0.05755940305538615,0,4.035376352550935,26.930884132951014,7806.957092086667,0,0
exp_099,24,s1,s2,0.19488829777948602,0,2.696835098087867,138.3763115703916,8583.697617621801,0,0
exp_099,25,s1,s2,0.009061017839532469,0,2.8496629561074114,95.7534285507976,12572.323978671755,0,0
exp_099,26,s1,s2,0.0198839998885641,0,1.8117357784585353,5.969010988184853,13985.786833066197,0,0
exp_099,27,s1,s2,0.03279636169840482,0,3.562765848552233,115.51356343167572,13567.005971172779,0,0
exp_099,28,s1,s2,0.022185576894407644,0,2.861649443454719,96.57999151847115,9832.906977552302,0,0
exp_099,29,s1,s2,0.051966348343728055,0,1.0313233601987362,205.86796501538532,12357.9936211593,0,0
exp_099,30,s1,s2,0.11081668744202311,0,2.4887207448427353,96.05071930834012,8438.034896453442,0,0
exp_099,31,s1,s2,0.03918311035508533,0,2.7354399690757387,72.25262156686722,14873.654234289357,0,0
exp_099,32,s1,s2,0.17217752411686874,0,3.4505775797441403,119.79459581233921,13650.510705237679,0,0
exp_099,33,s1,s2,0.03935695667536587,0,1.8448413097219254,37.231649670665114,13185.449737612566,0,0
exp_099,34,s1,s2,0.15960924249171937,0,3.847221328089171,27.98760553053128,11399.149445961633,0,0
exp_099,35,s1,s2,0.012034351003237895,0,3.3249106470900265,194.7037608542903,11109.053912079155,0,0
exp_099,36,s1,s2,0.059226238924203214,0,3.517461603222615,158.26250220002797,6929.279135180432,0,0
exp_099,37,s1,s2,0.13972554142497512,0,2.4433785372940053,100.15411727839601,8948.439763410383,0,0
exp_099,38,s1,s2,0.05137085468475743,0,2.3820085348175244,135.01128254504712,9525.35207920283,0,0
exp_099,39,s1,s2,0.0055942830889353715,0,2.851435646983197,150.4389414223014,13565.933486813254,0,0
exp_099,40,s1,s2,0.11308365794281719,0,4.166634958457111,50.59734392865028,9688.499181140412,0,0
exp_099,41,s1,s2,0.04173878340627078,0,4.132957268695781,134.6755570326869,11886.123824848682,0,0
exp_099,42,s1,s2,0.06214969410200009,0,3.776460933454055,69.89528028328904,8466.474115932582,0,0
exp_099,43,s1,s2,0.09492152666707201,0,3.3309325964101957,73.51118389506628,14529.12840411412,0,0
exp_099,44,s1,s2,0.059654383256275756,0,3.925225297113897,105.59986010587431,12952.982079046154,0,0
exp_099,45,s1,s2,0.32775663816841066,0,2.779428119291556,14.020824539206956,9556.431181634387,0,0
exp_099,46,s1,s2,0.0640748020325864,0,3.1662939373233043,146.1633630159195,10368.425491237465,0,0
exp_099,47,s1,s2,0.05387105299308851,0,4.3902392013691,109.08613694716448,9922.340984504921,0,0
exp_099,48,s1,s2,0.14962105487751698,0,1.7435171106606768,83.48422983370176,9146.626670931599,0,0
exp_099,49,s1,s2,0.12849807162783083,0,3.4196105854304295,127.16957137053375,8744.542823129248,0,0
exp_099,50,s1,s2,0.08654760528049436,0,4.385034569342759,52.74314289126055,9364.521990518004,0,0
exp_099,51,s1,s2,0.144747756384253,0,2.6405929108919493,138.5185293158621,8947.643732425104,0,0
exp_099,52,s1,s2,0.15641374622384666,0,2.7179299946380313,69.60601214601327,12744.67375576978,0,0
exp_099,53,s1,s2,0.3146961848921286,0,2.424848709251888,124.82904232508093,13350.192084273787,0,0
exp_099,54,s1,s2,0.06458343120987958,0,2.3064418351845393,137.65282847055607,8411.325779983676,0,0
exp_099,55,s1,s2,0.2319093505335883,0,2.745119408424003,124.36987607999768,5835.520956094258,0,0
exp_099,56,s1,s2,0.2645285850444123,0,2.3077830290681582,81.8148524113847,8481.140300042836,0,0
exp_099,57,s1,s2,0.03312843511710306,0,1.9653955249620885,53.13127663645956,9199.305258085007,0,0
exp_099,58,s1,s2,0.053583876333791504,0,3.8686541755851946,92.93202953900426,5602.36394329263,0,0
exp_099,59,s1,s2,0.28412110174972094,0,4.245809356174848,152.3276005935274,6578.520394967394,0,0
exp_099,60,s1,s2,0.0399173340060439,0,3.151781203081943,77.8007881360734,8398.491354599293,0,0
exp_099,61,s1,s2,0.08012971131746169,0,3.3367919178860923,179.49778390465627,5714.949571995178,0,0
exp_099,62,s1,s2,0.006362175566297913,0,2.6025326805756106,130.6775030466062,8622.107332727788,0,0
exp_099,63,s1,s2,0.024640756238141364,0,2.122125396348711,176.64198169774855,9563.25431976365,0,0
exp_099,64,s1,s2,0.11222816353671282,0,4.301330699137541,129.18735571397102,12488.203934323748,0,0
exp_099,65,s1,s2,0.057963012918167814,0,2.4201217059421847,67.72047308161363,12067.38172333891,0,0
exp_099,66,s1,s2,0.03028492304683831,0,2.0481983558947374,92.77272416607082,6222.5893318824765,0,0
exp_099,67,s1,s2,0.028761220183283184,0,2.7726894131653927,79.06937931874562,10681.926260143968,0,0
exp_099,68,s1,s2,0.13655853994997763,0,3.0892876223548833,79.26595185183398,8631.864506859902,0,0
exp_099,69,s1,s2,0.02570122993907903,0,2.9769757079334465,96.90380586710398,12896.78199844362,0,0
exp_099,70,s1,s2,0.07550713100607283,0,2.55164710531991,170.50437355283458,13432.542663038434,0,0
exp_099,71,s1,s2,0.016293595771290383,0,2.900411391998442,166.4001839585049,12460.036727392382,0,0
exp_099,72,s1,s2,0.027499244389651196,0,4.743570095148547,94.81593023386347,9837.552099577317,0,0
exp_099,73,s1,s2,0.061267773092759825,0,2.5685208881554558,119.84945872093724,9751.01685837109,0,0
exp_099,74,s1,s2,0.17280783443986644,0,2.5594220022270617,133.29725310576455,10781.685968662494,0,0
exp_099,75,s1,s2,0.000967596466627028,0,2.5161483711145123,181.83126522881093,13458.001019429843,0,0
exp_099,76,s1,s2,0.08108502245116955,0,3.373820216739352,156.01661636404108,12458.697034429224,0,0
exp_099,77,s1,s2,0.13782330773226667,0,3.464996860601751,23.752907417522295,13738.633182564146,0,0
exp_099,78,s1,s2,0.21109444413143486,0,1.4426796310522403,48.73184380957625,11539.675064011182,0,0
exp_099,79,s1,s2,0.15073071915227954,0,2.6692519499955893,172.93431508019574,11676.481614021437,0,0
exp_099,80,s1,s2,0.17168199366336817,0,3.717735745635137,129.75553520727607,10138.800338691173,0,0
exp_099,81,s1,s2,0.017170501675366986,0,3.545463881582995,98.44046384763197,8054.535384210534,0,0
exp_099,82,s1,s2,0.05434709328221793,0,2.186989820894589,146.27849787852315,7673.273734436557,0,0
exp_099,83,s1,s2,0.08732870105495838,0,3.755065045753986,34.549190656361176,14088.516178974136,0,0
exp_099,84,s1,s2,0.05185793409952608,0,2.6755791859490943,30.460379328569864,14901.139542096556,0,0
exp_099,85,s1,s2,0.013752896380154957,0,0.38604010665702626,52.71275956319458,13099.944682912119,0,0
exp_099,86,s1,s2,0.01768394438744579,0,2.3996857854617453,74.23591351280943,6666.298606871631,0,0
exp_099,87,s1,s2,0.029811903924112027,0,4.851747609307696,112.62925733596376,8803.09131897791,0,0
exp_099,88,s1,s2,0.05910046337074276,0,3.1254453260306643,172.7233051318508,10897.777292216391,0,0
exp_099,89,s1,s2,0.07297563197006222,0,2.423078291328919,126.40412754365835,14812.518455818505,0,0
exp_099,90,s1,s2,0.21155106161851528,0,1.4995312769826448,11.871481349316749,13489.93862134855,0,0
exp_099,91,s1,s2,0.05898050364437914,0,4.682907123645771,102.79257054861436,8879.898552257016,0,0
exp_099,92,s1,s2,0.060517094561284436,0,2.3970176893416553,97.25669160503051,8070.131856667787,0,0
exp_099,93,s1,s2,0.057490924864169915,0,2.9890408494531946,81.94105559127722,6468.351114192456,0,0
exp_100,0,s1,s2,0.0556873747184399,0,3.0368401131444043,62.536262758813656,10288.39051497057,0,0
exp_100,1,s1,s2,0.005866081742421111,0,0.41488914020022305,187.5488943208242,14404.601935563911,0,0
exp_100,2,s1,s2,0.04190159816677261,0,3.637155946934535,112.60091511135614,8547.679566650579,0,0
exp_100,3,s1,s2,0.03769608934724297,0,1.5105378266040586,154.7445254872164,9024.183754765112,0,0
exp_100,4,s1,s2,0.03189891180995907,0,4.306628093759473,43.517242939272805,14223.751864261847,0,0
exp_100,5,s1,s2,0.08749460157149835,0,2.941207661581746,107.78402857568781,12010.068094032675,0,0
exp_100,6,s1,s2,0.08209405881266485,0,2.065716721246784,78.04189603321139,8669.202241054469,0,0
exp_100,7,s1,s2,0.2628267747209616,0,2.43911215759685,151.55025717325847,10476.7535201082,0,0
exp_100,8,s1,s2,0.052081144774349435,0,4.5880352766620724,89.73711810505449,10430.062009508603,0,0
exp_100,9,s1,s2,0.019972548648290393,0,3.481608573199557,17.961288328864878,11928.195599291996,0,0
exp_100,10,s1,s2,0.07095213635539677,0,4.262554001487365,126.22397668542625,10453.919162080618,0,0
exp_100,11,s1,s2,0.37806198156096404,0,3.1507646863583885,95.25041393972356,7476.597947973578,0,0
exp_100,12,s1,s2,0.07585278192375439,0,0.8350850269023056,62.45258533617991,14627.346686008243,0,0
exp_100,13,s1,s2,0.03178685485619865,0,4.032249769716003,129.68221797696418,6970.068456093681,0,0
exp_100,14,s1,s2,0.3617598454862248,0,3.846167871416366,104.76074320905519,11638.810596638406,0,0
exp_100,15,s1,s2,0.10481858946439229,0,4.194731336717055,65.91096488697936,5297.863171998777,0,0
exp_100,16,s1,s2,0.08115264787149584,0,4.4750828328711,156.13731298619015,13511.28424291062,0,0
exp_100,17,s1,s2,0.1320628258175903,0,3.2917879234464573,53.353433974682595,14781.707303929708,0,0
exp_100,18,s1,s2,0.02409459413509721,0,4.07216867608296,200.8841554055714,8916.460457948104,0,0
exp_100,19,s1,s2,0.30930228537023396,0,2.273038918406433,87.1540356462438,14625.429837941307,0,0
exp_100,20,s1,s2,0.13064493596920776,0,1.7252954520806452,54.250456281160325,14280.266646100597,0,0
exp_100,21,s1,s2,0.031958558837262244,0,1.5244837032866299,109.61721224850328,14952.146139151824,0,0
exp_100,22,s1,s2,0.14675416678755646,0,4.582532903542039,121.77034216174731,14163.679666008213,0,0
exp_100,23,s1,s2,0.33001996183394616,0,3.4953299712379797,120.29325953378768,8977.93924586397,0,0
exp_100,24,s1,s2,0.049728931302477325,0,3.598104595428933,135.51151586645986,14009.817036210643,0,0
exp_100,25,s1,s2,0.01427274835366637,0,4.044808304308357,167.51287361805217,12985.198403535334,0,0
exp_100,26,s1,s2,0.002485882093138752,0,2.483500587045728,148.54120746190327,11871.221310200719,0,0
exp_100,27,s1,s2,0.095857100680665,0,4.6031249953099955,80.51649644184924,14612.189304155105,0,0
exp_100,28,s1,s2,0.03907858474607993,0,2.172862744457481,155.3993584350689,13456.531403160823,0,0
exp_100,29,s1,s2,0.05749609655502626,0,4.512885620520393,85.88440169474072,9961.696994770795,0,0
exp_100,30,s1,s2,0.031012486231159254,0,4.3371831639566825,166.20582756815003,13833.590660870645,0,0
exp_100,31,s1,s2,0.020318408049974937,0,2.847428466044533,70.31719551749453,10649.051805084682,0,0
exp_100,32,s1,s2,0.03364657062895094,0,2.5164456703816,110.73636438978141,12907.094710834774,0,0
exp_100,33,s1,s2,0.1266153288970084,0,2.311835703540338,51.16419642826843,13070.020448385405,0,0
exp_100,34,s1,s2,0.14842946653461384,0,2.4364439405982075,149.73775010438555,14695.71183473328,0,0
exp_100,35,s1,s2,0.12564535732155727,0,2.96194701946605,62.844604788352385,11645.470454726024,0,0
exp_100,36,s1,s2,0.018470462486285952,0,3.240210326913028,118.9897167589163,5814.31767733169,0,0
exp_100,37,s1,s2,0.2444126863150872,0,1.8940017104691327,-11.2621583093256,12831.081604266896,0,0
exp_100,38,s1,s2,0.10328180408484373,0,1.3807964578220142,78.95920668153093,10168.957319698246,0,0
exp_100,39,s1,s2,0.08655494898679149,0,4.307644000110978,181.48086963323078,11173.034963029922,0,0
exp_100,40,s1,s2,0.0645762947029949,0,1.2619963005450672,125.44482620407284,6583.7491528443925,0,0
exp_100,41,s1,s2,0.0933782031271484,0,2.2579958727699943,69.33118374746965,8741.131314412909,0,0
exp_100,42,s1,s2,0.04640832895379361,0,2.6789048922552965,75.73426049751492,5045.691696192844,0,0
